id,name,category,base_system,constraint,archetype,structurally_distinct,why_distinct,what_the_constraint_changes,components,nodes,edges
"news-site","News site","Web & API","News site","base","readheavy","no","One story can be 90% of the day’s traffic with no warning.","The straightforward shape, sized for steady load.","7","client:Client,cdn:CDN,lb:Load balancer,app:App,cache:Cache,sql:Primary DB,search:Search","client>cdn>lb>app,app>cache,app>sql,app>search"
"news-site-readheavy","News site — read-heavy","Web & API","News site","read-heavy","readheavy","no","One story can be 90% of the day’s traffic with no warning.","Reads dominate 50:1; the design lives or dies on hit rate.","8","client:Client,cdn:CDN,lb:Load balancer,app:App,cache:Cache,sql:Primary DB,search:Search,cache:Edge cache","client>cdn>lb>app,app>cache,app>sql,app>search"
"news-site-bursty","News site — burst-tolerant","Web & API","News site","burst-tolerant","readheavy","no","One story can be 90% of the day’s traffic with no warning.","Load arrives in spikes 20× the mean; steady-state sizing is a trap.","9","client:Client,cdn:CDN,lb:Load balancer,app:App,cache:Cache,sql:Primary DB,search:Search,queue:Surge queue,ratelimiter:Rate limiter","client>cdn>lb>app,app>cache,app>sql,app>search"
"news-site-multiregion","News site — multi-region active-active","Web & API","News site","multi-region active-active","readheavy","no","One story can be 90% of the day’s traffic with no warning.","Two live regions; replication lag becomes a correctness question.","9","client:Client,cdn:CDN,lb:Load balancer,app:App,cache:Cache,sql:Primary DB,search:Search,gslb:Global LB,cdc:Replicator","client>cdn>lb>app,app>cache,app>sql,app>search"
"docs-portal","Documentation portal","Web & API","Documentation portal","base","readheavy","no","Almost entirely cacheable, which makes the search box the only real backend.","The straightforward shape, sized for steady load.","7","client:Client,cdn:CDN,lb:Load balancer,app:App,cache:Cache,sql:Primary DB,search:Search","client>cdn>lb>app,app>cache,app>sql,app>search"
"docs-portal-readheavy","Documentation portal — read-heavy","Web & API","Documentation portal","read-heavy","readheavy","no","Almost entirely cacheable, which makes the search box the only real backend.","Reads dominate 50:1; the design lives or dies on hit rate.","8","client:Client,cdn:CDN,lb:Load balancer,app:App,cache:Cache,sql:Primary DB,search:Search,cache:Edge cache","client>cdn>lb>app,app>cache,app>sql,app>search"
"docs-portal-bursty","Documentation portal — burst-tolerant","Web & API","Documentation portal","burst-tolerant","readheavy","no","Almost entirely cacheable, which makes the search box the only real backend.","Load arrives in spikes 20× the mean; steady-state sizing is a trap.","9","client:Client,cdn:CDN,lb:Load balancer,app:App,cache:Cache,sql:Primary DB,search:Search,queue:Surge queue,ratelimiter:Rate limiter","client>cdn>lb>app,app>cache,app>sql,app>search"
"docs-portal-multiregion","Documentation portal — multi-region active-active","Web & API","Documentation portal","multi-region active-active","readheavy","no","Almost entirely cacheable, which makes the search box the only real backend.","Two live regions; replication lag becomes a correctness question.","9","client:Client,cdn:CDN,lb:Load balancer,app:App,cache:Cache,sql:Primary DB,search:Search,gslb:Global LB,cdc:Replicator","client>cdn>lb>app,app>cache,app>sql,app>search"
"saas-dashboard","SaaS dashboard","Web & API","SaaS dashboard","base","fanout","no","Every screen is a dozen small queries the user perceives as one.","The straightforward shape, sized for steady load.","9","client:Client,cdn:CDN,gateway:API gateway,bff:BFF,micro:Service A,micro:Service B,micro:Service C,cache:Cache,sql:DB","client>cdn>gateway>bff,bff>micro,bff>micro,bff>micro,micro>cache,micro>sql"
"saas-dashboard-readheavy","SaaS dashboard — read-heavy","Web & API","SaaS dashboard","read-heavy","fanout","no","Every screen is a dozen small queries the user perceives as one.","Reads dominate 50:1; the design lives or dies on hit rate.","10","client:Client,cdn:CDN,gateway:API gateway,bff:BFF,micro:Service A,micro:Service B,micro:Service C,cache:Cache,sql:DB,cache:Edge cache","client>cdn>gateway>bff,bff>micro,bff>micro,bff>micro,micro>cache,micro>sql"
"saas-dashboard-bursty","SaaS dashboard — burst-tolerant","Web & API","SaaS dashboard","burst-tolerant","fanout","no","Every screen is a dozen small queries the user perceives as one.","Load arrives in spikes 20× the mean; steady-state sizing is a trap.","11","client:Client,cdn:CDN,gateway:API gateway,bff:BFF,micro:Service A,micro:Service B,micro:Service C,cache:Cache,sql:DB,queue:Surge queue,ratelimiter:Rate limiter","client>cdn>gateway>bff,bff>micro,bff>micro,bff>micro,micro>cache,micro>sql"
"saas-dashboard-multiregion","SaaS dashboard — multi-region active-active","Web & API","SaaS dashboard","multi-region active-active","fanout","no","Every screen is a dozen small queries the user perceives as one.","Two live regions; replication lag becomes a correctness question.","11","client:Client,cdn:CDN,gateway:API gateway,bff:BFF,micro:Service A,micro:Service B,micro:Service C,cache:Cache,sql:DB,gslb:Global LB,cdc:Replicator","client>cdn>gateway>bff,bff>micro,bff>micro,bff>micro,micro>cache,micro>sql"
"public-api","Public REST API","Web & API","Public REST API","base","fanout","no","Third parties retry badly, so the rate limiter is load-bearing.","The straightforward shape, sized for steady load.","9","client:Client,cdn:CDN,gateway:API gateway,bff:BFF,micro:Service A,micro:Service B,micro:Service C,cache:Cache,sql:DB","client>cdn>gateway>bff,bff>micro,bff>micro,bff>micro,micro>cache,micro>sql"
"public-api-readheavy","Public REST API — read-heavy","Web & API","Public REST API","read-heavy","fanout","no","Third parties retry badly, so the rate limiter is load-bearing.","Reads dominate 50:1; the design lives or dies on hit rate.","10","client:Client,cdn:CDN,gateway:API gateway,bff:BFF,micro:Service A,micro:Service B,micro:Service C,cache:Cache,sql:DB,cache:Edge cache","client>cdn>gateway>bff,bff>micro,bff>micro,bff>micro,micro>cache,micro>sql"
"public-api-bursty","Public REST API — burst-tolerant","Web & API","Public REST API","burst-tolerant","fanout","no","Third parties retry badly, so the rate limiter is load-bearing.","Load arrives in spikes 20× the mean; steady-state sizing is a trap.","11","client:Client,cdn:CDN,gateway:API gateway,bff:BFF,micro:Service A,micro:Service B,micro:Service C,cache:Cache,sql:DB,queue:Surge queue,ratelimiter:Rate limiter","client>cdn>gateway>bff,bff>micro,bff>micro,bff>micro,micro>cache,micro>sql"
"public-api-multiregion","Public REST API — multi-region active-active","Web & API","Public REST API","multi-region active-active","fanout","no","Third parties retry badly, so the rate limiter is load-bearing.","Two live regions; replication lag becomes a correctness question.","11","client:Client,cdn:CDN,gateway:API gateway,bff:BFF,micro:Service A,micro:Service B,micro:Service C,cache:Cache,sql:DB,gslb:Global LB,cdc:Replicator","client>cdn>gateway>bff,bff>micro,bff>micro,bff>micro,micro>cache,micro>sql"
"graphql-gateway","GraphQL gateway","Web & API","GraphQL gateway","base","fanout","no","The client decides the fan-out, so capacity planning has no fixed shape.","The straightforward shape, sized for steady load.","9","client:Client,cdn:CDN,gateway:API gateway,bff:BFF,micro:Service A,micro:Service B,micro:Service C,cache:Cache,sql:DB","client>cdn>gateway>bff,bff>micro,bff>micro,bff>micro,micro>cache,micro>sql"
"graphql-gateway-readheavy","GraphQL gateway — read-heavy","Web & API","GraphQL gateway","read-heavy","fanout","no","The client decides the fan-out, so capacity planning has no fixed shape.","Reads dominate 50:1; the design lives or dies on hit rate.","10","client:Client,cdn:CDN,gateway:API gateway,bff:BFF,micro:Service A,micro:Service B,micro:Service C,cache:Cache,sql:DB,cache:Edge cache","client>cdn>gateway>bff,bff>micro,bff>micro,bff>micro,micro>cache,micro>sql"
"graphql-gateway-bursty","GraphQL gateway — burst-tolerant","Web & API","GraphQL gateway","burst-tolerant","fanout","no","The client decides the fan-out, so capacity planning has no fixed shape.","Load arrives in spikes 20× the mean; steady-state sizing is a trap.","11","client:Client,cdn:CDN,gateway:API gateway,bff:BFF,micro:Service A,micro:Service B,micro:Service C,cache:Cache,sql:DB,queue:Surge queue,ratelimiter:Rate limiter","client>cdn>gateway>bff,bff>micro,bff>micro,bff>micro,micro>cache,micro>sql"
"graphql-gateway-multiregion","GraphQL gateway — multi-region active-active","Web & API","GraphQL gateway","multi-region active-active","fanout","no","The client decides the fan-out, so capacity planning has no fixed shape.","Two live regions; replication lag becomes a correctness question.","11","client:Client,cdn:CDN,gateway:API gateway,bff:BFF,micro:Service A,micro:Service B,micro:Service C,cache:Cache,sql:DB,gslb:Global LB,cdc:Replicator","client>cdn>gateway>bff,bff>micro,bff>micro,bff>micro,micro>cache,micro>sql"
"url-shortener","URL shortener","Web & API","URL shortener","base","readheavy","no","A trivial read path at enormous volume; the write path is a rounding error.","The straightforward shape, sized for steady load.","7","client:Client,cdn:CDN,lb:Load balancer,app:App,cache:Cache,sql:Primary DB,search:Search","client>cdn>lb>app,app>cache,app>sql,app>search"
"url-shortener-readheavy","URL shortener — read-heavy","Web & API","URL shortener","read-heavy","readheavy","no","A trivial read path at enormous volume; the write path is a rounding error.","Reads dominate 50:1; the design lives or dies on hit rate.","8","client:Client,cdn:CDN,lb:Load balancer,app:App,cache:Cache,sql:Primary DB,search:Search,cache:Edge cache","client>cdn>lb>app,app>cache,app>sql,app>search"
"url-shortener-bursty","URL shortener — burst-tolerant","Web & API","URL shortener","burst-tolerant","readheavy","no","A trivial read path at enormous volume; the write path is a rounding error.","Load arrives in spikes 20× the mean; steady-state sizing is a trap.","9","client:Client,cdn:CDN,lb:Load balancer,app:App,cache:Cache,sql:Primary DB,search:Search,queue:Surge queue,ratelimiter:Rate limiter","client>cdn>lb>app,app>cache,app>sql,app>search"
"url-shortener-multiregion","URL shortener — multi-region active-active","Web & API","URL shortener","multi-region active-active","readheavy","no","A trivial read path at enormous volume; the write path is a rounding error.","Two live regions; replication lag becomes a correctness question.","9","client:Client,cdn:CDN,lb:Load balancer,app:App,cache:Cache,sql:Primary DB,search:Search,gslb:Global LB,cdc:Replicator","client>cdn>lb>app,app>cache,app>sql,app>search"
"auth-service","Authentication service","Web & API","Authentication service","base","txn","no","Password hashing is deliberately slow and every sign-in pays for it.","The straightforward shape, sized for steady load.","8","client:Client,waf:WAF,gateway:API gateway,app:Transaction API,ledger:Ledger,sql:Records DB,queue:Settlement queue,worker:Settler","client>waf>gateway>app,app>ledger,app>sql,app>queue>worker"
"auth-service-readheavy","Authentication service — read-heavy","Web & API","Authentication service","read-heavy","txn","no","Password hashing is deliberately slow and every sign-in pays for it.","Reads dominate 50:1; the design lives or dies on hit rate.","9","client:Client,waf:WAF,gateway:API gateway,app:Transaction API,ledger:Ledger,sql:Records DB,queue:Settlement queue,worker:Settler,cache:Edge cache","client>waf>gateway>app,app>ledger,app>sql,app>queue>worker"
"auth-service-bursty","Authentication service — burst-tolerant","Web & API","Authentication service","burst-tolerant","txn","no","Password hashing is deliberately slow and every sign-in pays for it.","Load arrives in spikes 20× the mean; steady-state sizing is a trap.","10","client:Client,waf:WAF,gateway:API gateway,app:Transaction API,ledger:Ledger,sql:Records DB,queue:Settlement queue,worker:Settler,queue:Surge queue,ratelimiter:Rate limiter","client>waf>gateway>app,app>ledger,app>sql,app>queue>worker"
"auth-service-multiregion","Authentication service — multi-region active-active","Web & API","Authentication service","multi-region active-active","txn","no","Password hashing is deliberately slow and every sign-in pays for it.","Two live regions; replication lag becomes a correctness question.","10","client:Client,waf:WAF,gateway:API gateway,app:Transaction API,ledger:Ledger,sql:Records DB,queue:Settlement queue,worker:Settler,gslb:Global LB,cdc:Replicator","client>waf>gateway>app,app>ledger,app>sql,app>queue>worker"
"session-store","Session service","Web & API","Session service","base","readheavy","no","Read on every request; an outage here is an outage everywhere.","The straightforward shape, sized for steady load.","7","client:Client,cdn:CDN,lb:Load balancer,app:App,cache:Cache,sql:Primary DB,search:Search","client>cdn>lb>app,app>cache,app>sql,app>search"
"session-store-readheavy","Session service — read-heavy","Web & API","Session service","read-heavy","readheavy","no","Read on every request; an outage here is an outage everywhere.","Reads dominate 50:1; the design lives or dies on hit rate.","8","client:Client,cdn:CDN,lb:Load balancer,app:App,cache:Cache,sql:Primary DB,search:Search,cache:Edge cache","client>cdn>lb>app,app>cache,app>sql,app>search"
"session-store-bursty","Session service — burst-tolerant","Web & API","Session service","burst-tolerant","readheavy","no","Read on every request; an outage here is an outage everywhere.","Load arrives in spikes 20× the mean; steady-state sizing is a trap.","9","client:Client,cdn:CDN,lb:Load balancer,app:App,cache:Cache,sql:Primary DB,search:Search,queue:Surge queue,ratelimiter:Rate limiter","client>cdn>lb>app,app>cache,app>sql,app>search"
"session-store-multiregion","Session service — multi-region active-active","Web & API","Session service","multi-region active-active","readheavy","no","Read on every request; an outage here is an outage everywhere.","Two live regions; replication lag becomes a correctness question.","9","client:Client,cdn:CDN,lb:Load balancer,app:App,cache:Cache,sql:Primary DB,search:Search,gslb:Global LB,cdc:Replicator","client>cdn>lb>app,app>cache,app>sql,app>search"
"feature-flags","Feature flag service","Web & API","Feature flag service","base","readheavy","no","Evaluated thousands of times per request path and must never be the cause.","The straightforward shape, sized for steady load.","7","client:Client,cdn:CDN,lb:Load balancer,app:App,cache:Cache,sql:Primary DB,search:Search","client>cdn>lb>app,app>cache,app>sql,app>search"
"feature-flags-readheavy","Feature flag service — read-heavy","Web & API","Feature flag service","read-heavy","readheavy","no","Evaluated thousands of times per request path and must never be the cause.","Reads dominate 50:1; the design lives or dies on hit rate.","8","client:Client,cdn:CDN,lb:Load balancer,app:App,cache:Cache,sql:Primary DB,search:Search,cache:Edge cache","client>cdn>lb>app,app>cache,app>sql,app>search"
"feature-flags-bursty","Feature flag service — burst-tolerant","Web & API","Feature flag service","burst-tolerant","readheavy","no","Evaluated thousands of times per request path and must never be the cause.","Load arrives in spikes 20× the mean; steady-state sizing is a trap.","9","client:Client,cdn:CDN,lb:Load balancer,app:App,cache:Cache,sql:Primary DB,search:Search,queue:Surge queue,ratelimiter:Rate limiter","client>cdn>lb>app,app>cache,app>sql,app>search"
"feature-flags-multiregion","Feature flag service — multi-region active-active","Web & API","Feature flag service","multi-region active-active","readheavy","no","Evaluated thousands of times per request path and must never be the cause.","Two live regions; replication lag becomes a correctness question.","9","client:Client,cdn:CDN,lb:Load balancer,app:App,cache:Cache,sql:Primary DB,search:Search,gslb:Global LB,cdc:Replicator","client>cdn>lb>app,app>cache,app>sql,app>search"
"webhook-fanout","Webhook delivery","Web & API","Webhook delivery","base","writeheavy","no","Subscribers fail slowly, so retries queue behind the worst of them.","The straightforward shape, sized for steady load.","8","client:Client,lb:Load balancer,gateway:API gateway,app:Write API,queue:Ingest queue,worker:Writer,sql:Primary DB,cache:Read cache","client>lb>gateway>app,app>queue>worker>sql,app>cache"
"webhook-fanout-readheavy","Webhook delivery — read-heavy","Web & API","Webhook delivery","read-heavy","writeheavy","no","Subscribers fail slowly, so retries queue behind the worst of them.","Reads dominate 50:1; the design lives or dies on hit rate.","9","client:Client,lb:Load balancer,gateway:API gateway,app:Write API,queue:Ingest queue,worker:Writer,sql:Primary DB,cache:Read cache,cache:Edge cache","client>lb>gateway>app,app>queue>worker>sql,app>cache"
"webhook-fanout-bursty","Webhook delivery — burst-tolerant","Web & API","Webhook delivery","burst-tolerant","writeheavy","no","Subscribers fail slowly, so retries queue behind the worst of them.","Load arrives in spikes 20× the mean; steady-state sizing is a trap.","10","client:Client,lb:Load balancer,gateway:API gateway,app:Write API,queue:Ingest queue,worker:Writer,sql:Primary DB,cache:Read cache,queue:Surge queue,ratelimiter:Rate limiter","client>lb>gateway>app,app>queue>worker>sql,app>cache"
"webhook-fanout-multiregion","Webhook delivery — multi-region active-active","Web & API","Webhook delivery","multi-region active-active","writeheavy","no","Subscribers fail slowly, so retries queue behind the worst of them.","Two live regions; replication lag becomes a correctness question.","10","client:Client,lb:Load balancer,gateway:API gateway,app:Write API,queue:Ingest queue,worker:Writer,sql:Primary DB,cache:Read cache,gslb:Global LB,cdc:Replicator","client>lb>gateway>app,app>queue>worker>sql,app>cache"
"form-backend","Form and survey backend","Web & API","Form and survey backend","base","writeheavy","no","Bursts follow campaigns, not clocks.","The straightforward shape, sized for steady load.","8","client:Client,lb:Load balancer,gateway:API gateway,app:Write API,queue:Ingest queue,worker:Writer,sql:Primary DB,cache:Read cache","client>lb>gateway>app,app>queue>worker>sql,app>cache"
"form-backend-readheavy","Form and survey backend — read-heavy","Web & API","Form and survey backend","read-heavy","writeheavy","no","Bursts follow campaigns, not clocks.","Reads dominate 50:1; the design lives or dies on hit rate.","9","client:Client,lb:Load balancer,gateway:API gateway,app:Write API,queue:Ingest queue,worker:Writer,sql:Primary DB,cache:Read cache,cache:Edge cache","client>lb>gateway>app,app>queue>worker>sql,app>cache"
"form-backend-bursty","Form and survey backend — burst-tolerant","Web & API","Form and survey backend","burst-tolerant","writeheavy","no","Bursts follow campaigns, not clocks.","Load arrives in spikes 20× the mean; steady-state sizing is a trap.","10","client:Client,lb:Load balancer,gateway:API gateway,app:Write API,queue:Ingest queue,worker:Writer,sql:Primary DB,cache:Read cache,queue:Surge queue,ratelimiter:Rate limiter","client>lb>gateway>app,app>queue>worker>sql,app>cache"
"form-backend-multiregion","Form and survey backend — multi-region active-active","Web & API","Form and survey backend","multi-region active-active","writeheavy","no","Bursts follow campaigns, not clocks.","Two live regions; replication lag becomes a correctness question.","10","client:Client,lb:Load balancer,gateway:API gateway,app:Write API,queue:Ingest queue,worker:Writer,sql:Primary DB,cache:Read cache,gslb:Global LB,cdc:Replicator","client>lb>gateway>app,app>queue>worker>sql,app>cache"
"cms","Headless CMS","Web & API","Headless CMS","base","readheavy","no","Publishing invalidates everything at once.","The straightforward shape, sized for steady load.","7","client:Client,cdn:CDN,lb:Load balancer,app:App,cache:Cache,sql:Primary DB,search:Search","client>cdn>lb>app,app>cache,app>sql,app>search"
"cms-readheavy","Headless CMS — read-heavy","Web & API","Headless CMS","read-heavy","readheavy","no","Publishing invalidates everything at once.","Reads dominate 50:1; the design lives or dies on hit rate.","8","client:Client,cdn:CDN,lb:Load balancer,app:App,cache:Cache,sql:Primary DB,search:Search,cache:Edge cache","client>cdn>lb>app,app>cache,app>sql,app>search"
"cms-bursty","Headless CMS — burst-tolerant","Web & API","Headless CMS","burst-tolerant","readheavy","no","Publishing invalidates everything at once.","Load arrives in spikes 20× the mean; steady-state sizing is a trap.","9","client:Client,cdn:CDN,lb:Load balancer,app:App,cache:Cache,sql:Primary DB,search:Search,queue:Surge queue,ratelimiter:Rate limiter","client>cdn>lb>app,app>cache,app>sql,app>search"
"cms-multiregion","Headless CMS — multi-region active-active","Web & API","Headless CMS","multi-region active-active","readheavy","no","Publishing invalidates everything at once.","Two live regions; replication lag becomes a correctness question.","9","client:Client,cdn:CDN,lb:Load balancer,app:App,cache:Cache,sql:Primary DB,search:Search,gslb:Global LB,cdc:Replicator","client>cdn>lb>app,app>cache,app>sql,app>search"
"ecom-storefront","Storefront","Web & API","Storefront","base","readheavy","no","Browsing is cacheable, the basket is not, and they share a session.","The straightforward shape, sized for steady load.","7","client:Client,cdn:CDN,lb:Load balancer,app:App,cache:Cache,sql:Primary DB,search:Search","client>cdn>lb>app,app>cache,app>sql,app>search"
"ecom-storefront-readheavy","Storefront — read-heavy","Web & API","Storefront","read-heavy","readheavy","no","Browsing is cacheable, the basket is not, and they share a session.","Reads dominate 50:1; the design lives or dies on hit rate.","8","client:Client,cdn:CDN,lb:Load balancer,app:App,cache:Cache,sql:Primary DB,search:Search,cache:Edge cache","client>cdn>lb>app,app>cache,app>sql,app>search"
"ecom-storefront-bursty","Storefront — burst-tolerant","Web & API","Storefront","burst-tolerant","readheavy","no","Browsing is cacheable, the basket is not, and they share a session.","Load arrives in spikes 20× the mean; steady-state sizing is a trap.","9","client:Client,cdn:CDN,lb:Load balancer,app:App,cache:Cache,sql:Primary DB,search:Search,queue:Surge queue,ratelimiter:Rate limiter","client>cdn>lb>app,app>cache,app>sql,app>search"
"ecom-storefront-multiregion","Storefront — multi-region active-active","Web & API","Storefront","multi-region active-active","readheavy","no","Browsing is cacheable, the basket is not, and they share a session.","Two live regions; replication lag becomes a correctness question.","9","client:Client,cdn:CDN,lb:Load balancer,app:App,cache:Cache,sql:Primary DB,search:Search,gslb:Global LB,cdc:Replicator","client>cdn>lb>app,app>cache,app>sql,app>search"
"status-page","Status page","Web & API","Status page","base","readheavy","no","Traffic peaks exactly when your other systems are down.","The straightforward shape, sized for steady load.","7","client:Client,cdn:CDN,lb:Load balancer,app:App,cache:Cache,sql:Primary DB,search:Search","client>cdn>lb>app,app>cache,app>sql,app>search"
"status-page-readheavy","Status page — read-heavy","Web & API","Status page","read-heavy","readheavy","no","Traffic peaks exactly when your other systems are down.","Reads dominate 50:1; the design lives or dies on hit rate.","8","client:Client,cdn:CDN,lb:Load balancer,app:App,cache:Cache,sql:Primary DB,search:Search,cache:Edge cache","client>cdn>lb>app,app>cache,app>sql,app>search"
"status-page-bursty","Status page — burst-tolerant","Web & API","Status page","burst-tolerant","readheavy","no","Traffic peaks exactly when your other systems are down.","Load arrives in spikes 20× the mean; steady-state sizing is a trap.","9","client:Client,cdn:CDN,lb:Load balancer,app:App,cache:Cache,sql:Primary DB,search:Search,queue:Surge queue,ratelimiter:Rate limiter","client>cdn>lb>app,app>cache,app>sql,app>search"
"status-page-multiregion","Status page — multi-region active-active","Web & API","Status page","multi-region active-active","readheavy","no","Traffic peaks exactly when your other systems are down.","Two live regions; replication lag becomes a correctness question.","9","client:Client,cdn:CDN,lb:Load balancer,app:App,cache:Cache,sql:Primary DB,search:Search,gslb:Global LB,cdc:Replicator","client>cdn>lb>app,app>cache,app>sql,app>search"
"job-board","Job board","Web & API","Job board","base","search","no","Search relevance and index freshness are two SLOs pulling apart.","The straightforward shape, sized for steady load.","8","client:Client,cdn:CDN,gateway:API gateway,app:Query API,search:Index,cache:Cache,cdc:Indexer,sql:Source DB","client>cdn>gateway>app,app>search,app>cache,sql>cdc>search"
"job-board-readheavy","Job board — read-heavy","Web & API","Job board","read-heavy","search","no","Search relevance and index freshness are two SLOs pulling apart.","Reads dominate 50:1; the design lives or dies on hit rate.","9","client:Client,cdn:CDN,gateway:API gateway,app:Query API,search:Index,cache:Cache,cdc:Indexer,sql:Source DB,cache:Edge cache","client>cdn>gateway>app,app>search,app>cache,sql>cdc>search"
"job-board-bursty","Job board — burst-tolerant","Web & API","Job board","burst-tolerant","search","no","Search relevance and index freshness are two SLOs pulling apart.","Load arrives in spikes 20× the mean; steady-state sizing is a trap.","10","client:Client,cdn:CDN,gateway:API gateway,app:Query API,search:Index,cache:Cache,cdc:Indexer,sql:Source DB,queue:Surge queue,ratelimiter:Rate limiter","client>cdn>gateway>app,app>search,app>cache,sql>cdc>search"
"job-board-multiregion","Job board — multi-region active-active","Web & API","Job board","multi-region active-active","search","no","Search relevance and index freshness are two SLOs pulling apart.","Two live regions; replication lag becomes a correctness question.","10","client:Client,cdn:CDN,gateway:API gateway,app:Query API,search:Index,cache:Cache,cdc:Indexer,sql:Source DB,gslb:Global LB,cdc:Replicator","client>cdn>gateway>app,app>search,app>cache,sql>cdc>search"
"booking-engine","Booking engine","Web & API","Booking engine","base","txn","no","Inventory cannot be oversold, so the hot row is a real contention point.","The straightforward shape, sized for steady load.","8","client:Client,waf:WAF,gateway:API gateway,app:Transaction API,ledger:Ledger,sql:Records DB,queue:Settlement queue,worker:Settler","client>waf>gateway>app,app>ledger,app>sql,app>queue>worker"
"booking-engine-readheavy","Booking engine — read-heavy","Web & API","Booking engine","read-heavy","txn","no","Inventory cannot be oversold, so the hot row is a real contention point.","Reads dominate 50:1; the design lives or dies on hit rate.","9","client:Client,waf:WAF,gateway:API gateway,app:Transaction API,ledger:Ledger,sql:Records DB,queue:Settlement queue,worker:Settler,cache:Edge cache","client>waf>gateway>app,app>ledger,app>sql,app>queue>worker"
"booking-engine-bursty","Booking engine — burst-tolerant","Web & API","Booking engine","burst-tolerant","txn","no","Inventory cannot be oversold, so the hot row is a real contention point.","Load arrives in spikes 20× the mean; steady-state sizing is a trap.","10","client:Client,waf:WAF,gateway:API gateway,app:Transaction API,ledger:Ledger,sql:Records DB,queue:Settlement queue,worker:Settler,queue:Surge queue,ratelimiter:Rate limiter","client>waf>gateway>app,app>ledger,app>sql,app>queue>worker"
"booking-engine-multiregion","Booking engine — multi-region active-active","Web & API","Booking engine","multi-region active-active","txn","no","Inventory cannot be oversold, so the hot row is a real contention point.","Two live regions; replication lag becomes a correctness question.","10","client:Client,waf:WAF,gateway:API gateway,app:Transaction API,ledger:Ledger,sql:Records DB,queue:Settlement queue,worker:Settler,gslb:Global LB,cdc:Replicator","client>waf>gateway>app,app>ledger,app>sql,app>queue>worker"
"tenant-saas","Multi-tenant B2B SaaS","Web & API","Multi-tenant B2B SaaS","base","fanout","no","One large tenant can starve a hundred small ones.","The straightforward shape, sized for steady load.","9","client:Client,cdn:CDN,gateway:API gateway,bff:BFF,micro:Service A,micro:Service B,micro:Service C,cache:Cache,sql:DB","client>cdn>gateway>bff,bff>micro,bff>micro,bff>micro,micro>cache,micro>sql"
"tenant-saas-readheavy","Multi-tenant B2B SaaS — read-heavy","Web & API","Multi-tenant B2B SaaS","read-heavy","fanout","no","One large tenant can starve a hundred small ones.","Reads dominate 50:1; the design lives or dies on hit rate.","10","client:Client,cdn:CDN,gateway:API gateway,bff:BFF,micro:Service A,micro:Service B,micro:Service C,cache:Cache,sql:DB,cache:Edge cache","client>cdn>gateway>bff,bff>micro,bff>micro,bff>micro,micro>cache,micro>sql"
"tenant-saas-bursty","Multi-tenant B2B SaaS — burst-tolerant","Web & API","Multi-tenant B2B SaaS","burst-tolerant","fanout","no","One large tenant can starve a hundred small ones.","Load arrives in spikes 20× the mean; steady-state sizing is a trap.","11","client:Client,cdn:CDN,gateway:API gateway,bff:BFF,micro:Service A,micro:Service B,micro:Service C,cache:Cache,sql:DB,queue:Surge queue,ratelimiter:Rate limiter","client>cdn>gateway>bff,bff>micro,bff>micro,bff>micro,micro>cache,micro>sql"
"tenant-saas-multiregion","Multi-tenant B2B SaaS — multi-region active-active","Web & API","Multi-tenant B2B SaaS","multi-region active-active","fanout","no","One large tenant can starve a hundred small ones.","Two live regions; replication lag becomes a correctness question.","11","client:Client,cdn:CDN,gateway:API gateway,bff:BFF,micro:Service A,micro:Service B,micro:Service C,cache:Cache,sql:DB,gslb:Global LB,cdc:Replicator","client>cdn>gateway>bff,bff>micro,bff>micro,bff>micro,micro>cache,micro>sql"
"api-marketplace","API marketplace","Web & API","API marketplace","base","fanout","no","You are a proxy for backends you do not control.","The straightforward shape, sized for steady load.","9","client:Client,cdn:CDN,gateway:API gateway,bff:BFF,micro:Service A,micro:Service B,micro:Service C,cache:Cache,sql:DB","client>cdn>gateway>bff,bff>micro,bff>micro,bff>micro,micro>cache,micro>sql"
"api-marketplace-readheavy","API marketplace — read-heavy","Web & API","API marketplace","read-heavy","fanout","no","You are a proxy for backends you do not control.","Reads dominate 50:1; the design lives or dies on hit rate.","10","client:Client,cdn:CDN,gateway:API gateway,bff:BFF,micro:Service A,micro:Service B,micro:Service C,cache:Cache,sql:DB,cache:Edge cache","client>cdn>gateway>bff,bff>micro,bff>micro,bff>micro,micro>cache,micro>sql"
"api-marketplace-bursty","API marketplace — burst-tolerant","Web & API","API marketplace","burst-tolerant","fanout","no","You are a proxy for backends you do not control.","Load arrives in spikes 20× the mean; steady-state sizing is a trap.","11","client:Client,cdn:CDN,gateway:API gateway,bff:BFF,micro:Service A,micro:Service B,micro:Service C,cache:Cache,sql:DB,queue:Surge queue,ratelimiter:Rate limiter","client>cdn>gateway>bff,bff>micro,bff>micro,bff>micro,micro>cache,micro>sql"
"api-marketplace-multiregion","API marketplace — multi-region active-active","Web & API","API marketplace","multi-region active-active","fanout","no","You are a proxy for backends you do not control.","Two live regions; replication lag becomes a correctness question.","11","client:Client,cdn:CDN,gateway:API gateway,bff:BFF,micro:Service A,micro:Service B,micro:Service C,cache:Cache,sql:DB,gslb:Global LB,cdc:Replicator","client>cdn>gateway>bff,bff>micro,bff>micro,bff>micro,micro>cache,micro>sql"
"identity-provider","SSO identity provider","Web & API","SSO identity provider","base","txn","no","Federation adds a hop to a system nobody may queue behind.","The straightforward shape, sized for steady load.","8","client:Client,waf:WAF,gateway:API gateway,app:Transaction API,ledger:Ledger,sql:Records DB,queue:Settlement queue,worker:Settler","client>waf>gateway>app,app>ledger,app>sql,app>queue>worker"
"identity-provider-readheavy","SSO identity provider — read-heavy","Web & API","SSO identity provider","read-heavy","txn","no","Federation adds a hop to a system nobody may queue behind.","Reads dominate 50:1; the design lives or dies on hit rate.","9","client:Client,waf:WAF,gateway:API gateway,app:Transaction API,ledger:Ledger,sql:Records DB,queue:Settlement queue,worker:Settler,cache:Edge cache","client>waf>gateway>app,app>ledger,app>sql,app>queue>worker"
"identity-provider-bursty","SSO identity provider — burst-tolerant","Web & API","SSO identity provider","burst-tolerant","txn","no","Federation adds a hop to a system nobody may queue behind.","Load arrives in spikes 20× the mean; steady-state sizing is a trap.","10","client:Client,waf:WAF,gateway:API gateway,app:Transaction API,ledger:Ledger,sql:Records DB,queue:Settlement queue,worker:Settler,queue:Surge queue,ratelimiter:Rate limiter","client>waf>gateway>app,app>ledger,app>sql,app>queue>worker"
"identity-provider-multiregion","SSO identity provider — multi-region active-active","Web & API","SSO identity provider","multi-region active-active","txn","no","Federation adds a hop to a system nobody may queue behind.","Two live regions; replication lag becomes a correctness question.","10","client:Client,waf:WAF,gateway:API gateway,app:Transaction API,ledger:Ledger,sql:Records DB,queue:Settlement queue,worker:Settler,gslb:Global LB,cdc:Replicator","client>waf>gateway>app,app>ledger,app>sql,app>queue>worker"
"static-hosting","Static site hosting","Web & API","Static site hosting","base","readheavy","no","Almost pure CDN; the interesting failure is in the build.","The straightforward shape, sized for steady load.","7","client:Client,cdn:CDN,lb:Load balancer,app:App,cache:Cache,sql:Primary DB,search:Search","client>cdn>lb>app,app>cache,app>sql,app>search"
"static-hosting-readheavy","Static site hosting — read-heavy","Web & API","Static site hosting","read-heavy","readheavy","no","Almost pure CDN; the interesting failure is in the build.","Reads dominate 50:1; the design lives or dies on hit rate.","8","client:Client,cdn:CDN,lb:Load balancer,app:App,cache:Cache,sql:Primary DB,search:Search,cache:Edge cache","client>cdn>lb>app,app>cache,app>sql,app>search"
"static-hosting-bursty","Static site hosting — burst-tolerant","Web & API","Static site hosting","burst-tolerant","readheavy","no","Almost pure CDN; the interesting failure is in the build.","Load arrives in spikes 20× the mean; steady-state sizing is a trap.","9","client:Client,cdn:CDN,lb:Load balancer,app:App,cache:Cache,sql:Primary DB,search:Search,queue:Surge queue,ratelimiter:Rate limiter","client>cdn>lb>app,app>cache,app>sql,app>search"
"static-hosting-multiregion","Static site hosting — multi-region active-active","Web & API","Static site hosting","multi-region active-active","readheavy","no","Almost pure CDN; the interesting failure is in the build.","Two live regions; replication lag becomes a correctness question.","9","client:Client,cdn:CDN,lb:Load balancer,app:App,cache:Cache,sql:Primary DB,search:Search,gslb:Global LB,cdc:Replicator","client>cdn>lb>app,app>cache,app>sql,app>search"
"forum","Discussion forum","Web & API","Discussion forum","base","readheavy","no","Read-dominated with a long tail of tiny writes.","The straightforward shape, sized for steady load.","7","client:Client,cdn:CDN,lb:Load balancer,app:App,cache:Cache,sql:Primary DB,search:Search","client>cdn>lb>app,app>cache,app>sql,app>search"
"forum-readheavy","Discussion forum — read-heavy","Web & API","Discussion forum","read-heavy","readheavy","no","Read-dominated with a long tail of tiny writes.","Reads dominate 50:1; the design lives or dies on hit rate.","8","client:Client,cdn:CDN,lb:Load balancer,app:App,cache:Cache,sql:Primary DB,search:Search,cache:Edge cache","client>cdn>lb>app,app>cache,app>sql,app>search"
"forum-bursty","Discussion forum — burst-tolerant","Web & API","Discussion forum","burst-tolerant","readheavy","no","Read-dominated with a long tail of tiny writes.","Load arrives in spikes 20× the mean; steady-state sizing is a trap.","9","client:Client,cdn:CDN,lb:Load balancer,app:App,cache:Cache,sql:Primary DB,search:Search,queue:Surge queue,ratelimiter:Rate limiter","client>cdn>lb>app,app>cache,app>sql,app>search"
"forum-multiregion","Discussion forum — multi-region active-active","Web & API","Discussion forum","multi-region active-active","readheavy","no","Read-dominated with a long tail of tiny writes.","Two live regions; replication lag becomes a correctness question.","9","client:Client,cdn:CDN,lb:Load balancer,app:App,cache:Cache,sql:Primary DB,search:Search,gslb:Global LB,cdc:Replicator","client>cdn>lb>app,app>cache,app>sql,app>search"
"wiki","Collaborative wiki","Web & API","Collaborative wiki","base","writeheavy","no","Concurrent edits on the same page are the design problem.","The straightforward shape, sized for steady load.","8","client:Client,lb:Load balancer,gateway:API gateway,app:Write API,queue:Ingest queue,worker:Writer,sql:Primary DB,cache:Read cache","client>lb>gateway>app,app>queue>worker>sql,app>cache"
"wiki-readheavy","Collaborative wiki — read-heavy","Web & API","Collaborative wiki","read-heavy","writeheavy","no","Concurrent edits on the same page are the design problem.","Reads dominate 50:1; the design lives or dies on hit rate.","9","client:Client,lb:Load balancer,gateway:API gateway,app:Write API,queue:Ingest queue,worker:Writer,sql:Primary DB,cache:Read cache,cache:Edge cache","client>lb>gateway>app,app>queue>worker>sql,app>cache"
"wiki-bursty","Collaborative wiki — burst-tolerant","Web & API","Collaborative wiki","burst-tolerant","writeheavy","no","Concurrent edits on the same page are the design problem.","Load arrives in spikes 20× the mean; steady-state sizing is a trap.","10","client:Client,lb:Load balancer,gateway:API gateway,app:Write API,queue:Ingest queue,worker:Writer,sql:Primary DB,cache:Read cache,queue:Surge queue,ratelimiter:Rate limiter","client>lb>gateway>app,app>queue>worker>sql,app>cache"
"wiki-multiregion","Collaborative wiki — multi-region active-active","Web & API","Collaborative wiki","multi-region active-active","writeheavy","no","Concurrent edits on the same page are the design problem.","Two live regions; replication lag becomes a correctness question.","10","client:Client,lb:Load balancer,gateway:API gateway,app:Write API,queue:Ingest queue,worker:Writer,sql:Primary DB,cache:Read cache,gslb:Global LB,cdc:Replicator","client>lb>gateway>app,app>queue>worker>sql,app>cache"
"pastebin","Snippet sharing","Web & API","Snippet sharing","base","writeheavy","no","Write once, read maybe never, store forever.","The straightforward shape, sized for steady load.","8","client:Client,lb:Load balancer,gateway:API gateway,app:Write API,queue:Ingest queue,worker:Writer,sql:Primary DB,cache:Read cache","client>lb>gateway>app,app>queue>worker>sql,app>cache"
"pastebin-readheavy","Snippet sharing — read-heavy","Web & API","Snippet sharing","read-heavy","writeheavy","no","Write once, read maybe never, store forever.","Reads dominate 50:1; the design lives or dies on hit rate.","9","client:Client,lb:Load balancer,gateway:API gateway,app:Write API,queue:Ingest queue,worker:Writer,sql:Primary DB,cache:Read cache,cache:Edge cache","client>lb>gateway>app,app>queue>worker>sql,app>cache"
"pastebin-bursty","Snippet sharing — burst-tolerant","Web & API","Snippet sharing","burst-tolerant","writeheavy","no","Write once, read maybe never, store forever.","Load arrives in spikes 20× the mean; steady-state sizing is a trap.","10","client:Client,lb:Load balancer,gateway:API gateway,app:Write API,queue:Ingest queue,worker:Writer,sql:Primary DB,cache:Read cache,queue:Surge queue,ratelimiter:Rate limiter","client>lb>gateway>app,app>queue>worker>sql,app>cache"
"pastebin-multiregion","Snippet sharing — multi-region active-active","Web & API","Snippet sharing","multi-region active-active","writeheavy","no","Write once, read maybe never, store forever.","Two live regions; replication lag becomes a correctness question.","10","client:Client,lb:Load balancer,gateway:API gateway,app:Write API,queue:Ingest queue,worker:Writer,sql:Primary DB,cache:Read cache,gslb:Global LB,cdc:Replicator","client>lb>gateway>app,app>queue>worker>sql,app>cache"
"shortlink-analytics","Click analytics API","Web & API","Click analytics API","base","pipeline","no","Every read is also a write, which doubles the interesting path.","The straightforward shape, sized for steady load.","7","client:Producer,kafka:Event log,stream:Stream processor,lake:Lake,etl:Transform,warehouse:Warehouse,bi:BI","client>kafka>stream>lake>etl>warehouse>bi"
"shortlink-analytics-readheavy","Click analytics API — read-heavy","Web & API","Click analytics API","read-heavy","pipeline","no","Every read is also a write, which doubles the interesting path.","Reads dominate 50:1; the design lives or dies on hit rate.","8","client:Producer,kafka:Event log,stream:Stream processor,lake:Lake,etl:Transform,warehouse:Warehouse,bi:BI,cache:Edge cache","client>kafka>stream>lake>etl>warehouse>bi"
"shortlink-analytics-bursty","Click analytics API — burst-tolerant","Web & API","Click analytics API","burst-tolerant","pipeline","no","Every read is also a write, which doubles the interesting path.","Load arrives in spikes 20× the mean; steady-state sizing is a trap.","9","client:Producer,kafka:Event log,stream:Stream processor,lake:Lake,etl:Transform,warehouse:Warehouse,bi:BI,queue:Surge queue,ratelimiter:Rate limiter","client>kafka>stream>lake>etl>warehouse>bi"
"shortlink-analytics-multiregion","Click analytics API — multi-region active-active","Web & API","Click analytics API","multi-region active-active","pipeline","no","Every read is also a write, which doubles the interesting path.","Two live regions; replication lag becomes a correctness question.","9","client:Producer,kafka:Event log,stream:Stream processor,lake:Lake,etl:Transform,warehouse:Warehouse,bi:BI,gslb:Global LB,cdc:Replicator","client>kafka>stream>lake>etl>warehouse>bi"
"gateway-bff","Mobile BFF","Web & API","Mobile BFF","base","fanout","no","The mobile client’s round-trip budget forces aggregation server-side.","The straightforward shape, sized for steady load.","9","client:Client,cdn:CDN,gateway:API gateway,bff:BFF,micro:Service A,micro:Service B,micro:Service C,cache:Cache,sql:DB","client>cdn>gateway>bff,bff>micro,bff>micro,bff>micro,micro>cache,micro>sql"
"gateway-bff-readheavy","Mobile BFF — read-heavy","Web & API","Mobile BFF","read-heavy","fanout","no","The mobile client’s round-trip budget forces aggregation server-side.","Reads dominate 50:1; the design lives or dies on hit rate.","10","client:Client,cdn:CDN,gateway:API gateway,bff:BFF,micro:Service A,micro:Service B,micro:Service C,cache:Cache,sql:DB,cache:Edge cache","client>cdn>gateway>bff,bff>micro,bff>micro,bff>micro,micro>cache,micro>sql"
"gateway-bff-bursty","Mobile BFF — burst-tolerant","Web & API","Mobile BFF","burst-tolerant","fanout","no","The mobile client’s round-trip budget forces aggregation server-side.","Load arrives in spikes 20× the mean; steady-state sizing is a trap.","11","client:Client,cdn:CDN,gateway:API gateway,bff:BFF,micro:Service A,micro:Service B,micro:Service C,cache:Cache,sql:DB,queue:Surge queue,ratelimiter:Rate limiter","client>cdn>gateway>bff,bff>micro,bff>micro,bff>micro,micro>cache,micro>sql"
"gateway-bff-multiregion","Mobile BFF — multi-region active-active","Web & API","Mobile BFF","multi-region active-active","fanout","no","The mobile client’s round-trip budget forces aggregation server-side.","Two live regions; replication lag becomes a correctness question.","11","client:Client,cdn:CDN,gateway:API gateway,bff:BFF,micro:Service A,micro:Service B,micro:Service C,cache:Cache,sql:DB,gslb:Global LB,cdc:Replicator","client>cdn>gateway>bff,bff>micro,bff>micro,bff>micro,micro>cache,micro>sql"
"checkout","Checkout flow","Commerce & payments","Checkout flow","base","txn","no","The one path where a timeout costs revenue directly.","The straightforward shape, sized for steady load.","8","client:Client,waf:WAF,gateway:API gateway,app:Transaction API,ledger:Ledger,sql:Records DB,queue:Settlement queue,worker:Settler","client>waf>gateway>app,app>ledger,app>sql,app>queue>worker"
"checkout-regulated","Checkout flow — audited","Commerce & payments","Checkout flow","audited","txn","no","The one path where a timeout costs revenue directly.","Every mutation is evidence, and the audit path cannot be sampled.","11","client:Client,waf:WAF,gateway:API gateway,app:Transaction API,ledger:Ledger,sql:Records DB,queue:Settlement queue,worker:Settler,audit:Audit log,pii:PII vault,sign:Signer","client>waf>gateway>app,app>ledger,app>sql,app>queue>worker"
"checkout-bursty","Checkout flow — burst-tolerant","Commerce & payments","Checkout flow","burst-tolerant","txn","no","The one path where a timeout costs revenue directly.","Load arrives in spikes 20× the mean; steady-state sizing is a trap.","10","client:Client,waf:WAF,gateway:API gateway,app:Transaction API,ledger:Ledger,sql:Records DB,queue:Settlement queue,worker:Settler,queue:Surge queue,ratelimiter:Rate limiter","client>waf>gateway>app,app>ledger,app>sql,app>queue>worker"
"checkout-strict","Checkout flow — strictly consistent","Commerce & payments","Checkout flow","strictly consistent","txn","no","The one path where a timeout costs revenue directly.","No stale reads allowed, so the cache stops being a shock absorber.","9","client:Client,waf:WAF,gateway:API gateway,app:Transaction API,ledger:Ledger,sql:Records DB,queue:Settlement queue,worker:Settler,zk:Coordinator","client>waf>gateway>app,app>ledger,app>sql,app>queue>worker"
"payment-gateway","Payment gateway","Commerce & payments","Payment gateway","base","txn","no","An external processor sets your latency floor and your failure mode.","The straightforward shape, sized for steady load.","8","client:Client,waf:WAF,gateway:API gateway,app:Transaction API,ledger:Ledger,sql:Records DB,queue:Settlement queue,worker:Settler","client>waf>gateway>app,app>ledger,app>sql,app>queue>worker"
"payment-gateway-regulated","Payment gateway — audited","Commerce & payments","Payment gateway","audited","txn","no","An external processor sets your latency floor and your failure mode.","Every mutation is evidence, and the audit path cannot be sampled.","11","client:Client,waf:WAF,gateway:API gateway,app:Transaction API,ledger:Ledger,sql:Records DB,queue:Settlement queue,worker:Settler,audit:Audit log,pii:PII vault,sign:Signer","client>waf>gateway>app,app>ledger,app>sql,app>queue>worker"
"payment-gateway-bursty","Payment gateway — burst-tolerant","Commerce & payments","Payment gateway","burst-tolerant","txn","no","An external processor sets your latency floor and your failure mode.","Load arrives in spikes 20× the mean; steady-state sizing is a trap.","10","client:Client,waf:WAF,gateway:API gateway,app:Transaction API,ledger:Ledger,sql:Records DB,queue:Settlement queue,worker:Settler,queue:Surge queue,ratelimiter:Rate limiter","client>waf>gateway>app,app>ledger,app>sql,app>queue>worker"
"payment-gateway-strict","Payment gateway — strictly consistent","Commerce & payments","Payment gateway","strictly consistent","txn","no","An external processor sets your latency floor and your failure mode.","No stale reads allowed, so the cache stops being a shock absorber.","9","client:Client,waf:WAF,gateway:API gateway,app:Transaction API,ledger:Ledger,sql:Records DB,queue:Settlement queue,worker:Settler,zk:Coordinator","client>waf>gateway>app,app>ledger,app>sql,app>queue>worker"
"cart-service","Shopping cart","Commerce & payments","Shopping cart","base","writeheavy","no","Written on every interaction, read on every page.","The straightforward shape, sized for steady load.","8","client:Client,lb:Load balancer,gateway:API gateway,app:Write API,queue:Ingest queue,worker:Writer,sql:Primary DB,cache:Read cache","client>lb>gateway>app,app>queue>worker>sql,app>cache"
"cart-service-regulated","Shopping cart — audited","Commerce & payments","Shopping cart","audited","writeheavy","no","Written on every interaction, read on every page.","Every mutation is evidence, and the audit path cannot be sampled.","11","client:Client,lb:Load balancer,gateway:API gateway,app:Write API,queue:Ingest queue,worker:Writer,sql:Primary DB,cache:Read cache,audit:Audit log,pii:PII vault,sign:Signer","client>lb>gateway>app,app>queue>worker>sql,app>cache"
"cart-service-bursty","Shopping cart — burst-tolerant","Commerce & payments","Shopping cart","burst-tolerant","writeheavy","no","Written on every interaction, read on every page.","Load arrives in spikes 20× the mean; steady-state sizing is a trap.","10","client:Client,lb:Load balancer,gateway:API gateway,app:Write API,queue:Ingest queue,worker:Writer,sql:Primary DB,cache:Read cache,queue:Surge queue,ratelimiter:Rate limiter","client>lb>gateway>app,app>queue>worker>sql,app>cache"
"cart-service-strict","Shopping cart — strictly consistent","Commerce & payments","Shopping cart","strictly consistent","writeheavy","no","Written on every interaction, read on every page.","No stale reads allowed, so the cache stops being a shock absorber.","9","client:Client,lb:Load balancer,gateway:API gateway,app:Write API,queue:Ingest queue,worker:Writer,sql:Primary DB,cache:Read cache,zk:Coordinator","client>lb>gateway>app,app>queue>worker>sql,app>cache"
"inventory","Inventory service","Commerce & payments","Inventory service","base","txn","no","Overselling is worse than being slow, which inverts the usual tradeoff.","The straightforward shape, sized for steady load.","8","client:Client,waf:WAF,gateway:API gateway,app:Transaction API,ledger:Ledger,sql:Records DB,queue:Settlement queue,worker:Settler","client>waf>gateway>app,app>ledger,app>sql,app>queue>worker"
"inventory-regulated","Inventory service — audited","Commerce & payments","Inventory service","audited","txn","no","Overselling is worse than being slow, which inverts the usual tradeoff.","Every mutation is evidence, and the audit path cannot be sampled.","11","client:Client,waf:WAF,gateway:API gateway,app:Transaction API,ledger:Ledger,sql:Records DB,queue:Settlement queue,worker:Settler,audit:Audit log,pii:PII vault,sign:Signer","client>waf>gateway>app,app>ledger,app>sql,app>queue>worker"
"inventory-bursty","Inventory service — burst-tolerant","Commerce & payments","Inventory service","burst-tolerant","txn","no","Overselling is worse than being slow, which inverts the usual tradeoff.","Load arrives in spikes 20× the mean; steady-state sizing is a trap.","10","client:Client,waf:WAF,gateway:API gateway,app:Transaction API,ledger:Ledger,sql:Records DB,queue:Settlement queue,worker:Settler,queue:Surge queue,ratelimiter:Rate limiter","client>waf>gateway>app,app>ledger,app>sql,app>queue>worker"
"inventory-strict","Inventory service — strictly consistent","Commerce & payments","Inventory service","strictly consistent","txn","no","Overselling is worse than being slow, which inverts the usual tradeoff.","No stale reads allowed, so the cache stops being a shock absorber.","9","client:Client,waf:WAF,gateway:API gateway,app:Transaction API,ledger:Ledger,sql:Records DB,queue:Settlement queue,worker:Settler,zk:Coordinator","client>waf>gateway>app,app>ledger,app>sql,app>queue>worker"
"pricing-engine","Dynamic pricing","Commerce & payments","Dynamic pricing","base","fanout","no","Priced per request, so the cache is the margin.","The straightforward shape, sized for steady load.","9","client:Client,cdn:CDN,gateway:API gateway,bff:BFF,micro:Service A,micro:Service B,micro:Service C,cache:Cache,sql:DB","client>cdn>gateway>bff,bff>micro,bff>micro,bff>micro,micro>cache,micro>sql"
"pricing-engine-regulated","Dynamic pricing — audited","Commerce & payments","Dynamic pricing","audited","fanout","no","Priced per request, so the cache is the margin.","Every mutation is evidence, and the audit path cannot be sampled.","12","client:Client,cdn:CDN,gateway:API gateway,bff:BFF,micro:Service A,micro:Service B,micro:Service C,cache:Cache,sql:DB,audit:Audit log,pii:PII vault,sign:Signer","client>cdn>gateway>bff,bff>micro,bff>micro,bff>micro,micro>cache,micro>sql"
"pricing-engine-bursty","Dynamic pricing — burst-tolerant","Commerce & payments","Dynamic pricing","burst-tolerant","fanout","no","Priced per request, so the cache is the margin.","Load arrives in spikes 20× the mean; steady-state sizing is a trap.","11","client:Client,cdn:CDN,gateway:API gateway,bff:BFF,micro:Service A,micro:Service B,micro:Service C,cache:Cache,sql:DB,queue:Surge queue,ratelimiter:Rate limiter","client>cdn>gateway>bff,bff>micro,bff>micro,bff>micro,micro>cache,micro>sql"
"pricing-engine-strict","Dynamic pricing — strictly consistent","Commerce & payments","Dynamic pricing","strictly consistent","fanout","no","Priced per request, so the cache is the margin.","No stale reads allowed, so the cache stops being a shock absorber.","10","client:Client,cdn:CDN,gateway:API gateway,bff:BFF,micro:Service A,micro:Service B,micro:Service C,cache:Cache,sql:DB,zk:Coordinator","client>cdn>gateway>bff,bff>micro,bff>micro,bff>micro,micro>cache,micro>sql"
"order-management","Order management","Commerce & payments","Order management","base","txn","no","A long-running saga with compensations, not a request.","The straightforward shape, sized for steady load.","8","client:Client,waf:WAF,gateway:API gateway,app:Transaction API,ledger:Ledger,sql:Records DB,queue:Settlement queue,worker:Settler","client>waf>gateway>app,app>ledger,app>sql,app>queue>worker"
"order-management-regulated","Order management — audited","Commerce & payments","Order management","audited","txn","no","A long-running saga with compensations, not a request.","Every mutation is evidence, and the audit path cannot be sampled.","11","client:Client,waf:WAF,gateway:API gateway,app:Transaction API,ledger:Ledger,sql:Records DB,queue:Settlement queue,worker:Settler,audit:Audit log,pii:PII vault,sign:Signer","client>waf>gateway>app,app>ledger,app>sql,app>queue>worker"
"order-management-bursty","Order management — burst-tolerant","Commerce & payments","Order management","burst-tolerant","txn","no","A long-running saga with compensations, not a request.","Load arrives in spikes 20× the mean; steady-state sizing is a trap.","10","client:Client,waf:WAF,gateway:API gateway,app:Transaction API,ledger:Ledger,sql:Records DB,queue:Settlement queue,worker:Settler,queue:Surge queue,ratelimiter:Rate limiter","client>waf>gateway>app,app>ledger,app>sql,app>queue>worker"
"order-management-strict","Order management — strictly consistent","Commerce & payments","Order management","strictly consistent","txn","no","A long-running saga with compensations, not a request.","No stale reads allowed, so the cache stops being a shock absorber.","9","client:Client,waf:WAF,gateway:API gateway,app:Transaction API,ledger:Ledger,sql:Records DB,queue:Settlement queue,worker:Settler,zk:Coordinator","client>waf>gateway>app,app>ledger,app>sql,app>queue>worker"
"fulfilment","Fulfilment orchestration","Commerce & payments","Fulfilment orchestration","base","integration","no","Warehouse systems are slow, batchy and cannot be scaled by you.","The straightforward shape, sized for steady load.","7","partner:Partner,mft:File transfer,esb:Integration bus,app:Adapter,erp:ERP,sql:Staging DB,queue:Retry queue","partner>mft>esb>app>erp,app>sql,app>queue"
"fulfilment-regulated","Fulfilment orchestration — audited","Commerce & payments","Fulfilment orchestration","audited","integration","no","Warehouse systems are slow, batchy and cannot be scaled by you.","Every mutation is evidence, and the audit path cannot be sampled.","10","partner:Partner,mft:File transfer,esb:Integration bus,app:Adapter,erp:ERP,sql:Staging DB,queue:Retry queue,audit:Audit log,pii:PII vault,sign:Signer","partner>mft>esb>app>erp,app>sql,app>queue"
"fulfilment-bursty","Fulfilment orchestration — burst-tolerant","Commerce & payments","Fulfilment orchestration","burst-tolerant","integration","no","Warehouse systems are slow, batchy and cannot be scaled by you.","Load arrives in spikes 20× the mean; steady-state sizing is a trap.","9","partner:Partner,mft:File transfer,esb:Integration bus,app:Adapter,erp:ERP,sql:Staging DB,queue:Retry queue,queue:Surge queue,ratelimiter:Rate limiter","partner>mft>esb>app>erp,app>sql,app>queue"
"fulfilment-strict","Fulfilment orchestration — strictly consistent","Commerce & payments","Fulfilment orchestration","strictly consistent","integration","no","Warehouse systems are slow, batchy and cannot be scaled by you.","No stale reads allowed, so the cache stops being a shock absorber.","8","partner:Partner,mft:File transfer,esb:Integration bus,app:Adapter,erp:ERP,sql:Staging DB,queue:Retry queue,zk:Coordinator","partner>mft>esb>app>erp,app>sql,app>queue"
"returns","Returns and refunds","Commerce & payments","Returns and refunds","base","txn","no","Low volume, high scrutiny, every step auditable.","The straightforward shape, sized for steady load.","8","client:Client,waf:WAF,gateway:API gateway,app:Transaction API,ledger:Ledger,sql:Records DB,queue:Settlement queue,worker:Settler","client>waf>gateway>app,app>ledger,app>sql,app>queue>worker"
"returns-regulated","Returns and refunds — audited","Commerce & payments","Returns and refunds","audited","txn","no","Low volume, high scrutiny, every step auditable.","Every mutation is evidence, and the audit path cannot be sampled.","11","client:Client,waf:WAF,gateway:API gateway,app:Transaction API,ledger:Ledger,sql:Records DB,queue:Settlement queue,worker:Settler,audit:Audit log,pii:PII vault,sign:Signer","client>waf>gateway>app,app>ledger,app>sql,app>queue>worker"
"returns-bursty","Returns and refunds — burst-tolerant","Commerce & payments","Returns and refunds","burst-tolerant","txn","no","Low volume, high scrutiny, every step auditable.","Load arrives in spikes 20× the mean; steady-state sizing is a trap.","10","client:Client,waf:WAF,gateway:API gateway,app:Transaction API,ledger:Ledger,sql:Records DB,queue:Settlement queue,worker:Settler,queue:Surge queue,ratelimiter:Rate limiter","client>waf>gateway>app,app>ledger,app>sql,app>queue>worker"
"returns-strict","Returns and refunds — strictly consistent","Commerce & payments","Returns and refunds","strictly consistent","txn","no","Low volume, high scrutiny, every step auditable.","No stale reads allowed, so the cache stops being a shock absorber.","9","client:Client,waf:WAF,gateway:API gateway,app:Transaction API,ledger:Ledger,sql:Records DB,queue:Settlement queue,worker:Settler,zk:Coordinator","client>waf>gateway>app,app>ledger,app>sql,app>queue>worker"
"subscription-billing","Subscription billing","Commerce & payments","Subscription billing","base","batch","no","A monthly spike that dwarfs the daily load.","The straightforward shape, sized for steady load.","6","scheduler:Scheduler,batch:Batch job,lake:Lake,etl:Transform,warehouse:Warehouse,blob:Object store","scheduler>batch>lake>etl>warehouse,batch>blob"
"subscription-billing-regulated","Subscription billing — audited","Commerce & payments","Subscription billing","audited","batch","no","A monthly spike that dwarfs the daily load.","Every mutation is evidence, and the audit path cannot be sampled.","9","scheduler:Scheduler,batch:Batch job,lake:Lake,etl:Transform,warehouse:Warehouse,blob:Object store,audit:Audit log,pii:PII vault,sign:Signer","scheduler>batch>lake>etl>warehouse,batch>blob"
"subscription-billing-bursty","Subscription billing — burst-tolerant","Commerce & payments","Subscription billing","burst-tolerant","batch","no","A monthly spike that dwarfs the daily load.","Load arrives in spikes 20× the mean; steady-state sizing is a trap.","8","scheduler:Scheduler,batch:Batch job,lake:Lake,etl:Transform,warehouse:Warehouse,blob:Object store,queue:Surge queue,ratelimiter:Rate limiter","scheduler>batch>lake>etl>warehouse,batch>blob"
"subscription-billing-strict","Subscription billing — strictly consistent","Commerce & payments","Subscription billing","strictly consistent","batch","no","A monthly spike that dwarfs the daily load.","No stale reads allowed, so the cache stops being a shock absorber.","7","scheduler:Scheduler,batch:Batch job,lake:Lake,etl:Transform,warehouse:Warehouse,blob:Object store,zk:Coordinator","scheduler>batch>lake>etl>warehouse,batch>blob"
"invoicing","Invoicing","Commerce & payments","Invoicing","base","batch","no","Correct and late beats fast and wrong.","The straightforward shape, sized for steady load.","6","scheduler:Scheduler,batch:Batch job,lake:Lake,etl:Transform,warehouse:Warehouse,blob:Object store","scheduler>batch>lake>etl>warehouse,batch>blob"
"invoicing-regulated","Invoicing — audited","Commerce & payments","Invoicing","audited","batch","no","Correct and late beats fast and wrong.","Every mutation is evidence, and the audit path cannot be sampled.","9","scheduler:Scheduler,batch:Batch job,lake:Lake,etl:Transform,warehouse:Warehouse,blob:Object store,audit:Audit log,pii:PII vault,sign:Signer","scheduler>batch>lake>etl>warehouse,batch>blob"
"invoicing-bursty","Invoicing — burst-tolerant","Commerce & payments","Invoicing","burst-tolerant","batch","no","Correct and late beats fast and wrong.","Load arrives in spikes 20× the mean; steady-state sizing is a trap.","8","scheduler:Scheduler,batch:Batch job,lake:Lake,etl:Transform,warehouse:Warehouse,blob:Object store,queue:Surge queue,ratelimiter:Rate limiter","scheduler>batch>lake>etl>warehouse,batch>blob"
"invoicing-strict","Invoicing — strictly consistent","Commerce & payments","Invoicing","strictly consistent","batch","no","Correct and late beats fast and wrong.","No stale reads allowed, so the cache stops being a shock absorber.","7","scheduler:Scheduler,batch:Batch job,lake:Lake,etl:Transform,warehouse:Warehouse,blob:Object store,zk:Coordinator","scheduler>batch>lake>etl>warehouse,batch>blob"
"tax-calculation","Tax calculation","Commerce & payments","Tax calculation","base","fanout","no","A synchronous third-party call on the checkout path.","The straightforward shape, sized for steady load.","9","client:Client,cdn:CDN,gateway:API gateway,bff:BFF,micro:Service A,micro:Service B,micro:Service C,cache:Cache,sql:DB","client>cdn>gateway>bff,bff>micro,bff>micro,bff>micro,micro>cache,micro>sql"
"tax-calculation-regulated","Tax calculation — audited","Commerce & payments","Tax calculation","audited","fanout","no","A synchronous third-party call on the checkout path.","Every mutation is evidence, and the audit path cannot be sampled.","12","client:Client,cdn:CDN,gateway:API gateway,bff:BFF,micro:Service A,micro:Service B,micro:Service C,cache:Cache,sql:DB,audit:Audit log,pii:PII vault,sign:Signer","client>cdn>gateway>bff,bff>micro,bff>micro,bff>micro,micro>cache,micro>sql"
"tax-calculation-bursty","Tax calculation — burst-tolerant","Commerce & payments","Tax calculation","burst-tolerant","fanout","no","A synchronous third-party call on the checkout path.","Load arrives in spikes 20× the mean; steady-state sizing is a trap.","11","client:Client,cdn:CDN,gateway:API gateway,bff:BFF,micro:Service A,micro:Service B,micro:Service C,cache:Cache,sql:DB,queue:Surge queue,ratelimiter:Rate limiter","client>cdn>gateway>bff,bff>micro,bff>micro,bff>micro,micro>cache,micro>sql"
"tax-calculation-strict","Tax calculation — strictly consistent","Commerce & payments","Tax calculation","strictly consistent","fanout","no","A synchronous third-party call on the checkout path.","No stale reads allowed, so the cache stops being a shock absorber.","10","client:Client,cdn:CDN,gateway:API gateway,bff:BFF,micro:Service A,micro:Service B,micro:Service C,cache:Cache,sql:DB,zk:Coordinator","client>cdn>gateway>bff,bff>micro,bff>micro,bff>micro,micro>cache,micro>sql"
"fraud-scoring","Fraud scoring","Commerce & payments","Fraud scoring","base","inference","no","A model on the critical path with a hard latency budget.","The straightforward shape, sized for steady load.","7","client:Client,gateway:API gateway,ratelimiter:Rate limiter,guard:Safety filter,llm:Model,vector:Vector store,cache:Response cache","client>gateway>ratelimiter>guard>llm,llm>vector,gateway>cache"
"fraud-scoring-regulated","Fraud scoring — audited","Commerce & payments","Fraud scoring","audited","inference","no","A model on the critical path with a hard latency budget.","Every mutation is evidence, and the audit path cannot be sampled.","10","client:Client,gateway:API gateway,ratelimiter:Rate limiter,guard:Safety filter,llm:Model,vector:Vector store,cache:Response cache,audit:Audit log,pii:PII vault,sign:Signer","client>gateway>ratelimiter>guard>llm,llm>vector,gateway>cache"
"fraud-scoring-bursty","Fraud scoring — burst-tolerant","Commerce & payments","Fraud scoring","burst-tolerant","inference","no","A model on the critical path with a hard latency budget.","Load arrives in spikes 20× the mean; steady-state sizing is a trap.","9","client:Client,gateway:API gateway,ratelimiter:Rate limiter,guard:Safety filter,llm:Model,vector:Vector store,cache:Response cache,queue:Surge queue,ratelimiter:Rate limiter","client>gateway>ratelimiter>guard>llm,llm>vector,gateway>cache"
"fraud-scoring-strict","Fraud scoring — strictly consistent","Commerce & payments","Fraud scoring","strictly consistent","inference","no","A model on the critical path with a hard latency budget.","No stale reads allowed, so the cache stops being a shock absorber.","8","client:Client,gateway:API gateway,ratelimiter:Rate limiter,guard:Safety filter,llm:Model,vector:Vector store,cache:Response cache,zk:Coordinator","client>gateway>ratelimiter>guard>llm,llm>vector,gateway>cache"
"loyalty","Loyalty and points","Commerce & payments","Loyalty and points","base","writeheavy","no","Balances must not drift, and they are updated constantly.","The straightforward shape, sized for steady load.","8","client:Client,lb:Load balancer,gateway:API gateway,app:Write API,queue:Ingest queue,worker:Writer,sql:Primary DB,cache:Read cache","client>lb>gateway>app,app>queue>worker>sql,app>cache"
"loyalty-regulated","Loyalty and points — audited","Commerce & payments","Loyalty and points","audited","writeheavy","no","Balances must not drift, and they are updated constantly.","Every mutation is evidence, and the audit path cannot be sampled.","11","client:Client,lb:Load balancer,gateway:API gateway,app:Write API,queue:Ingest queue,worker:Writer,sql:Primary DB,cache:Read cache,audit:Audit log,pii:PII vault,sign:Signer","client>lb>gateway>app,app>queue>worker>sql,app>cache"
"loyalty-bursty","Loyalty and points — burst-tolerant","Commerce & payments","Loyalty and points","burst-tolerant","writeheavy","no","Balances must not drift, and they are updated constantly.","Load arrives in spikes 20× the mean; steady-state sizing is a trap.","10","client:Client,lb:Load balancer,gateway:API gateway,app:Write API,queue:Ingest queue,worker:Writer,sql:Primary DB,cache:Read cache,queue:Surge queue,ratelimiter:Rate limiter","client>lb>gateway>app,app>queue>worker>sql,app>cache"
"loyalty-strict","Loyalty and points — strictly consistent","Commerce & payments","Loyalty and points","strictly consistent","writeheavy","no","Balances must not drift, and they are updated constantly.","No stale reads allowed, so the cache stops being a shock absorber.","9","client:Client,lb:Load balancer,gateway:API gateway,app:Write API,queue:Ingest queue,worker:Writer,sql:Primary DB,cache:Read cache,zk:Coordinator","client>lb>gateway>app,app>queue>worker>sql,app>cache"
"gift-cards","Gift cards","Commerce & payments","Gift cards","base","txn","no","A balance two people can spend at once.","The straightforward shape, sized for steady load.","8","client:Client,waf:WAF,gateway:API gateway,app:Transaction API,ledger:Ledger,sql:Records DB,queue:Settlement queue,worker:Settler","client>waf>gateway>app,app>ledger,app>sql,app>queue>worker"
"gift-cards-regulated","Gift cards — audited","Commerce & payments","Gift cards","audited","txn","no","A balance two people can spend at once.","Every mutation is evidence, and the audit path cannot be sampled.","11","client:Client,waf:WAF,gateway:API gateway,app:Transaction API,ledger:Ledger,sql:Records DB,queue:Settlement queue,worker:Settler,audit:Audit log,pii:PII vault,sign:Signer","client>waf>gateway>app,app>ledger,app>sql,app>queue>worker"
"gift-cards-bursty","Gift cards — burst-tolerant","Commerce & payments","Gift cards","burst-tolerant","txn","no","A balance two people can spend at once.","Load arrives in spikes 20× the mean; steady-state sizing is a trap.","10","client:Client,waf:WAF,gateway:API gateway,app:Transaction API,ledger:Ledger,sql:Records DB,queue:Settlement queue,worker:Settler,queue:Surge queue,ratelimiter:Rate limiter","client>waf>gateway>app,app>ledger,app>sql,app>queue>worker"
"gift-cards-strict","Gift cards — strictly consistent","Commerce & payments","Gift cards","strictly consistent","txn","no","A balance two people can spend at once.","No stale reads allowed, so the cache stops being a shock absorber.","9","client:Client,waf:WAF,gateway:API gateway,app:Transaction API,ledger:Ledger,sql:Records DB,queue:Settlement queue,worker:Settler,zk:Coordinator","client>waf>gateway>app,app>ledger,app>sql,app>queue>worker"
"marketplace-payouts","Marketplace payouts","Commerce & payments","Marketplace payouts","base","batch","no","Money leaving on a schedule, reconciled to the cent.","The straightforward shape, sized for steady load.","6","scheduler:Scheduler,batch:Batch job,lake:Lake,etl:Transform,warehouse:Warehouse,blob:Object store","scheduler>batch>lake>etl>warehouse,batch>blob"
"marketplace-payouts-regulated","Marketplace payouts — audited","Commerce & payments","Marketplace payouts","audited","batch","no","Money leaving on a schedule, reconciled to the cent.","Every mutation is evidence, and the audit path cannot be sampled.","9","scheduler:Scheduler,batch:Batch job,lake:Lake,etl:Transform,warehouse:Warehouse,blob:Object store,audit:Audit log,pii:PII vault,sign:Signer","scheduler>batch>lake>etl>warehouse,batch>blob"
"marketplace-payouts-bursty","Marketplace payouts — burst-tolerant","Commerce & payments","Marketplace payouts","burst-tolerant","batch","no","Money leaving on a schedule, reconciled to the cent.","Load arrives in spikes 20× the mean; steady-state sizing is a trap.","8","scheduler:Scheduler,batch:Batch job,lake:Lake,etl:Transform,warehouse:Warehouse,blob:Object store,queue:Surge queue,ratelimiter:Rate limiter","scheduler>batch>lake>etl>warehouse,batch>blob"
"marketplace-payouts-strict","Marketplace payouts — strictly consistent","Commerce & payments","Marketplace payouts","strictly consistent","batch","no","Money leaving on a schedule, reconciled to the cent.","No stale reads allowed, so the cache stops being a shock absorber.","7","scheduler:Scheduler,batch:Batch job,lake:Lake,etl:Transform,warehouse:Warehouse,blob:Object store,zk:Coordinator","scheduler>batch>lake>etl>warehouse,batch>blob"
"coupon-service","Promotions and coupons","Commerce & payments","Promotions and coupons","base","txn","no","Single-use codes under a flash-sale stampede.","The straightforward shape, sized for steady load.","8","client:Client,waf:WAF,gateway:API gateway,app:Transaction API,ledger:Ledger,sql:Records DB,queue:Settlement queue,worker:Settler","client>waf>gateway>app,app>ledger,app>sql,app>queue>worker"
"coupon-service-regulated","Promotions and coupons — audited","Commerce & payments","Promotions and coupons","audited","txn","no","Single-use codes under a flash-sale stampede.","Every mutation is evidence, and the audit path cannot be sampled.","11","client:Client,waf:WAF,gateway:API gateway,app:Transaction API,ledger:Ledger,sql:Records DB,queue:Settlement queue,worker:Settler,audit:Audit log,pii:PII vault,sign:Signer","client>waf>gateway>app,app>ledger,app>sql,app>queue>worker"
"coupon-service-bursty","Promotions and coupons — burst-tolerant","Commerce & payments","Promotions and coupons","burst-tolerant","txn","no","Single-use codes under a flash-sale stampede.","Load arrives in spikes 20× the mean; steady-state sizing is a trap.","10","client:Client,waf:WAF,gateway:API gateway,app:Transaction API,ledger:Ledger,sql:Records DB,queue:Settlement queue,worker:Settler,queue:Surge queue,ratelimiter:Rate limiter","client>waf>gateway>app,app>ledger,app>sql,app>queue>worker"
"coupon-service-strict","Promotions and coupons — strictly consistent","Commerce & payments","Promotions and coupons","strictly consistent","txn","no","Single-use codes under a flash-sale stampede.","No stale reads allowed, so the cache stops being a shock absorber.","9","client:Client,waf:WAF,gateway:API gateway,app:Transaction API,ledger:Ledger,sql:Records DB,queue:Settlement queue,worker:Settler,zk:Coordinator","client>waf>gateway>app,app>ledger,app>sql,app>queue>worker"
"flash-sale","Flash sale","Commerce & payments","Flash sale","base","readheavy","no","A hundredfold spike at a time you know in advance and still cannot absorb.","The straightforward shape, sized for steady load.","7","client:Client,cdn:CDN,lb:Load balancer,app:App,cache:Cache,sql:Primary DB,search:Search","client>cdn>lb>app,app>cache,app>sql,app>search"
"flash-sale-regulated","Flash sale — audited","Commerce & payments","Flash sale","audited","readheavy","no","A hundredfold spike at a time you know in advance and still cannot absorb.","Every mutation is evidence, and the audit path cannot be sampled.","10","client:Client,cdn:CDN,lb:Load balancer,app:App,cache:Cache,sql:Primary DB,search:Search,audit:Audit log,pii:PII vault,sign:Signer","client>cdn>lb>app,app>cache,app>sql,app>search"
"flash-sale-bursty","Flash sale — burst-tolerant","Commerce & payments","Flash sale","burst-tolerant","readheavy","no","A hundredfold spike at a time you know in advance and still cannot absorb.","Load arrives in spikes 20× the mean; steady-state sizing is a trap.","9","client:Client,cdn:CDN,lb:Load balancer,app:App,cache:Cache,sql:Primary DB,search:Search,queue:Surge queue,ratelimiter:Rate limiter","client>cdn>lb>app,app>cache,app>sql,app>search"
"flash-sale-strict","Flash sale — strictly consistent","Commerce & payments","Flash sale","strictly consistent","readheavy","no","A hundredfold spike at a time you know in advance and still cannot absorb.","No stale reads allowed, so the cache stops being a shock absorber.","8","client:Client,cdn:CDN,lb:Load balancer,app:App,cache:Cache,sql:Primary DB,search:Search,zk:Coordinator","client>cdn>lb>app,app>cache,app>sql,app>search"
"product-catalog","Product catalogue","Commerce & payments","Product catalogue","base","search","no","Millions of SKUs where freshness and relevance compete.","The straightforward shape, sized for steady load.","8","client:Client,cdn:CDN,gateway:API gateway,app:Query API,search:Index,cache:Cache,cdc:Indexer,sql:Source DB","client>cdn>gateway>app,app>search,app>cache,sql>cdc>search"
"product-catalog-regulated","Product catalogue — audited","Commerce & payments","Product catalogue","audited","search","no","Millions of SKUs where freshness and relevance compete.","Every mutation is evidence, and the audit path cannot be sampled.","11","client:Client,cdn:CDN,gateway:API gateway,app:Query API,search:Index,cache:Cache,cdc:Indexer,sql:Source DB,audit:Audit log,pii:PII vault,sign:Signer","client>cdn>gateway>app,app>search,app>cache,sql>cdc>search"
"product-catalog-bursty","Product catalogue — burst-tolerant","Commerce & payments","Product catalogue","burst-tolerant","search","no","Millions of SKUs where freshness and relevance compete.","Load arrives in spikes 20× the mean; steady-state sizing is a trap.","10","client:Client,cdn:CDN,gateway:API gateway,app:Query API,search:Index,cache:Cache,cdc:Indexer,sql:Source DB,queue:Surge queue,ratelimiter:Rate limiter","client>cdn>gateway>app,app>search,app>cache,sql>cdc>search"
"product-catalog-strict","Product catalogue — strictly consistent","Commerce & payments","Product catalogue","strictly consistent","search","no","Millions of SKUs where freshness and relevance compete.","No stale reads allowed, so the cache stops being a shock absorber.","9","client:Client,cdn:CDN,gateway:API gateway,app:Query API,search:Index,cache:Cache,cdc:Indexer,sql:Source DB,zk:Coordinator","client>cdn>gateway>app,app>search,app>cache,sql>cdc>search"
"reviews","Ratings and reviews","Commerce & payments","Ratings and reviews","base","writeheavy","no","Write-light, read-heavy, moderation in between.","The straightforward shape, sized for steady load.","8","client:Client,lb:Load balancer,gateway:API gateway,app:Write API,queue:Ingest queue,worker:Writer,sql:Primary DB,cache:Read cache","client>lb>gateway>app,app>queue>worker>sql,app>cache"
"reviews-regulated","Ratings and reviews — audited","Commerce & payments","Ratings and reviews","audited","writeheavy","no","Write-light, read-heavy, moderation in between.","Every mutation is evidence, and the audit path cannot be sampled.","11","client:Client,lb:Load balancer,gateway:API gateway,app:Write API,queue:Ingest queue,worker:Writer,sql:Primary DB,cache:Read cache,audit:Audit log,pii:PII vault,sign:Signer","client>lb>gateway>app,app>queue>worker>sql,app>cache"
"reviews-bursty","Ratings and reviews — burst-tolerant","Commerce & payments","Ratings and reviews","burst-tolerant","writeheavy","no","Write-light, read-heavy, moderation in between.","Load arrives in spikes 20× the mean; steady-state sizing is a trap.","10","client:Client,lb:Load balancer,gateway:API gateway,app:Write API,queue:Ingest queue,worker:Writer,sql:Primary DB,cache:Read cache,queue:Surge queue,ratelimiter:Rate limiter","client>lb>gateway>app,app>queue>worker>sql,app>cache"
"reviews-strict","Ratings and reviews — strictly consistent","Commerce & payments","Ratings and reviews","strictly consistent","writeheavy","no","Write-light, read-heavy, moderation in between.","No stale reads allowed, so the cache stops being a shock absorber.","9","client:Client,lb:Load balancer,gateway:API gateway,app:Write API,queue:Ingest queue,worker:Writer,sql:Primary DB,cache:Read cache,zk:Coordinator","client>lb>gateway>app,app>queue>worker>sql,app>cache"
"recommendations","Recommendations","Commerce & payments","Recommendations","base","inference","no","A model call the page cannot wait for and will not do without.","The straightforward shape, sized for steady load.","7","client:Client,gateway:API gateway,ratelimiter:Rate limiter,guard:Safety filter,llm:Model,vector:Vector store,cache:Response cache","client>gateway>ratelimiter>guard>llm,llm>vector,gateway>cache"
"recommendations-regulated","Recommendations — audited","Commerce & payments","Recommendations","audited","inference","no","A model call the page cannot wait for and will not do without.","Every mutation is evidence, and the audit path cannot be sampled.","10","client:Client,gateway:API gateway,ratelimiter:Rate limiter,guard:Safety filter,llm:Model,vector:Vector store,cache:Response cache,audit:Audit log,pii:PII vault,sign:Signer","client>gateway>ratelimiter>guard>llm,llm>vector,gateway>cache"
"recommendations-bursty","Recommendations — burst-tolerant","Commerce & payments","Recommendations","burst-tolerant","inference","no","A model call the page cannot wait for and will not do without.","Load arrives in spikes 20× the mean; steady-state sizing is a trap.","9","client:Client,gateway:API gateway,ratelimiter:Rate limiter,guard:Safety filter,llm:Model,vector:Vector store,cache:Response cache,queue:Surge queue,ratelimiter:Rate limiter","client>gateway>ratelimiter>guard>llm,llm>vector,gateway>cache"
"recommendations-strict","Recommendations — strictly consistent","Commerce & payments","Recommendations","strictly consistent","inference","no","A model call the page cannot wait for and will not do without.","No stale reads allowed, so the cache stops being a shock absorber.","8","client:Client,gateway:API gateway,ratelimiter:Rate limiter,guard:Safety filter,llm:Model,vector:Vector store,cache:Response cache,zk:Coordinator","client>gateway>ratelimiter>guard>llm,llm>vector,gateway>cache"
"wishlist","Wishlist","Commerce & payments","Wishlist","base","writeheavy","no","Small writes at high frequency from every session.","The straightforward shape, sized for steady load.","8","client:Client,lb:Load balancer,gateway:API gateway,app:Write API,queue:Ingest queue,worker:Writer,sql:Primary DB,cache:Read cache","client>lb>gateway>app,app>queue>worker>sql,app>cache"
"wishlist-regulated","Wishlist — audited","Commerce & payments","Wishlist","audited","writeheavy","no","Small writes at high frequency from every session.","Every mutation is evidence, and the audit path cannot be sampled.","11","client:Client,lb:Load balancer,gateway:API gateway,app:Write API,queue:Ingest queue,worker:Writer,sql:Primary DB,cache:Read cache,audit:Audit log,pii:PII vault,sign:Signer","client>lb>gateway>app,app>queue>worker>sql,app>cache"
"wishlist-bursty","Wishlist — burst-tolerant","Commerce & payments","Wishlist","burst-tolerant","writeheavy","no","Small writes at high frequency from every session.","Load arrives in spikes 20× the mean; steady-state sizing is a trap.","10","client:Client,lb:Load balancer,gateway:API gateway,app:Write API,queue:Ingest queue,worker:Writer,sql:Primary DB,cache:Read cache,queue:Surge queue,ratelimiter:Rate limiter","client>lb>gateway>app,app>queue>worker>sql,app>cache"
"wishlist-strict","Wishlist — strictly consistent","Commerce & payments","Wishlist","strictly consistent","writeheavy","no","Small writes at high frequency from every session.","No stale reads allowed, so the cache stops being a shock absorber.","9","client:Client,lb:Load balancer,gateway:API gateway,app:Write API,queue:Ingest queue,worker:Writer,sql:Primary DB,cache:Read cache,zk:Coordinator","client>lb>gateway>app,app>queue>worker>sql,app>cache"
"shipping-rates","Shipping rate shopping","Commerce & payments","Shipping rate shopping","base","fanout","no","Several carriers queried in parallel; the slowest sets the page.","The straightforward shape, sized for steady load.","9","client:Client,cdn:CDN,gateway:API gateway,bff:BFF,micro:Service A,micro:Service B,micro:Service C,cache:Cache,sql:DB","client>cdn>gateway>bff,bff>micro,bff>micro,bff>micro,micro>cache,micro>sql"
"shipping-rates-regulated","Shipping rate shopping — audited","Commerce & payments","Shipping rate shopping","audited","fanout","no","Several carriers queried in parallel; the slowest sets the page.","Every mutation is evidence, and the audit path cannot be sampled.","12","client:Client,cdn:CDN,gateway:API gateway,bff:BFF,micro:Service A,micro:Service B,micro:Service C,cache:Cache,sql:DB,audit:Audit log,pii:PII vault,sign:Signer","client>cdn>gateway>bff,bff>micro,bff>micro,bff>micro,micro>cache,micro>sql"
"shipping-rates-bursty","Shipping rate shopping — burst-tolerant","Commerce & payments","Shipping rate shopping","burst-tolerant","fanout","no","Several carriers queried in parallel; the slowest sets the page.","Load arrives in spikes 20× the mean; steady-state sizing is a trap.","11","client:Client,cdn:CDN,gateway:API gateway,bff:BFF,micro:Service A,micro:Service B,micro:Service C,cache:Cache,sql:DB,queue:Surge queue,ratelimiter:Rate limiter","client>cdn>gateway>bff,bff>micro,bff>micro,bff>micro,micro>cache,micro>sql"
"shipping-rates-strict","Shipping rate shopping — strictly consistent","Commerce & payments","Shipping rate shopping","strictly consistent","fanout","no","Several carriers queried in parallel; the slowest sets the page.","No stale reads allowed, so the cache stops being a shock absorber.","10","client:Client,cdn:CDN,gateway:API gateway,bff:BFF,micro:Service A,micro:Service B,micro:Service C,cache:Cache,sql:DB,zk:Coordinator","client>cdn>gateway>bff,bff>micro,bff>micro,bff>micro,micro>cache,micro>sql"
"pos-sync","Point-of-sale sync","Commerce & payments","Point-of-sale sync","base","integration","no","Stores stay open when the network does not.","The straightforward shape, sized for steady load.","7","partner:Partner,mft:File transfer,esb:Integration bus,app:Adapter,erp:ERP,sql:Staging DB,queue:Retry queue","partner>mft>esb>app>erp,app>sql,app>queue"
"pos-sync-regulated","Point-of-sale sync — audited","Commerce & payments","Point-of-sale sync","audited","integration","no","Stores stay open when the network does not.","Every mutation is evidence, and the audit path cannot be sampled.","10","partner:Partner,mft:File transfer,esb:Integration bus,app:Adapter,erp:ERP,sql:Staging DB,queue:Retry queue,audit:Audit log,pii:PII vault,sign:Signer","partner>mft>esb>app>erp,app>sql,app>queue"
"pos-sync-bursty","Point-of-sale sync — burst-tolerant","Commerce & payments","Point-of-sale sync","burst-tolerant","integration","no","Stores stay open when the network does not.","Load arrives in spikes 20× the mean; steady-state sizing is a trap.","9","partner:Partner,mft:File transfer,esb:Integration bus,app:Adapter,erp:ERP,sql:Staging DB,queue:Retry queue,queue:Surge queue,ratelimiter:Rate limiter","partner>mft>esb>app>erp,app>sql,app>queue"
"pos-sync-strict","Point-of-sale sync — strictly consistent","Commerce & payments","Point-of-sale sync","strictly consistent","integration","no","Stores stay open when the network does not.","No stale reads allowed, so the cache stops being a shock absorber.","8","partner:Partner,mft:File transfer,esb:Integration bus,app:Adapter,erp:ERP,sql:Staging DB,queue:Retry queue,zk:Coordinator","partner>mft>esb>app>erp,app>sql,app>queue"
"currency-fx","FX and multi-currency","Commerce & payments","FX and multi-currency","base","txn","no","Rates that must be identical across a transaction.","The straightforward shape, sized for steady load.","8","client:Client,waf:WAF,gateway:API gateway,app:Transaction API,ledger:Ledger,sql:Records DB,queue:Settlement queue,worker:Settler","client>waf>gateway>app,app>ledger,app>sql,app>queue>worker"
"currency-fx-regulated","FX and multi-currency — audited","Commerce & payments","FX and multi-currency","audited","txn","no","Rates that must be identical across a transaction.","Every mutation is evidence, and the audit path cannot be sampled.","11","client:Client,waf:WAF,gateway:API gateway,app:Transaction API,ledger:Ledger,sql:Records DB,queue:Settlement queue,worker:Settler,audit:Audit log,pii:PII vault,sign:Signer","client>waf>gateway>app,app>ledger,app>sql,app>queue>worker"
"currency-fx-bursty","FX and multi-currency — burst-tolerant","Commerce & payments","FX and multi-currency","burst-tolerant","txn","no","Rates that must be identical across a transaction.","Load arrives in spikes 20× the mean; steady-state sizing is a trap.","10","client:Client,waf:WAF,gateway:API gateway,app:Transaction API,ledger:Ledger,sql:Records DB,queue:Settlement queue,worker:Settler,queue:Surge queue,ratelimiter:Rate limiter","client>waf>gateway>app,app>ledger,app>sql,app>queue>worker"
"currency-fx-strict","FX and multi-currency — strictly consistent","Commerce & payments","FX and multi-currency","strictly consistent","txn","no","Rates that must be identical across a transaction.","No stale reads allowed, so the cache stops being a shock absorber.","9","client:Client,waf:WAF,gateway:API gateway,app:Transaction API,ledger:Ledger,sql:Records DB,queue:Settlement queue,worker:Settler,zk:Coordinator","client>waf>gateway>app,app>ledger,app>sql,app>queue>worker"
"chargebacks","Chargeback handling","Commerce & payments","Chargeback handling","base","integration","no","Slow, external, evidentiary, and on a deadline.","The straightforward shape, sized for steady load.","7","partner:Partner,mft:File transfer,esb:Integration bus,app:Adapter,erp:ERP,sql:Staging DB,queue:Retry queue","partner>mft>esb>app>erp,app>sql,app>queue"
"chargebacks-regulated","Chargeback handling — audited","Commerce & payments","Chargeback handling","audited","integration","no","Slow, external, evidentiary, and on a deadline.","Every mutation is evidence, and the audit path cannot be sampled.","10","partner:Partner,mft:File transfer,esb:Integration bus,app:Adapter,erp:ERP,sql:Staging DB,queue:Retry queue,audit:Audit log,pii:PII vault,sign:Signer","partner>mft>esb>app>erp,app>sql,app>queue"
"chargebacks-bursty","Chargeback handling — burst-tolerant","Commerce & payments","Chargeback handling","burst-tolerant","integration","no","Slow, external, evidentiary, and on a deadline.","Load arrives in spikes 20× the mean; steady-state sizing is a trap.","9","partner:Partner,mft:File transfer,esb:Integration bus,app:Adapter,erp:ERP,sql:Staging DB,queue:Retry queue,queue:Surge queue,ratelimiter:Rate limiter","partner>mft>esb>app>erp,app>sql,app>queue"
"chargebacks-strict","Chargeback handling — strictly consistent","Commerce & payments","Chargeback handling","strictly consistent","integration","no","Slow, external, evidentiary, and on a deadline.","No stale reads allowed, so the cache stops being a shock absorber.","8","partner:Partner,mft:File transfer,esb:Integration bus,app:Adapter,erp:ERP,sql:Staging DB,queue:Retry queue,zk:Coordinator","partner>mft>esb>app>erp,app>sql,app>queue"
"timeline","Social timeline","Social & media","Social timeline","base","fanout","no","Fan-out on write or on read is the entire architectural decision.","The straightforward shape, sized for steady load.","9","client:Client,cdn:CDN,gateway:API gateway,bff:BFF,micro:Service A,micro:Service B,micro:Service C,cache:Cache,sql:DB","client>cdn>gateway>bff,bff>micro,bff>micro,bff>micro,micro>cache,micro>sql"
"timeline-fanout","Social timeline — high fan-out","Social & media","Social timeline","high fan-out","fanout","no","Fan-out on write or on read is the entire architectural decision.","One call becomes twenty; tail latency is the only latency that matters.","10","client:Client,cdn:CDN,gateway:API gateway,bff:BFF,micro:Service A,micro:Service B,micro:Service C,cache:Cache,sql:DB,micro:Aggregator","client>cdn>gateway>bff,bff>micro,bff>micro,bff>micro,micro>cache,micro>sql"
"timeline-readheavy","Social timeline — read-heavy","Social & media","Social timeline","read-heavy","fanout","no","Fan-out on write or on read is the entire architectural decision.","Reads dominate 50:1; the design lives or dies on hit rate.","10","client:Client,cdn:CDN,gateway:API gateway,bff:BFF,micro:Service A,micro:Service B,micro:Service C,cache:Cache,sql:DB,cache:Edge cache","client>cdn>gateway>bff,bff>micro,bff>micro,bff>micro,micro>cache,micro>sql"
"timeline-multiregion","Social timeline — multi-region active-active","Social & media","Social timeline","multi-region active-active","fanout","no","Fan-out on write or on read is the entire architectural decision.","Two live regions; replication lag becomes a correctness question.","11","client:Client,cdn:CDN,gateway:API gateway,bff:BFF,micro:Service A,micro:Service B,micro:Service C,cache:Cache,sql:DB,gslb:Global LB,cdc:Replicator","client>cdn>gateway>bff,bff>micro,bff>micro,bff>micro,micro>cache,micro>sql"
"dm","Direct messaging","Social & media","Direct messaging","base","realtime","no","Delivery guarantees on a connection that keeps dropping.","The straightforward shape, sized for steady load.","6","client:Client,gslb:Global LB,ws:Realtime gateway,stream:Processor,tsdb:Time series,cache:State cache","client>gslb>ws>stream>tsdb,ws>cache"
"dm-fanout","Direct messaging — high fan-out","Social & media","Direct messaging","high fan-out","realtime","no","Delivery guarantees on a connection that keeps dropping.","One call becomes twenty; tail latency is the only latency that matters.","7","client:Client,gslb:Global LB,ws:Realtime gateway,stream:Processor,tsdb:Time series,cache:State cache,micro:Aggregator","client>gslb>ws>stream>tsdb,ws>cache"
"dm-readheavy","Direct messaging — read-heavy","Social & media","Direct messaging","read-heavy","realtime","no","Delivery guarantees on a connection that keeps dropping.","Reads dominate 50:1; the design lives or dies on hit rate.","7","client:Client,gslb:Global LB,ws:Realtime gateway,stream:Processor,tsdb:Time series,cache:State cache,cache:Edge cache","client>gslb>ws>stream>tsdb,ws>cache"
"dm-multiregion","Direct messaging — multi-region active-active","Social & media","Direct messaging","multi-region active-active","realtime","no","Delivery guarantees on a connection that keeps dropping.","Two live regions; replication lag becomes a correctness question.","8","client:Client,gslb:Global LB,ws:Realtime gateway,stream:Processor,tsdb:Time series,cache:State cache,gslb:Global LB,cdc:Replicator","client>gslb>ws>stream>tsdb,ws>cache"
"group-chat","Group chat","Social & media","Group chat","base","realtime","no","One message becomes hundreds of deliveries.","The straightforward shape, sized for steady load.","6","client:Client,gslb:Global LB,ws:Realtime gateway,stream:Processor,tsdb:Time series,cache:State cache","client>gslb>ws>stream>tsdb,ws>cache"
"group-chat-fanout","Group chat — high fan-out","Social & media","Group chat","high fan-out","realtime","no","One message becomes hundreds of deliveries.","One call becomes twenty; tail latency is the only latency that matters.","7","client:Client,gslb:Global LB,ws:Realtime gateway,stream:Processor,tsdb:Time series,cache:State cache,micro:Aggregator","client>gslb>ws>stream>tsdb,ws>cache"
"group-chat-readheavy","Group chat — read-heavy","Social & media","Group chat","read-heavy","realtime","no","One message becomes hundreds of deliveries.","Reads dominate 50:1; the design lives or dies on hit rate.","7","client:Client,gslb:Global LB,ws:Realtime gateway,stream:Processor,tsdb:Time series,cache:State cache,cache:Edge cache","client>gslb>ws>stream>tsdb,ws>cache"
"group-chat-multiregion","Group chat — multi-region active-active","Social & media","Group chat","multi-region active-active","realtime","no","One message becomes hundreds of deliveries.","Two live regions; replication lag becomes a correctness question.","8","client:Client,gslb:Global LB,ws:Realtime gateway,stream:Processor,tsdb:Time series,cache:State cache,gslb:Global LB,cdc:Replicator","client>gslb>ws>stream>tsdb,ws>cache"
"comments","Comment threads","Social & media","Comment threads","base","writeheavy","no","Deeply nested reads over constantly changing data.","The straightforward shape, sized for steady load.","8","client:Client,lb:Load balancer,gateway:API gateway,app:Write API,queue:Ingest queue,worker:Writer,sql:Primary DB,cache:Read cache","client>lb>gateway>app,app>queue>worker>sql,app>cache"
"comments-fanout","Comment threads — high fan-out","Social & media","Comment threads","high fan-out","writeheavy","no","Deeply nested reads over constantly changing data.","One call becomes twenty; tail latency is the only latency that matters.","9","client:Client,lb:Load balancer,gateway:API gateway,app:Write API,queue:Ingest queue,worker:Writer,sql:Primary DB,cache:Read cache,micro:Aggregator","client>lb>gateway>app,app>queue>worker>sql,app>cache"
"comments-readheavy","Comment threads — read-heavy","Social & media","Comment threads","read-heavy","writeheavy","no","Deeply nested reads over constantly changing data.","Reads dominate 50:1; the design lives or dies on hit rate.","9","client:Client,lb:Load balancer,gateway:API gateway,app:Write API,queue:Ingest queue,worker:Writer,sql:Primary DB,cache:Read cache,cache:Edge cache","client>lb>gateway>app,app>queue>worker>sql,app>cache"
"comments-multiregion","Comment threads — multi-region active-active","Social & media","Comment threads","multi-region active-active","writeheavy","no","Deeply nested reads over constantly changing data.","Two live regions; replication lag becomes a correctness question.","10","client:Client,lb:Load balancer,gateway:API gateway,app:Write API,queue:Ingest queue,worker:Writer,sql:Primary DB,cache:Read cache,gslb:Global LB,cdc:Replicator","client>lb>gateway>app,app>queue>worker>sql,app>cache"
"notifications","Notification fan-out","Social & media","Notification fan-out","base","writeheavy","no","The fan-out is the product and also the outage.","The straightforward shape, sized for steady load.","8","client:Client,lb:Load balancer,gateway:API gateway,app:Write API,queue:Ingest queue,worker:Writer,sql:Primary DB,cache:Read cache","client>lb>gateway>app,app>queue>worker>sql,app>cache"
"notifications-fanout","Notification fan-out — high fan-out","Social & media","Notification fan-out","high fan-out","writeheavy","no","The fan-out is the product and also the outage.","One call becomes twenty; tail latency is the only latency that matters.","9","client:Client,lb:Load balancer,gateway:API gateway,app:Write API,queue:Ingest queue,worker:Writer,sql:Primary DB,cache:Read cache,micro:Aggregator","client>lb>gateway>app,app>queue>worker>sql,app>cache"
"notifications-readheavy","Notification fan-out — read-heavy","Social & media","Notification fan-out","read-heavy","writeheavy","no","The fan-out is the product and also the outage.","Reads dominate 50:1; the design lives or dies on hit rate.","9","client:Client,lb:Load balancer,gateway:API gateway,app:Write API,queue:Ingest queue,worker:Writer,sql:Primary DB,cache:Read cache,cache:Edge cache","client>lb>gateway>app,app>queue>worker>sql,app>cache"
"notifications-multiregion","Notification fan-out — multi-region active-active","Social & media","Notification fan-out","multi-region active-active","writeheavy","no","The fan-out is the product and also the outage.","Two live regions; replication lag becomes a correctness question.","10","client:Client,lb:Load balancer,gateway:API gateway,app:Write API,queue:Ingest queue,worker:Writer,sql:Primary DB,cache:Read cache,gslb:Global LB,cdc:Replicator","client>lb>gateway>app,app>queue>worker>sql,app>cache"
"presence","Presence and typing","Social & media","Presence and typing","base","realtime","no","Enormous write volume nobody would miss if it vanished.","The straightforward shape, sized for steady load.","6","client:Client,gslb:Global LB,ws:Realtime gateway,stream:Processor,tsdb:Time series,cache:State cache","client>gslb>ws>stream>tsdb,ws>cache"
"presence-fanout","Presence and typing — high fan-out","Social & media","Presence and typing","high fan-out","realtime","no","Enormous write volume nobody would miss if it vanished.","One call becomes twenty; tail latency is the only latency that matters.","7","client:Client,gslb:Global LB,ws:Realtime gateway,stream:Processor,tsdb:Time series,cache:State cache,micro:Aggregator","client>gslb>ws>stream>tsdb,ws>cache"
"presence-readheavy","Presence and typing — read-heavy","Social & media","Presence and typing","read-heavy","realtime","no","Enormous write volume nobody would miss if it vanished.","Reads dominate 50:1; the design lives or dies on hit rate.","7","client:Client,gslb:Global LB,ws:Realtime gateway,stream:Processor,tsdb:Time series,cache:State cache,cache:Edge cache","client>gslb>ws>stream>tsdb,ws>cache"
"presence-multiregion","Presence and typing — multi-region active-active","Social & media","Presence and typing","multi-region active-active","realtime","no","Enormous write volume nobody would miss if it vanished.","Two live regions; replication lag becomes a correctness question.","8","client:Client,gslb:Global LB,ws:Realtime gateway,stream:Processor,tsdb:Time series,cache:State cache,gslb:Global LB,cdc:Replicator","client>gslb>ws>stream>tsdb,ws>cache"
"video-vod","Video on demand","Social & media","Video on demand","base","media","no","Bytes to the CDN, control plane small and fragile.","The straightforward shape, sized for steady load.","8","client:Client,cdn:CDN,gateway:API gateway,app:Catalog API,blob:Object store,transcode:Transcoder,queue:Job queue,sql:Metadata DB","client>cdn>gateway>app,app>sql,app>blob,app>queue>transcode>blob"
"video-vod-fanout","Video on demand — high fan-out","Social & media","Video on demand","high fan-out","media","no","Bytes to the CDN, control plane small and fragile.","One call becomes twenty; tail latency is the only latency that matters.","9","client:Client,cdn:CDN,gateway:API gateway,app:Catalog API,blob:Object store,transcode:Transcoder,queue:Job queue,sql:Metadata DB,micro:Aggregator","client>cdn>gateway>app,app>sql,app>blob,app>queue>transcode>blob"
"video-vod-readheavy","Video on demand — read-heavy","Social & media","Video on demand","read-heavy","media","no","Bytes to the CDN, control plane small and fragile.","Reads dominate 50:1; the design lives or dies on hit rate.","9","client:Client,cdn:CDN,gateway:API gateway,app:Catalog API,blob:Object store,transcode:Transcoder,queue:Job queue,sql:Metadata DB,cache:Edge cache","client>cdn>gateway>app,app>sql,app>blob,app>queue>transcode>blob"
"video-vod-multiregion","Video on demand — multi-region active-active","Social & media","Video on demand","multi-region active-active","media","no","Bytes to the CDN, control plane small and fragile.","Two live regions; replication lag becomes a correctness question.","10","client:Client,cdn:CDN,gateway:API gateway,app:Catalog API,blob:Object store,transcode:Transcoder,queue:Job queue,sql:Metadata DB,gslb:Global LB,cdc:Replicator","client>cdn>gateway>app,app>sql,app>blob,app>queue>transcode>blob"
"live-stream","Live streaming","Social & media","Live streaming","base","realtime","no","No buffer to hide behind; latency is the product.","The straightforward shape, sized for steady load.","6","client:Client,gslb:Global LB,ws:Realtime gateway,stream:Processor,tsdb:Time series,cache:State cache","client>gslb>ws>stream>tsdb,ws>cache"
"live-stream-fanout","Live streaming — high fan-out","Social & media","Live streaming","high fan-out","realtime","no","No buffer to hide behind; latency is the product.","One call becomes twenty; tail latency is the only latency that matters.","7","client:Client,gslb:Global LB,ws:Realtime gateway,stream:Processor,tsdb:Time series,cache:State cache,micro:Aggregator","client>gslb>ws>stream>tsdb,ws>cache"
"live-stream-readheavy","Live streaming — read-heavy","Social & media","Live streaming","read-heavy","realtime","no","No buffer to hide behind; latency is the product.","Reads dominate 50:1; the design lives or dies on hit rate.","7","client:Client,gslb:Global LB,ws:Realtime gateway,stream:Processor,tsdb:Time series,cache:State cache,cache:Edge cache","client>gslb>ws>stream>tsdb,ws>cache"
"live-stream-multiregion","Live streaming — multi-region active-active","Social & media","Live streaming","multi-region active-active","realtime","no","No buffer to hide behind; latency is the product.","Two live regions; replication lag becomes a correctness question.","8","client:Client,gslb:Global LB,ws:Realtime gateway,stream:Processor,tsdb:Time series,cache:State cache,gslb:Global LB,cdc:Replicator","client>gslb>ws>stream>tsdb,ws>cache"
"photo-sharing","Photo sharing","Social & media","Photo sharing","base","media","no","Upload, transcode, then a read pattern nothing like the write.","The straightforward shape, sized for steady load.","8","client:Client,cdn:CDN,gateway:API gateway,app:Catalog API,blob:Object store,transcode:Transcoder,queue:Job queue,sql:Metadata DB","client>cdn>gateway>app,app>sql,app>blob,app>queue>transcode>blob"
"photo-sharing-fanout","Photo sharing — high fan-out","Social & media","Photo sharing","high fan-out","media","no","Upload, transcode, then a read pattern nothing like the write.","One call becomes twenty; tail latency is the only latency that matters.","9","client:Client,cdn:CDN,gateway:API gateway,app:Catalog API,blob:Object store,transcode:Transcoder,queue:Job queue,sql:Metadata DB,micro:Aggregator","client>cdn>gateway>app,app>sql,app>blob,app>queue>transcode>blob"
"photo-sharing-readheavy","Photo sharing — read-heavy","Social & media","Photo sharing","read-heavy","media","no","Upload, transcode, then a read pattern nothing like the write.","Reads dominate 50:1; the design lives or dies on hit rate.","9","client:Client,cdn:CDN,gateway:API gateway,app:Catalog API,blob:Object store,transcode:Transcoder,queue:Job queue,sql:Metadata DB,cache:Edge cache","client>cdn>gateway>app,app>sql,app>blob,app>queue>transcode>blob"
"photo-sharing-multiregion","Photo sharing — multi-region active-active","Social & media","Photo sharing","multi-region active-active","media","no","Upload, transcode, then a read pattern nothing like the write.","Two live regions; replication lag becomes a correctness question.","10","client:Client,cdn:CDN,gateway:API gateway,app:Catalog API,blob:Object store,transcode:Transcoder,queue:Job queue,sql:Metadata DB,gslb:Global LB,cdc:Replicator","client>cdn>gateway>app,app>sql,app>blob,app>queue>transcode>blob"
"stories","Ephemeral stories","Social & media","Ephemeral stories","base","media","no","Everything expires, which makes the delete path load-bearing.","The straightforward shape, sized for steady load.","8","client:Client,cdn:CDN,gateway:API gateway,app:Catalog API,blob:Object store,transcode:Transcoder,queue:Job queue,sql:Metadata DB","client>cdn>gateway>app,app>sql,app>blob,app>queue>transcode>blob"
"stories-fanout","Ephemeral stories — high fan-out","Social & media","Ephemeral stories","high fan-out","media","no","Everything expires, which makes the delete path load-bearing.","One call becomes twenty; tail latency is the only latency that matters.","9","client:Client,cdn:CDN,gateway:API gateway,app:Catalog API,blob:Object store,transcode:Transcoder,queue:Job queue,sql:Metadata DB,micro:Aggregator","client>cdn>gateway>app,app>sql,app>blob,app>queue>transcode>blob"
"stories-readheavy","Ephemeral stories — read-heavy","Social & media","Ephemeral stories","read-heavy","media","no","Everything expires, which makes the delete path load-bearing.","Reads dominate 50:1; the design lives or dies on hit rate.","9","client:Client,cdn:CDN,gateway:API gateway,app:Catalog API,blob:Object store,transcode:Transcoder,queue:Job queue,sql:Metadata DB,cache:Edge cache","client>cdn>gateway>app,app>sql,app>blob,app>queue>transcode>blob"
"stories-multiregion","Ephemeral stories — multi-region active-active","Social & media","Ephemeral stories","multi-region active-active","media","no","Everything expires, which makes the delete path load-bearing.","Two live regions; replication lag becomes a correctness question.","10","client:Client,cdn:CDN,gateway:API gateway,app:Catalog API,blob:Object store,transcode:Transcoder,queue:Job queue,sql:Metadata DB,gslb:Global LB,cdc:Replicator","client>cdn>gateway>app,app>sql,app>blob,app>queue>transcode>blob"
"podcast","Podcast hosting","Social & media","Podcast hosting","base","media","no","Huge files, tiny metadata, and a spike at release.","The straightforward shape, sized for steady load.","8","client:Client,cdn:CDN,gateway:API gateway,app:Catalog API,blob:Object store,transcode:Transcoder,queue:Job queue,sql:Metadata DB","client>cdn>gateway>app,app>sql,app>blob,app>queue>transcode>blob"
"podcast-fanout","Podcast hosting — high fan-out","Social & media","Podcast hosting","high fan-out","media","no","Huge files, tiny metadata, and a spike at release.","One call becomes twenty; tail latency is the only latency that matters.","9","client:Client,cdn:CDN,gateway:API gateway,app:Catalog API,blob:Object store,transcode:Transcoder,queue:Job queue,sql:Metadata DB,micro:Aggregator","client>cdn>gateway>app,app>sql,app>blob,app>queue>transcode>blob"
"podcast-readheavy","Podcast hosting — read-heavy","Social & media","Podcast hosting","read-heavy","media","no","Huge files, tiny metadata, and a spike at release.","Reads dominate 50:1; the design lives or dies on hit rate.","9","client:Client,cdn:CDN,gateway:API gateway,app:Catalog API,blob:Object store,transcode:Transcoder,queue:Job queue,sql:Metadata DB,cache:Edge cache","client>cdn>gateway>app,app>sql,app>blob,app>queue>transcode>blob"
"podcast-multiregion","Podcast hosting — multi-region active-active","Social & media","Podcast hosting","multi-region active-active","media","no","Huge files, tiny metadata, and a spike at release.","Two live regions; replication lag becomes a correctness question.","10","client:Client,cdn:CDN,gateway:API gateway,app:Catalog API,blob:Object store,transcode:Transcoder,queue:Job queue,sql:Metadata DB,gslb:Global LB,cdc:Replicator","client>cdn>gateway>app,app>sql,app>blob,app>queue>transcode>blob"
"music-streaming","Music streaming","Social & media","Music streaming","base","media","no","Long sessions and a catalogue that must be instantly seekable.","The straightforward shape, sized for steady load.","8","client:Client,cdn:CDN,gateway:API gateway,app:Catalog API,blob:Object store,transcode:Transcoder,queue:Job queue,sql:Metadata DB","client>cdn>gateway>app,app>sql,app>blob,app>queue>transcode>blob"
"music-streaming-fanout","Music streaming — high fan-out","Social & media","Music streaming","high fan-out","media","no","Long sessions and a catalogue that must be instantly seekable.","One call becomes twenty; tail latency is the only latency that matters.","9","client:Client,cdn:CDN,gateway:API gateway,app:Catalog API,blob:Object store,transcode:Transcoder,queue:Job queue,sql:Metadata DB,micro:Aggregator","client>cdn>gateway>app,app>sql,app>blob,app>queue>transcode>blob"
"music-streaming-readheavy","Music streaming — read-heavy","Social & media","Music streaming","read-heavy","media","no","Long sessions and a catalogue that must be instantly seekable.","Reads dominate 50:1; the design lives or dies on hit rate.","9","client:Client,cdn:CDN,gateway:API gateway,app:Catalog API,blob:Object store,transcode:Transcoder,queue:Job queue,sql:Metadata DB,cache:Edge cache","client>cdn>gateway>app,app>sql,app>blob,app>queue>transcode>blob"
"music-streaming-multiregion","Music streaming — multi-region active-active","Social & media","Music streaming","multi-region active-active","media","no","Long sessions and a catalogue that must be instantly seekable.","Two live regions; replication lag becomes a correctness question.","10","client:Client,cdn:CDN,gateway:API gateway,app:Catalog API,blob:Object store,transcode:Transcoder,queue:Job queue,sql:Metadata DB,gslb:Global LB,cdc:Replicator","client>cdn>gateway>app,app>sql,app>blob,app>queue>transcode>blob"
"content-moderation","Content moderation","Social & media","Content moderation","base","inference","no","A model in the publish path with a human queue behind it.","The straightforward shape, sized for steady load.","7","client:Client,gateway:API gateway,ratelimiter:Rate limiter,guard:Safety filter,llm:Model,vector:Vector store,cache:Response cache","client>gateway>ratelimiter>guard>llm,llm>vector,gateway>cache"
"content-moderation-fanout","Content moderation — high fan-out","Social & media","Content moderation","high fan-out","inference","no","A model in the publish path with a human queue behind it.","One call becomes twenty; tail latency is the only latency that matters.","8","client:Client,gateway:API gateway,ratelimiter:Rate limiter,guard:Safety filter,llm:Model,vector:Vector store,cache:Response cache,micro:Aggregator","client>gateway>ratelimiter>guard>llm,llm>vector,gateway>cache"
"content-moderation-readheavy","Content moderation — read-heavy","Social & media","Content moderation","read-heavy","inference","no","A model in the publish path with a human queue behind it.","Reads dominate 50:1; the design lives or dies on hit rate.","8","client:Client,gateway:API gateway,ratelimiter:Rate limiter,guard:Safety filter,llm:Model,vector:Vector store,cache:Response cache,cache:Edge cache","client>gateway>ratelimiter>guard>llm,llm>vector,gateway>cache"
"content-moderation-multiregion","Content moderation — multi-region active-active","Social & media","Content moderation","multi-region active-active","inference","no","A model in the publish path with a human queue behind it.","Two live regions; replication lag becomes a correctness question.","9","client:Client,gateway:API gateway,ratelimiter:Rate limiter,guard:Safety filter,llm:Model,vector:Vector store,cache:Response cache,gslb:Global LB,cdc:Replicator","client>gateway>ratelimiter>guard>llm,llm>vector,gateway>cache"
"search-social","Social search","Social & media","Social search","base","search","no","Index freshness measured in seconds, not hours.","The straightforward shape, sized for steady load.","8","client:Client,cdn:CDN,gateway:API gateway,app:Query API,search:Index,cache:Cache,cdc:Indexer,sql:Source DB","client>cdn>gateway>app,app>search,app>cache,sql>cdc>search"
"search-social-fanout","Social search — high fan-out","Social & media","Social search","high fan-out","search","no","Index freshness measured in seconds, not hours.","One call becomes twenty; tail latency is the only latency that matters.","9","client:Client,cdn:CDN,gateway:API gateway,app:Query API,search:Index,cache:Cache,cdc:Indexer,sql:Source DB,micro:Aggregator","client>cdn>gateway>app,app>search,app>cache,sql>cdc>search"
"search-social-readheavy","Social search — read-heavy","Social & media","Social search","read-heavy","search","no","Index freshness measured in seconds, not hours.","Reads dominate 50:1; the design lives or dies on hit rate.","9","client:Client,cdn:CDN,gateway:API gateway,app:Query API,search:Index,cache:Cache,cdc:Indexer,sql:Source DB,cache:Edge cache","client>cdn>gateway>app,app>search,app>cache,sql>cdc>search"
"search-social-multiregion","Social search — multi-region active-active","Social & media","Social search","multi-region active-active","search","no","Index freshness measured in seconds, not hours.","Two live regions; replication lag becomes a correctness question.","10","client:Client,cdn:CDN,gateway:API gateway,app:Query API,search:Index,cache:Cache,cdc:Indexer,sql:Source DB,gslb:Global LB,cdc:Replicator","client>cdn>gateway>app,app>search,app>cache,sql>cdc>search"
"hashtag-trending","Trending topics","Social & media","Trending topics","base","pipeline","no","A streaming aggregation whose output is read by everyone.","The straightforward shape, sized for steady load.","7","client:Producer,kafka:Event log,stream:Stream processor,lake:Lake,etl:Transform,warehouse:Warehouse,bi:BI","client>kafka>stream>lake>etl>warehouse>bi"
"hashtag-trending-fanout","Trending topics — high fan-out","Social & media","Trending topics","high fan-out","pipeline","no","A streaming aggregation whose output is read by everyone.","One call becomes twenty; tail latency is the only latency that matters.","8","client:Producer,kafka:Event log,stream:Stream processor,lake:Lake,etl:Transform,warehouse:Warehouse,bi:BI,micro:Aggregator","client>kafka>stream>lake>etl>warehouse>bi"
"hashtag-trending-readheavy","Trending topics — read-heavy","Social & media","Trending topics","read-heavy","pipeline","no","A streaming aggregation whose output is read by everyone.","Reads dominate 50:1; the design lives or dies on hit rate.","8","client:Producer,kafka:Event log,stream:Stream processor,lake:Lake,etl:Transform,warehouse:Warehouse,bi:BI,cache:Edge cache","client>kafka>stream>lake>etl>warehouse>bi"
"hashtag-trending-multiregion","Trending topics — multi-region active-active","Social & media","Trending topics","multi-region active-active","pipeline","no","A streaming aggregation whose output is read by everyone.","Two live regions; replication lag becomes a correctness question.","9","client:Producer,kafka:Event log,stream:Stream processor,lake:Lake,etl:Transform,warehouse:Warehouse,bi:BI,gslb:Global LB,cdc:Replicator","client>kafka>stream>lake>etl>warehouse>bi"
"follow-graph","Follow graph","Social & media","Follow graph","base","fanout","no","A graph traversal on the hot path of every page.","The straightforward shape, sized for steady load.","9","client:Client,cdn:CDN,gateway:API gateway,bff:BFF,micro:Service A,micro:Service B,micro:Service C,cache:Cache,sql:DB","client>cdn>gateway>bff,bff>micro,bff>micro,bff>micro,micro>cache,micro>sql"
"follow-graph-fanout","Follow graph — high fan-out","Social & media","Follow graph","high fan-out","fanout","no","A graph traversal on the hot path of every page.","One call becomes twenty; tail latency is the only latency that matters.","10","client:Client,cdn:CDN,gateway:API gateway,bff:BFF,micro:Service A,micro:Service B,micro:Service C,cache:Cache,sql:DB,micro:Aggregator","client>cdn>gateway>bff,bff>micro,bff>micro,bff>micro,micro>cache,micro>sql"
"follow-graph-readheavy","Follow graph — read-heavy","Social & media","Follow graph","read-heavy","fanout","no","A graph traversal on the hot path of every page.","Reads dominate 50:1; the design lives or dies on hit rate.","10","client:Client,cdn:CDN,gateway:API gateway,bff:BFF,micro:Service A,micro:Service B,micro:Service C,cache:Cache,sql:DB,cache:Edge cache","client>cdn>gateway>bff,bff>micro,bff>micro,bff>micro,micro>cache,micro>sql"
"follow-graph-multiregion","Follow graph — multi-region active-active","Social & media","Follow graph","multi-region active-active","fanout","no","A graph traversal on the hot path of every page.","Two live regions; replication lag becomes a correctness question.","11","client:Client,cdn:CDN,gateway:API gateway,bff:BFF,micro:Service A,micro:Service B,micro:Service C,cache:Cache,sql:DB,gslb:Global LB,cdc:Replicator","client>cdn>gateway>bff,bff>micro,bff>micro,bff>micro,micro>cache,micro>sql"
"feed-ranking","Feed ranking","Social & media","Feed ranking","base","inference","no","Ranking every item for every user, priced per impression.","The straightforward shape, sized for steady load.","7","client:Client,gateway:API gateway,ratelimiter:Rate limiter,guard:Safety filter,llm:Model,vector:Vector store,cache:Response cache","client>gateway>ratelimiter>guard>llm,llm>vector,gateway>cache"
"feed-ranking-fanout","Feed ranking — high fan-out","Social & media","Feed ranking","high fan-out","inference","no","Ranking every item for every user, priced per impression.","One call becomes twenty; tail latency is the only latency that matters.","8","client:Client,gateway:API gateway,ratelimiter:Rate limiter,guard:Safety filter,llm:Model,vector:Vector store,cache:Response cache,micro:Aggregator","client>gateway>ratelimiter>guard>llm,llm>vector,gateway>cache"
"feed-ranking-readheavy","Feed ranking — read-heavy","Social & media","Feed ranking","read-heavy","inference","no","Ranking every item for every user, priced per impression.","Reads dominate 50:1; the design lives or dies on hit rate.","8","client:Client,gateway:API gateway,ratelimiter:Rate limiter,guard:Safety filter,llm:Model,vector:Vector store,cache:Response cache,cache:Edge cache","client>gateway>ratelimiter>guard>llm,llm>vector,gateway>cache"
"feed-ranking-multiregion","Feed ranking — multi-region active-active","Social & media","Feed ranking","multi-region active-active","inference","no","Ranking every item for every user, priced per impression.","Two live regions; replication lag becomes a correctness question.","9","client:Client,gateway:API gateway,ratelimiter:Rate limiter,guard:Safety filter,llm:Model,vector:Vector store,cache:Response cache,gslb:Global LB,cdc:Replicator","client>gateway>ratelimiter>guard>llm,llm>vector,gateway>cache"
"user-profiles","User profiles","Social & media","User profiles","base","readheavy","no","Read on every surface, written rarely, cached everywhere.","The straightforward shape, sized for steady load.","7","client:Client,cdn:CDN,lb:Load balancer,app:App,cache:Cache,sql:Primary DB,search:Search","client>cdn>lb>app,app>cache,app>sql,app>search"
"user-profiles-fanout","User profiles — high fan-out","Social & media","User profiles","high fan-out","readheavy","no","Read on every surface, written rarely, cached everywhere.","One call becomes twenty; tail latency is the only latency that matters.","8","client:Client,cdn:CDN,lb:Load balancer,app:App,cache:Cache,sql:Primary DB,search:Search,micro:Aggregator","client>cdn>lb>app,app>cache,app>sql,app>search"
"user-profiles-readheavy","User profiles — read-heavy","Social & media","User profiles","read-heavy","readheavy","no","Read on every surface, written rarely, cached everywhere.","Reads dominate 50:1; the design lives or dies on hit rate.","8","client:Client,cdn:CDN,lb:Load balancer,app:App,cache:Cache,sql:Primary DB,search:Search,cache:Edge cache","client>cdn>lb>app,app>cache,app>sql,app>search"
"user-profiles-multiregion","User profiles — multi-region active-active","Social & media","User profiles","multi-region active-active","readheavy","no","Read on every surface, written rarely, cached everywhere.","Two live regions; replication lag becomes a correctness question.","9","client:Client,cdn:CDN,lb:Load balancer,app:App,cache:Cache,sql:Primary DB,search:Search,gslb:Global LB,cdc:Replicator","client>cdn>lb>app,app>cache,app>sql,app>search"
"image-cdn","Image resizing CDN","Social & media","Image resizing CDN","base","media","no","Transform-on-demand, where a cache miss is expensive compute.","The straightforward shape, sized for steady load.","8","client:Client,cdn:CDN,gateway:API gateway,app:Catalog API,blob:Object store,transcode:Transcoder,queue:Job queue,sql:Metadata DB","client>cdn>gateway>app,app>sql,app>blob,app>queue>transcode>blob"
"image-cdn-fanout","Image resizing CDN — high fan-out","Social & media","Image resizing CDN","high fan-out","media","no","Transform-on-demand, where a cache miss is expensive compute.","One call becomes twenty; tail latency is the only latency that matters.","9","client:Client,cdn:CDN,gateway:API gateway,app:Catalog API,blob:Object store,transcode:Transcoder,queue:Job queue,sql:Metadata DB,micro:Aggregator","client>cdn>gateway>app,app>sql,app>blob,app>queue>transcode>blob"
"image-cdn-readheavy","Image resizing CDN — read-heavy","Social & media","Image resizing CDN","read-heavy","media","no","Transform-on-demand, where a cache miss is expensive compute.","Reads dominate 50:1; the design lives or dies on hit rate.","9","client:Client,cdn:CDN,gateway:API gateway,app:Catalog API,blob:Object store,transcode:Transcoder,queue:Job queue,sql:Metadata DB,cache:Edge cache","client>cdn>gateway>app,app>sql,app>blob,app>queue>transcode>blob"
"image-cdn-multiregion","Image resizing CDN — multi-region active-active","Social & media","Image resizing CDN","multi-region active-active","media","no","Transform-on-demand, where a cache miss is expensive compute.","Two live regions; replication lag becomes a correctness question.","10","client:Client,cdn:CDN,gateway:API gateway,app:Catalog API,blob:Object store,transcode:Transcoder,queue:Job queue,sql:Metadata DB,gslb:Global LB,cdc:Replicator","client>cdn>gateway>app,app>sql,app>blob,app>queue>transcode>blob"
"reactions","Reactions and likes","Social & media","Reactions and likes","base","writeheavy","no","The highest-volume, lowest-value write in the system.","The straightforward shape, sized for steady load.","8","client:Client,lb:Load balancer,gateway:API gateway,app:Write API,queue:Ingest queue,worker:Writer,sql:Primary DB,cache:Read cache","client>lb>gateway>app,app>queue>worker>sql,app>cache"
"reactions-fanout","Reactions and likes — high fan-out","Social & media","Reactions and likes","high fan-out","writeheavy","no","The highest-volume, lowest-value write in the system.","One call becomes twenty; tail latency is the only latency that matters.","9","client:Client,lb:Load balancer,gateway:API gateway,app:Write API,queue:Ingest queue,worker:Writer,sql:Primary DB,cache:Read cache,micro:Aggregator","client>lb>gateway>app,app>queue>worker>sql,app>cache"
"reactions-readheavy","Reactions and likes — read-heavy","Social & media","Reactions and likes","read-heavy","writeheavy","no","The highest-volume, lowest-value write in the system.","Reads dominate 50:1; the design lives or dies on hit rate.","9","client:Client,lb:Load balancer,gateway:API gateway,app:Write API,queue:Ingest queue,worker:Writer,sql:Primary DB,cache:Read cache,cache:Edge cache","client>lb>gateway>app,app>queue>worker>sql,app>cache"
"reactions-multiregion","Reactions and likes — multi-region active-active","Social & media","Reactions and likes","multi-region active-active","writeheavy","no","The highest-volume, lowest-value write in the system.","Two live regions; replication lag becomes a correctness question.","10","client:Client,lb:Load balancer,gateway:API gateway,app:Write API,queue:Ingest queue,worker:Writer,sql:Primary DB,cache:Read cache,gslb:Global LB,cdc:Replicator","client>lb>gateway>app,app>queue>worker>sql,app>cache"
"creator-payouts","Creator payouts","Social & media","Creator payouts","base","batch","no","A monthly reconciliation across billions of events.","The straightforward shape, sized for steady load.","6","scheduler:Scheduler,batch:Batch job,lake:Lake,etl:Transform,warehouse:Warehouse,blob:Object store","scheduler>batch>lake>etl>warehouse,batch>blob"
"creator-payouts-fanout","Creator payouts — high fan-out","Social & media","Creator payouts","high fan-out","batch","no","A monthly reconciliation across billions of events.","One call becomes twenty; tail latency is the only latency that matters.","7","scheduler:Scheduler,batch:Batch job,lake:Lake,etl:Transform,warehouse:Warehouse,blob:Object store,micro:Aggregator","scheduler>batch>lake>etl>warehouse,batch>blob"
"creator-payouts-readheavy","Creator payouts — read-heavy","Social & media","Creator payouts","read-heavy","batch","no","A monthly reconciliation across billions of events.","Reads dominate 50:1; the design lives or dies on hit rate.","7","scheduler:Scheduler,batch:Batch job,lake:Lake,etl:Transform,warehouse:Warehouse,blob:Object store,cache:Edge cache","scheduler>batch>lake>etl>warehouse,batch>blob"
"creator-payouts-multiregion","Creator payouts — multi-region active-active","Social & media","Creator payouts","multi-region active-active","batch","no","A monthly reconciliation across billions of events.","Two live regions; replication lag becomes a correctness question.","8","scheduler:Scheduler,batch:Batch job,lake:Lake,etl:Transform,warehouse:Warehouse,blob:Object store,gslb:Global LB,cdc:Replicator","scheduler>batch>lake>etl>warehouse,batch>blob"
"ugc-upload","User upload pipeline","Social & media","User upload pipeline","base","media","no","Untrusted input, expensive processing, unpredictable size.","The straightforward shape, sized for steady load.","8","client:Client,cdn:CDN,gateway:API gateway,app:Catalog API,blob:Object store,transcode:Transcoder,queue:Job queue,sql:Metadata DB","client>cdn>gateway>app,app>sql,app>blob,app>queue>transcode>blob"
"ugc-upload-fanout","User upload pipeline — high fan-out","Social & media","User upload pipeline","high fan-out","media","no","Untrusted input, expensive processing, unpredictable size.","One call becomes twenty; tail latency is the only latency that matters.","9","client:Client,cdn:CDN,gateway:API gateway,app:Catalog API,blob:Object store,transcode:Transcoder,queue:Job queue,sql:Metadata DB,micro:Aggregator","client>cdn>gateway>app,app>sql,app>blob,app>queue>transcode>blob"
"ugc-upload-readheavy","User upload pipeline — read-heavy","Social & media","User upload pipeline","read-heavy","media","no","Untrusted input, expensive processing, unpredictable size.","Reads dominate 50:1; the design lives or dies on hit rate.","9","client:Client,cdn:CDN,gateway:API gateway,app:Catalog API,blob:Object store,transcode:Transcoder,queue:Job queue,sql:Metadata DB,cache:Edge cache","client>cdn>gateway>app,app>sql,app>blob,app>queue>transcode>blob"
"ugc-upload-multiregion","User upload pipeline — multi-region active-active","Social & media","User upload pipeline","multi-region active-active","media","no","Untrusted input, expensive processing, unpredictable size.","Two live regions; replication lag becomes a correctness question.","10","client:Client,cdn:CDN,gateway:API gateway,app:Catalog API,blob:Object store,transcode:Transcoder,queue:Job queue,sql:Metadata DB,gslb:Global LB,cdc:Replicator","client>cdn>gateway>app,app>sql,app>blob,app>queue>transcode>blob"
"live-chat-overlay","Live event chat","Social & media","Live event chat","base","realtime","no","Millions of connections for two hours, then none.","The straightforward shape, sized for steady load.","6","client:Client,gslb:Global LB,ws:Realtime gateway,stream:Processor,tsdb:Time series,cache:State cache","client>gslb>ws>stream>tsdb,ws>cache"
"live-chat-overlay-fanout","Live event chat — high fan-out","Social & media","Live event chat","high fan-out","realtime","no","Millions of connections for two hours, then none.","One call becomes twenty; tail latency is the only latency that matters.","7","client:Client,gslb:Global LB,ws:Realtime gateway,stream:Processor,tsdb:Time series,cache:State cache,micro:Aggregator","client>gslb>ws>stream>tsdb,ws>cache"
"live-chat-overlay-readheavy","Live event chat — read-heavy","Social & media","Live event chat","read-heavy","realtime","no","Millions of connections for two hours, then none.","Reads dominate 50:1; the design lives or dies on hit rate.","7","client:Client,gslb:Global LB,ws:Realtime gateway,stream:Processor,tsdb:Time series,cache:State cache,cache:Edge cache","client>gslb>ws>stream>tsdb,ws>cache"
"live-chat-overlay-multiregion","Live event chat — multi-region active-active","Social & media","Live event chat","multi-region active-active","realtime","no","Millions of connections for two hours, then none.","Two live regions; replication lag becomes a correctness question.","8","client:Client,gslb:Global LB,ws:Realtime gateway,stream:Processor,tsdb:Time series,cache:State cache,gslb:Global LB,cdc:Replicator","client>gslb>ws>stream>tsdb,ws>cache"
"subtitles","Captioning pipeline","Social & media","Captioning pipeline","base","inference","no","Batch inference where nobody is waiting but everybody notices.","The straightforward shape, sized for steady load.","7","client:Client,gateway:API gateway,ratelimiter:Rate limiter,guard:Safety filter,llm:Model,vector:Vector store,cache:Response cache","client>gateway>ratelimiter>guard>llm,llm>vector,gateway>cache"
"subtitles-fanout","Captioning pipeline — high fan-out","Social & media","Captioning pipeline","high fan-out","inference","no","Batch inference where nobody is waiting but everybody notices.","One call becomes twenty; tail latency is the only latency that matters.","8","client:Client,gateway:API gateway,ratelimiter:Rate limiter,guard:Safety filter,llm:Model,vector:Vector store,cache:Response cache,micro:Aggregator","client>gateway>ratelimiter>guard>llm,llm>vector,gateway>cache"
"subtitles-readheavy","Captioning pipeline — read-heavy","Social & media","Captioning pipeline","read-heavy","inference","no","Batch inference where nobody is waiting but everybody notices.","Reads dominate 50:1; the design lives or dies on hit rate.","8","client:Client,gateway:API gateway,ratelimiter:Rate limiter,guard:Safety filter,llm:Model,vector:Vector store,cache:Response cache,cache:Edge cache","client>gateway>ratelimiter>guard>llm,llm>vector,gateway>cache"
"subtitles-multiregion","Captioning pipeline — multi-region active-active","Social & media","Captioning pipeline","multi-region active-active","inference","no","Batch inference where nobody is waiting but everybody notices.","Two live regions; replication lag becomes a correctness question.","9","client:Client,gateway:API gateway,ratelimiter:Rate limiter,guard:Safety filter,llm:Model,vector:Vector store,cache:Response cache,gslb:Global LB,cdc:Replicator","client>gateway>ratelimiter>guard>llm,llm>vector,gateway>cache"
"content-rights","Rights and takedowns","Social & media","Rights and takedowns","base","integration","no","Legal deadlines against systems you do not own.","The straightforward shape, sized for steady load.","7","partner:Partner,mft:File transfer,esb:Integration bus,app:Adapter,erp:ERP,sql:Staging DB,queue:Retry queue","partner>mft>esb>app>erp,app>sql,app>queue"
"content-rights-fanout","Rights and takedowns — high fan-out","Social & media","Rights and takedowns","high fan-out","integration","no","Legal deadlines against systems you do not own.","One call becomes twenty; tail latency is the only latency that matters.","8","partner:Partner,mft:File transfer,esb:Integration bus,app:Adapter,erp:ERP,sql:Staging DB,queue:Retry queue,micro:Aggregator","partner>mft>esb>app>erp,app>sql,app>queue"
"content-rights-readheavy","Rights and takedowns — read-heavy","Social & media","Rights and takedowns","read-heavy","integration","no","Legal deadlines against systems you do not own.","Reads dominate 50:1; the design lives or dies on hit rate.","8","partner:Partner,mft:File transfer,esb:Integration bus,app:Adapter,erp:ERP,sql:Staging DB,queue:Retry queue,cache:Edge cache","partner>mft>esb>app>erp,app>sql,app>queue"
"content-rights-multiregion","Rights and takedowns — multi-region active-active","Social & media","Rights and takedowns","multi-region active-active","integration","no","Legal deadlines against systems you do not own.","Two live regions; replication lag becomes a correctness question.","9","partner:Partner,mft:File transfer,esb:Integration bus,app:Adapter,erp:ERP,sql:Staging DB,queue:Retry queue,gslb:Global LB,cdc:Replicator","partner>mft>esb>app>erp,app>sql,app>queue"
"clickstream","Clickstream ingestion","Data & analytics","Clickstream ingestion","base","pipeline","no","Every page view is a write; loss is tolerable, backpressure is not.","The straightforward shape, sized for steady load.","7","client:Producer,kafka:Event log,stream:Stream processor,lake:Lake,etl:Transform,warehouse:Warehouse,bi:BI","client>kafka>stream>lake>etl>warehouse>bi"
"clickstream-writeheavy","Clickstream ingestion — write-heavy","Data & analytics","Clickstream ingestion","write-heavy","pipeline","no","Every page view is a write; loss is tolerable, backpressure is not.","Writes dominate; the buffer decides whether a burst is absorbed or dropped.","9","client:Producer,kafka:Event log,stream:Stream processor,lake:Lake,etl:Transform,warehouse:Warehouse,bi:BI,queue:Write buffer,worker:Writer","client>kafka>stream>lake>etl>warehouse>bi"
"clickstream-costcapped","Clickstream ingestion — cost-capped","Data & analytics","Clickstream ingestion","cost-capped","pipeline","no","Every page view is a write; loss is tolerable, backpressure is not.","Sized to a budget rather than to a latency target, which changes every answer.","7","client:Producer,kafka:Event log,stream:Stream processor,lake:Lake,etl:Transform,warehouse:Warehouse,bi:BI","client>kafka>stream>lake>etl>warehouse>bi"
"clickstream-regulated","Clickstream ingestion — audited","Data & analytics","Clickstream ingestion","audited","pipeline","no","Every page view is a write; loss is tolerable, backpressure is not.","Every mutation is evidence, and the audit path cannot be sampled.","10","client:Producer,kafka:Event log,stream:Stream processor,lake:Lake,etl:Transform,warehouse:Warehouse,bi:BI,audit:Audit log,pii:PII vault,sign:Signer","client>kafka>stream>lake>etl>warehouse>bi"
"product-analytics","Product analytics","Data & analytics","Product analytics","base","pipeline","no","Ingest is constant, query is spiky and interactive.","The straightforward shape, sized for steady load.","7","client:Producer,kafka:Event log,stream:Stream processor,lake:Lake,etl:Transform,warehouse:Warehouse,bi:BI","client>kafka>stream>lake>etl>warehouse>bi"
"product-analytics-writeheavy","Product analytics — write-heavy","Data & analytics","Product analytics","write-heavy","pipeline","no","Ingest is constant, query is spiky and interactive.","Writes dominate; the buffer decides whether a burst is absorbed or dropped.","9","client:Producer,kafka:Event log,stream:Stream processor,lake:Lake,etl:Transform,warehouse:Warehouse,bi:BI,queue:Write buffer,worker:Writer","client>kafka>stream>lake>etl>warehouse>bi"
"product-analytics-costcapped","Product analytics — cost-capped","Data & analytics","Product analytics","cost-capped","pipeline","no","Ingest is constant, query is spiky and interactive.","Sized to a budget rather than to a latency target, which changes every answer.","7","client:Producer,kafka:Event log,stream:Stream processor,lake:Lake,etl:Transform,warehouse:Warehouse,bi:BI","client>kafka>stream>lake>etl>warehouse>bi"
"product-analytics-regulated","Product analytics — audited","Data & analytics","Product analytics","audited","pipeline","no","Ingest is constant, query is spiky and interactive.","Every mutation is evidence, and the audit path cannot be sampled.","10","client:Producer,kafka:Event log,stream:Stream processor,lake:Lake,etl:Transform,warehouse:Warehouse,bi:BI,audit:Audit log,pii:PII vault,sign:Signer","client>kafka>stream>lake>etl>warehouse>bi"
"ab-testing","Experimentation platform","Data & analytics","Experimentation platform","base","pipeline","no","Assignment must be instant, analysis can be slow.","The straightforward shape, sized for steady load.","7","client:Producer,kafka:Event log,stream:Stream processor,lake:Lake,etl:Transform,warehouse:Warehouse,bi:BI","client>kafka>stream>lake>etl>warehouse>bi"
"ab-testing-writeheavy","Experimentation platform — write-heavy","Data & analytics","Experimentation platform","write-heavy","pipeline","no","Assignment must be instant, analysis can be slow.","Writes dominate; the buffer decides whether a burst is absorbed or dropped.","9","client:Producer,kafka:Event log,stream:Stream processor,lake:Lake,etl:Transform,warehouse:Warehouse,bi:BI,queue:Write buffer,worker:Writer","client>kafka>stream>lake>etl>warehouse>bi"
"ab-testing-costcapped","Experimentation platform — cost-capped","Data & analytics","Experimentation platform","cost-capped","pipeline","no","Assignment must be instant, analysis can be slow.","Sized to a budget rather than to a latency target, which changes every answer.","7","client:Producer,kafka:Event log,stream:Stream processor,lake:Lake,etl:Transform,warehouse:Warehouse,bi:BI","client>kafka>stream>lake>etl>warehouse>bi"
"ab-testing-regulated","Experimentation platform — audited","Data & analytics","Experimentation platform","audited","pipeline","no","Assignment must be instant, analysis can be slow.","Every mutation is evidence, and the audit path cannot be sampled.","10","client:Producer,kafka:Event log,stream:Stream processor,lake:Lake,etl:Transform,warehouse:Warehouse,bi:BI,audit:Audit log,pii:PII vault,sign:Signer","client>kafka>stream>lake>etl>warehouse>bi"
"cdp","Customer data platform","Data & analytics","Customer data platform","base","batch","no","Identity resolution across sources that disagree.","The straightforward shape, sized for steady load.","6","scheduler:Scheduler,batch:Batch job,lake:Lake,etl:Transform,warehouse:Warehouse,blob:Object store","scheduler>batch>lake>etl>warehouse,batch>blob"
"cdp-writeheavy","Customer data platform — write-heavy","Data & analytics","Customer data platform","write-heavy","batch","no","Identity resolution across sources that disagree.","Writes dominate; the buffer decides whether a burst is absorbed or dropped.","8","scheduler:Scheduler,batch:Batch job,lake:Lake,etl:Transform,warehouse:Warehouse,blob:Object store,queue:Write buffer,worker:Writer","scheduler>batch>lake>etl>warehouse,batch>blob"
"cdp-costcapped","Customer data platform — cost-capped","Data & analytics","Customer data platform","cost-capped","batch","no","Identity resolution across sources that disagree.","Sized to a budget rather than to a latency target, which changes every answer.","6","scheduler:Scheduler,batch:Batch job,lake:Lake,etl:Transform,warehouse:Warehouse,blob:Object store","scheduler>batch>lake>etl>warehouse,batch>blob"
"cdp-regulated","Customer data platform — audited","Data & analytics","Customer data platform","audited","batch","no","Identity resolution across sources that disagree.","Every mutation is evidence, and the audit path cannot be sampled.","9","scheduler:Scheduler,batch:Batch job,lake:Lake,etl:Transform,warehouse:Warehouse,blob:Object store,audit:Audit log,pii:PII vault,sign:Signer","scheduler>batch>lake>etl>warehouse,batch>blob"
"etl-warehouse","Warehouse ETL","Data & analytics","Warehouse ETL","base","batch","no","A nightly window that either closes or does not.","The straightforward shape, sized for steady load.","6","scheduler:Scheduler,batch:Batch job,lake:Lake,etl:Transform,warehouse:Warehouse,blob:Object store","scheduler>batch>lake>etl>warehouse,batch>blob"
"etl-warehouse-writeheavy","Warehouse ETL — write-heavy","Data & analytics","Warehouse ETL","write-heavy","batch","no","A nightly window that either closes or does not.","Writes dominate; the buffer decides whether a burst is absorbed or dropped.","8","scheduler:Scheduler,batch:Batch job,lake:Lake,etl:Transform,warehouse:Warehouse,blob:Object store,queue:Write buffer,worker:Writer","scheduler>batch>lake>etl>warehouse,batch>blob"
"etl-warehouse-costcapped","Warehouse ETL — cost-capped","Data & analytics","Warehouse ETL","cost-capped","batch","no","A nightly window that either closes or does not.","Sized to a budget rather than to a latency target, which changes every answer.","6","scheduler:Scheduler,batch:Batch job,lake:Lake,etl:Transform,warehouse:Warehouse,blob:Object store","scheduler>batch>lake>etl>warehouse,batch>blob"
"etl-warehouse-regulated","Warehouse ETL — audited","Data & analytics","Warehouse ETL","audited","batch","no","A nightly window that either closes or does not.","Every mutation is evidence, and the audit path cannot be sampled.","9","scheduler:Scheduler,batch:Batch job,lake:Lake,etl:Transform,warehouse:Warehouse,blob:Object store,audit:Audit log,pii:PII vault,sign:Signer","scheduler>batch>lake>etl>warehouse,batch>blob"
"reverse-etl","Reverse ETL","Data & analytics","Reverse ETL","base","integration","no","Pushing into SaaS APIs with unforgiving rate limits.","The straightforward shape, sized for steady load.","7","partner:Partner,mft:File transfer,esb:Integration bus,app:Adapter,erp:ERP,sql:Staging DB,queue:Retry queue","partner>mft>esb>app>erp,app>sql,app>queue"
"reverse-etl-writeheavy","Reverse ETL — write-heavy","Data & analytics","Reverse ETL","write-heavy","integration","no","Pushing into SaaS APIs with unforgiving rate limits.","Writes dominate; the buffer decides whether a burst is absorbed or dropped.","9","partner:Partner,mft:File transfer,esb:Integration bus,app:Adapter,erp:ERP,sql:Staging DB,queue:Retry queue,queue:Write buffer,worker:Writer","partner>mft>esb>app>erp,app>sql,app>queue"
"reverse-etl-costcapped","Reverse ETL — cost-capped","Data & analytics","Reverse ETL","cost-capped","integration","no","Pushing into SaaS APIs with unforgiving rate limits.","Sized to a budget rather than to a latency target, which changes every answer.","7","partner:Partner,mft:File transfer,esb:Integration bus,app:Adapter,erp:ERP,sql:Staging DB,queue:Retry queue","partner>mft>esb>app>erp,app>sql,app>queue"
"reverse-etl-regulated","Reverse ETL — audited","Data & analytics","Reverse ETL","audited","integration","no","Pushing into SaaS APIs with unforgiving rate limits.","Every mutation is evidence, and the audit path cannot be sampled.","10","partner:Partner,mft:File transfer,esb:Integration bus,app:Adapter,erp:ERP,sql:Staging DB,queue:Retry queue,audit:Audit log,pii:PII vault,sign:Signer","partner>mft>esb>app>erp,app>sql,app>queue"
"data-lake","Data lakehouse","Data & analytics","Data lakehouse","base","batch","no","Cheap storage, expensive scans, and no natural index.","The straightforward shape, sized for steady load.","6","scheduler:Scheduler,batch:Batch job,lake:Lake,etl:Transform,warehouse:Warehouse,blob:Object store","scheduler>batch>lake>etl>warehouse,batch>blob"
"data-lake-writeheavy","Data lakehouse — write-heavy","Data & analytics","Data lakehouse","write-heavy","batch","no","Cheap storage, expensive scans, and no natural index.","Writes dominate; the buffer decides whether a burst is absorbed or dropped.","8","scheduler:Scheduler,batch:Batch job,lake:Lake,etl:Transform,warehouse:Warehouse,blob:Object store,queue:Write buffer,worker:Writer","scheduler>batch>lake>etl>warehouse,batch>blob"
"data-lake-costcapped","Data lakehouse — cost-capped","Data & analytics","Data lakehouse","cost-capped","batch","no","Cheap storage, expensive scans, and no natural index.","Sized to a budget rather than to a latency target, which changes every answer.","6","scheduler:Scheduler,batch:Batch job,lake:Lake,etl:Transform,warehouse:Warehouse,blob:Object store","scheduler>batch>lake>etl>warehouse,batch>blob"
"data-lake-regulated","Data lakehouse — audited","Data & analytics","Data lakehouse","audited","batch","no","Cheap storage, expensive scans, and no natural index.","Every mutation is evidence, and the audit path cannot be sampled.","9","scheduler:Scheduler,batch:Batch job,lake:Lake,etl:Transform,warehouse:Warehouse,blob:Object store,audit:Audit log,pii:PII vault,sign:Signer","scheduler>batch>lake>etl>warehouse,batch>blob"
"metrics-store","Metrics store","Data & analytics","Metrics store","base","edgeiot","no","Cardinality, not volume, is what kills it.","The straightforward shape, sized for steady load.","7","client:Device,edge:Edge collector,mq:Broker,stream:Processor,tsdb:Time series,alert:Alerting,blob:Cold store","client>edge>mq>stream>tsdb,stream>alert,stream>blob"
"metrics-store-writeheavy","Metrics store — write-heavy","Data & analytics","Metrics store","write-heavy","edgeiot","no","Cardinality, not volume, is what kills it.","Writes dominate; the buffer decides whether a burst is absorbed or dropped.","9","client:Device,edge:Edge collector,mq:Broker,stream:Processor,tsdb:Time series,alert:Alerting,blob:Cold store,queue:Write buffer,worker:Writer","client>edge>mq>stream>tsdb,stream>alert,stream>blob"
"metrics-store-costcapped","Metrics store — cost-capped","Data & analytics","Metrics store","cost-capped","edgeiot","no","Cardinality, not volume, is what kills it.","Sized to a budget rather than to a latency target, which changes every answer.","7","client:Device,edge:Edge collector,mq:Broker,stream:Processor,tsdb:Time series,alert:Alerting,blob:Cold store","client>edge>mq>stream>tsdb,stream>alert,stream>blob"
"metrics-store-regulated","Metrics store — audited","Data & analytics","Metrics store","audited","edgeiot","no","Cardinality, not volume, is what kills it.","Every mutation is evidence, and the audit path cannot be sampled.","10","client:Device,edge:Edge collector,mq:Broker,stream:Processor,tsdb:Time series,alert:Alerting,blob:Cold store,audit:Audit log,pii:PII vault,sign:Signer","client>edge>mq>stream>tsdb,stream>alert,stream>blob"
"log-analytics","Log analytics","Data & analytics","Log analytics","base","pipeline","no","Write-once, query-rarely, retain-expensively.","The straightforward shape, sized for steady load.","7","client:Producer,kafka:Event log,stream:Stream processor,lake:Lake,etl:Transform,warehouse:Warehouse,bi:BI","client>kafka>stream>lake>etl>warehouse>bi"
"log-analytics-writeheavy","Log analytics — write-heavy","Data & analytics","Log analytics","write-heavy","pipeline","no","Write-once, query-rarely, retain-expensively.","Writes dominate; the buffer decides whether a burst is absorbed or dropped.","9","client:Producer,kafka:Event log,stream:Stream processor,lake:Lake,etl:Transform,warehouse:Warehouse,bi:BI,queue:Write buffer,worker:Writer","client>kafka>stream>lake>etl>warehouse>bi"
"log-analytics-costcapped","Log analytics — cost-capped","Data & analytics","Log analytics","cost-capped","pipeline","no","Write-once, query-rarely, retain-expensively.","Sized to a budget rather than to a latency target, which changes every answer.","7","client:Producer,kafka:Event log,stream:Stream processor,lake:Lake,etl:Transform,warehouse:Warehouse,bi:BI","client>kafka>stream>lake>etl>warehouse>bi"
"log-analytics-regulated","Log analytics — audited","Data & analytics","Log analytics","audited","pipeline","no","Write-once, query-rarely, retain-expensively.","Every mutation is evidence, and the audit path cannot be sampled.","10","client:Producer,kafka:Event log,stream:Stream processor,lake:Lake,etl:Transform,warehouse:Warehouse,bi:BI,audit:Audit log,pii:PII vault,sign:Signer","client>kafka>stream>lake>etl>warehouse>bi"
"session-replay","Session replay","Data & analytics","Session replay","base","media","no","Enormous payloads from the browser, read by almost nobody.","The straightforward shape, sized for steady load.","8","client:Client,cdn:CDN,gateway:API gateway,app:Catalog API,blob:Object store,transcode:Transcoder,queue:Job queue,sql:Metadata DB","client>cdn>gateway>app,app>sql,app>blob,app>queue>transcode>blob"
"session-replay-writeheavy","Session replay — write-heavy","Data & analytics","Session replay","write-heavy","media","no","Enormous payloads from the browser, read by almost nobody.","Writes dominate; the buffer decides whether a burst is absorbed or dropped.","10","client:Client,cdn:CDN,gateway:API gateway,app:Catalog API,blob:Object store,transcode:Transcoder,queue:Job queue,sql:Metadata DB,queue:Write buffer,worker:Writer","client>cdn>gateway>app,app>sql,app>blob,app>queue>transcode>blob"
"session-replay-costcapped","Session replay — cost-capped","Data & analytics","Session replay","cost-capped","media","no","Enormous payloads from the browser, read by almost nobody.","Sized to a budget rather than to a latency target, which changes every answer.","8","client:Client,cdn:CDN,gateway:API gateway,app:Catalog API,blob:Object store,transcode:Transcoder,queue:Job queue,sql:Metadata DB","client>cdn>gateway>app,app>sql,app>blob,app>queue>transcode>blob"
"session-replay-regulated","Session replay — audited","Data & analytics","Session replay","audited","media","no","Enormous payloads from the browser, read by almost nobody.","Every mutation is evidence, and the audit path cannot be sampled.","11","client:Client,cdn:CDN,gateway:API gateway,app:Catalog API,blob:Object store,transcode:Transcoder,queue:Job queue,sql:Metadata DB,audit:Audit log,pii:PII vault,sign:Signer","client>cdn>gateway>app,app>sql,app>blob,app>queue>transcode>blob"
"bi-serving","BI serving layer","Data & analytics","BI serving layer","base","readheavy","no","Dashboards refresh on a timer whether anyone is watching or not.","The straightforward shape, sized for steady load.","7","client:Client,cdn:CDN,lb:Load balancer,app:App,cache:Cache,sql:Primary DB,search:Search","client>cdn>lb>app,app>cache,app>sql,app>search"
"bi-serving-writeheavy","BI serving layer — write-heavy","Data & analytics","BI serving layer","write-heavy","readheavy","no","Dashboards refresh on a timer whether anyone is watching or not.","Writes dominate; the buffer decides whether a burst is absorbed or dropped.","9","client:Client,cdn:CDN,lb:Load balancer,app:App,cache:Cache,sql:Primary DB,search:Search,queue:Write buffer,worker:Writer","client>cdn>lb>app,app>cache,app>sql,app>search"
"bi-serving-costcapped","BI serving layer — cost-capped","Data & analytics","BI serving layer","cost-capped","readheavy","no","Dashboards refresh on a timer whether anyone is watching or not.","Sized to a budget rather than to a latency target, which changes every answer.","7","client:Client,cdn:CDN,lb:Load balancer,app:App,cache:Cache,sql:Primary DB,search:Search","client>cdn>lb>app,app>cache,app>sql,app>search"
"bi-serving-regulated","BI serving layer — audited","Data & analytics","BI serving layer","audited","readheavy","no","Dashboards refresh on a timer whether anyone is watching or not.","Every mutation is evidence, and the audit path cannot be sampled.","10","client:Client,cdn:CDN,lb:Load balancer,app:App,cache:Cache,sql:Primary DB,search:Search,audit:Audit log,pii:PII vault,sign:Signer","client>cdn>lb>app,app>cache,app>sql,app>search"
"realtime-dashboard","Real-time dashboard","Data & analytics","Real-time dashboard","base","realtime","no","A push path where staleness is the only visible defect.","The straightforward shape, sized for steady load.","6","client:Client,gslb:Global LB,ws:Realtime gateway,stream:Processor,tsdb:Time series,cache:State cache","client>gslb>ws>stream>tsdb,ws>cache"
"realtime-dashboard-writeheavy","Real-time dashboard — write-heavy","Data & analytics","Real-time dashboard","write-heavy","realtime","no","A push path where staleness is the only visible defect.","Writes dominate; the buffer decides whether a burst is absorbed or dropped.","8","client:Client,gslb:Global LB,ws:Realtime gateway,stream:Processor,tsdb:Time series,cache:State cache,queue:Write buffer,worker:Writer","client>gslb>ws>stream>tsdb,ws>cache"
"realtime-dashboard-costcapped","Real-time dashboard — cost-capped","Data & analytics","Real-time dashboard","cost-capped","realtime","no","A push path where staleness is the only visible defect.","Sized to a budget rather than to a latency target, which changes every answer.","6","client:Client,gslb:Global LB,ws:Realtime gateway,stream:Processor,tsdb:Time series,cache:State cache","client>gslb>ws>stream>tsdb,ws>cache"
"realtime-dashboard-regulated","Real-time dashboard — audited","Data & analytics","Real-time dashboard","audited","realtime","no","A push path where staleness is the only visible defect.","Every mutation is evidence, and the audit path cannot be sampled.","9","client:Client,gslb:Global LB,ws:Realtime gateway,stream:Processor,tsdb:Time series,cache:State cache,audit:Audit log,pii:PII vault,sign:Signer","client>gslb>ws>stream>tsdb,ws>cache"
"cdc-replication","Change data capture","Data & analytics","Change data capture","base","pipeline","no","Replication lag is invisible until it is a crisis.","The straightforward shape, sized for steady load.","7","client:Producer,kafka:Event log,stream:Stream processor,lake:Lake,etl:Transform,warehouse:Warehouse,bi:BI","client>kafka>stream>lake>etl>warehouse>bi"
"cdc-replication-writeheavy","Change data capture — write-heavy","Data & analytics","Change data capture","write-heavy","pipeline","no","Replication lag is invisible until it is a crisis.","Writes dominate; the buffer decides whether a burst is absorbed or dropped.","9","client:Producer,kafka:Event log,stream:Stream processor,lake:Lake,etl:Transform,warehouse:Warehouse,bi:BI,queue:Write buffer,worker:Writer","client>kafka>stream>lake>etl>warehouse>bi"
"cdc-replication-costcapped","Change data capture — cost-capped","Data & analytics","Change data capture","cost-capped","pipeline","no","Replication lag is invisible until it is a crisis.","Sized to a budget rather than to a latency target, which changes every answer.","7","client:Producer,kafka:Event log,stream:Stream processor,lake:Lake,etl:Transform,warehouse:Warehouse,bi:BI","client>kafka>stream>lake>etl>warehouse>bi"
"cdc-replication-regulated","Change data capture — audited","Data & analytics","Change data capture","audited","pipeline","no","Replication lag is invisible until it is a crisis.","Every mutation is evidence, and the audit path cannot be sampled.","10","client:Producer,kafka:Event log,stream:Stream processor,lake:Lake,etl:Transform,warehouse:Warehouse,bi:BI,audit:Audit log,pii:PII vault,sign:Signer","client>kafka>stream>lake>etl>warehouse>bi"
"data-quality","Data quality monitoring","Data & analytics","Data quality monitoring","base","batch","no","Cheap to run, expensive to skip.","The straightforward shape, sized for steady load.","6","scheduler:Scheduler,batch:Batch job,lake:Lake,etl:Transform,warehouse:Warehouse,blob:Object store","scheduler>batch>lake>etl>warehouse,batch>blob"
"data-quality-writeheavy","Data quality monitoring — write-heavy","Data & analytics","Data quality monitoring","write-heavy","batch","no","Cheap to run, expensive to skip.","Writes dominate; the buffer decides whether a burst is absorbed or dropped.","8","scheduler:Scheduler,batch:Batch job,lake:Lake,etl:Transform,warehouse:Warehouse,blob:Object store,queue:Write buffer,worker:Writer","scheduler>batch>lake>etl>warehouse,batch>blob"
"data-quality-costcapped","Data quality monitoring — cost-capped","Data & analytics","Data quality monitoring","cost-capped","batch","no","Cheap to run, expensive to skip.","Sized to a budget rather than to a latency target, which changes every answer.","6","scheduler:Scheduler,batch:Batch job,lake:Lake,etl:Transform,warehouse:Warehouse,blob:Object store","scheduler>batch>lake>etl>warehouse,batch>blob"
"data-quality-regulated","Data quality monitoring — audited","Data & analytics","Data quality monitoring","audited","batch","no","Cheap to run, expensive to skip.","Every mutation is evidence, and the audit path cannot be sampled.","9","scheduler:Scheduler,batch:Batch job,lake:Lake,etl:Transform,warehouse:Warehouse,blob:Object store,audit:Audit log,pii:PII vault,sign:Signer","scheduler>batch>lake>etl>warehouse,batch>blob"
"feature-pipeline","Feature pipeline","Data & analytics","Feature pipeline","base","pipeline","no","Training and serving must compute the same thing or the model is wrong.","The straightforward shape, sized for steady load.","7","client:Producer,kafka:Event log,stream:Stream processor,lake:Lake,etl:Transform,warehouse:Warehouse,bi:BI","client>kafka>stream>lake>etl>warehouse>bi"
"feature-pipeline-writeheavy","Feature pipeline — write-heavy","Data & analytics","Feature pipeline","write-heavy","pipeline","no","Training and serving must compute the same thing or the model is wrong.","Writes dominate; the buffer decides whether a burst is absorbed or dropped.","9","client:Producer,kafka:Event log,stream:Stream processor,lake:Lake,etl:Transform,warehouse:Warehouse,bi:BI,queue:Write buffer,worker:Writer","client>kafka>stream>lake>etl>warehouse>bi"
"feature-pipeline-costcapped","Feature pipeline — cost-capped","Data & analytics","Feature pipeline","cost-capped","pipeline","no","Training and serving must compute the same thing or the model is wrong.","Sized to a budget rather than to a latency target, which changes every answer.","7","client:Producer,kafka:Event log,stream:Stream processor,lake:Lake,etl:Transform,warehouse:Warehouse,bi:BI","client>kafka>stream>lake>etl>warehouse>bi"
"feature-pipeline-regulated","Feature pipeline — audited","Data & analytics","Feature pipeline","audited","pipeline","no","Training and serving must compute the same thing or the model is wrong.","Every mutation is evidence, and the audit path cannot be sampled.","10","client:Producer,kafka:Event log,stream:Stream processor,lake:Lake,etl:Transform,warehouse:Warehouse,bi:BI,audit:Audit log,pii:PII vault,sign:Signer","client>kafka>stream>lake>etl>warehouse>bi"
"search-analytics","Search analytics","Data & analytics","Search analytics","base","pipeline","no","Aggregations over a long tail nothing caches well.","The straightforward shape, sized for steady load.","7","client:Producer,kafka:Event log,stream:Stream processor,lake:Lake,etl:Transform,warehouse:Warehouse,bi:BI","client>kafka>stream>lake>etl>warehouse>bi"
"search-analytics-writeheavy","Search analytics — write-heavy","Data & analytics","Search analytics","write-heavy","pipeline","no","Aggregations over a long tail nothing caches well.","Writes dominate; the buffer decides whether a burst is absorbed or dropped.","9","client:Producer,kafka:Event log,stream:Stream processor,lake:Lake,etl:Transform,warehouse:Warehouse,bi:BI,queue:Write buffer,worker:Writer","client>kafka>stream>lake>etl>warehouse>bi"
"search-analytics-costcapped","Search analytics — cost-capped","Data & analytics","Search analytics","cost-capped","pipeline","no","Aggregations over a long tail nothing caches well.","Sized to a budget rather than to a latency target, which changes every answer.","7","client:Producer,kafka:Event log,stream:Stream processor,lake:Lake,etl:Transform,warehouse:Warehouse,bi:BI","client>kafka>stream>lake>etl>warehouse>bi"
"search-analytics-regulated","Search analytics — audited","Data & analytics","Search analytics","audited","pipeline","no","Aggregations over a long tail nothing caches well.","Every mutation is evidence, and the audit path cannot be sampled.","10","client:Producer,kafka:Event log,stream:Stream processor,lake:Lake,etl:Transform,warehouse:Warehouse,bi:BI,audit:Audit log,pii:PII vault,sign:Signer","client>kafka>stream>lake>etl>warehouse>bi"
"attribution","Marketing attribution","Data & analytics","Marketing attribution","base","batch","no","Joins across weeks of events with late arrivals.","The straightforward shape, sized for steady load.","6","scheduler:Scheduler,batch:Batch job,lake:Lake,etl:Transform,warehouse:Warehouse,blob:Object store","scheduler>batch>lake>etl>warehouse,batch>blob"
"attribution-writeheavy","Marketing attribution — write-heavy","Data & analytics","Marketing attribution","write-heavy","batch","no","Joins across weeks of events with late arrivals.","Writes dominate; the buffer decides whether a burst is absorbed or dropped.","8","scheduler:Scheduler,batch:Batch job,lake:Lake,etl:Transform,warehouse:Warehouse,blob:Object store,queue:Write buffer,worker:Writer","scheduler>batch>lake>etl>warehouse,batch>blob"
"attribution-costcapped","Marketing attribution — cost-capped","Data & analytics","Marketing attribution","cost-capped","batch","no","Joins across weeks of events with late arrivals.","Sized to a budget rather than to a latency target, which changes every answer.","6","scheduler:Scheduler,batch:Batch job,lake:Lake,etl:Transform,warehouse:Warehouse,blob:Object store","scheduler>batch>lake>etl>warehouse,batch>blob"
"attribution-regulated","Marketing attribution — audited","Data & analytics","Marketing attribution","audited","batch","no","Joins across weeks of events with late arrivals.","Every mutation is evidence, and the audit path cannot be sampled.","9","scheduler:Scheduler,batch:Batch job,lake:Lake,etl:Transform,warehouse:Warehouse,blob:Object store,audit:Audit log,pii:PII vault,sign:Signer","scheduler>batch>lake>etl>warehouse,batch>blob"
"cohort-engine","Cohort analysis","Data & analytics","Cohort analysis","base","batch","no","Ad-hoc queries over everything, unpredictably.","The straightforward shape, sized for steady load.","6","scheduler:Scheduler,batch:Batch job,lake:Lake,etl:Transform,warehouse:Warehouse,blob:Object store","scheduler>batch>lake>etl>warehouse,batch>blob"
"cohort-engine-writeheavy","Cohort analysis — write-heavy","Data & analytics","Cohort analysis","write-heavy","batch","no","Ad-hoc queries over everything, unpredictably.","Writes dominate; the buffer decides whether a burst is absorbed or dropped.","8","scheduler:Scheduler,batch:Batch job,lake:Lake,etl:Transform,warehouse:Warehouse,blob:Object store,queue:Write buffer,worker:Writer","scheduler>batch>lake>etl>warehouse,batch>blob"
"cohort-engine-costcapped","Cohort analysis — cost-capped","Data & analytics","Cohort analysis","cost-capped","batch","no","Ad-hoc queries over everything, unpredictably.","Sized to a budget rather than to a latency target, which changes every answer.","6","scheduler:Scheduler,batch:Batch job,lake:Lake,etl:Transform,warehouse:Warehouse,blob:Object store","scheduler>batch>lake>etl>warehouse,batch>blob"
"cohort-engine-regulated","Cohort analysis — audited","Data & analytics","Cohort analysis","audited","batch","no","Ad-hoc queries over everything, unpredictably.","Every mutation is evidence, and the audit path cannot be sampled.","9","scheduler:Scheduler,batch:Batch job,lake:Lake,etl:Transform,warehouse:Warehouse,blob:Object store,audit:Audit log,pii:PII vault,sign:Signer","scheduler>batch>lake>etl>warehouse,batch>blob"
"geo-analytics","Geospatial analytics","Data & analytics","Geospatial analytics","base","batch","no","Spatial joins that no ordinary index helps with.","The straightforward shape, sized for steady load.","6","scheduler:Scheduler,batch:Batch job,lake:Lake,etl:Transform,warehouse:Warehouse,blob:Object store","scheduler>batch>lake>etl>warehouse,batch>blob"
"geo-analytics-writeheavy","Geospatial analytics — write-heavy","Data & analytics","Geospatial analytics","write-heavy","batch","no","Spatial joins that no ordinary index helps with.","Writes dominate; the buffer decides whether a burst is absorbed or dropped.","8","scheduler:Scheduler,batch:Batch job,lake:Lake,etl:Transform,warehouse:Warehouse,blob:Object store,queue:Write buffer,worker:Writer","scheduler>batch>lake>etl>warehouse,batch>blob"
"geo-analytics-costcapped","Geospatial analytics — cost-capped","Data & analytics","Geospatial analytics","cost-capped","batch","no","Spatial joins that no ordinary index helps with.","Sized to a budget rather than to a latency target, which changes every answer.","6","scheduler:Scheduler,batch:Batch job,lake:Lake,etl:Transform,warehouse:Warehouse,blob:Object store","scheduler>batch>lake>etl>warehouse,batch>blob"
"geo-analytics-regulated","Geospatial analytics — audited","Data & analytics","Geospatial analytics","audited","batch","no","Spatial joins that no ordinary index helps with.","Every mutation is evidence, and the audit path cannot be sampled.","9","scheduler:Scheduler,batch:Batch job,lake:Lake,etl:Transform,warehouse:Warehouse,blob:Object store,audit:Audit log,pii:PII vault,sign:Signer","scheduler>batch>lake>etl>warehouse,batch>blob"
"ml-monitoring","Model monitoring","Data & analytics","Model monitoring","base","pipeline","no","Comparing today’s distribution to last month’s, continuously.","The straightforward shape, sized for steady load.","7","client:Producer,kafka:Event log,stream:Stream processor,lake:Lake,etl:Transform,warehouse:Warehouse,bi:BI","client>kafka>stream>lake>etl>warehouse>bi"
"ml-monitoring-writeheavy","Model monitoring — write-heavy","Data & analytics","Model monitoring","write-heavy","pipeline","no","Comparing today’s distribution to last month’s, continuously.","Writes dominate; the buffer decides whether a burst is absorbed or dropped.","9","client:Producer,kafka:Event log,stream:Stream processor,lake:Lake,etl:Transform,warehouse:Warehouse,bi:BI,queue:Write buffer,worker:Writer","client>kafka>stream>lake>etl>warehouse>bi"
"ml-monitoring-costcapped","Model monitoring — cost-capped","Data & analytics","Model monitoring","cost-capped","pipeline","no","Comparing today’s distribution to last month’s, continuously.","Sized to a budget rather than to a latency target, which changes every answer.","7","client:Producer,kafka:Event log,stream:Stream processor,lake:Lake,etl:Transform,warehouse:Warehouse,bi:BI","client>kafka>stream>lake>etl>warehouse>bi"
"ml-monitoring-regulated","Model monitoring — audited","Data & analytics","Model monitoring","audited","pipeline","no","Comparing today’s distribution to last month’s, continuously.","Every mutation is evidence, and the audit path cannot be sampled.","10","client:Producer,kafka:Event log,stream:Stream processor,lake:Lake,etl:Transform,warehouse:Warehouse,bi:BI,audit:Audit log,pii:PII vault,sign:Signer","client>kafka>stream>lake>etl>warehouse>bi"
"audit-warehouse","Audit warehouse","Data & analytics","Audit warehouse","base","batch","no","Append-only, queried under subpoena.","The straightforward shape, sized for steady load.","6","scheduler:Scheduler,batch:Batch job,lake:Lake,etl:Transform,warehouse:Warehouse,blob:Object store","scheduler>batch>lake>etl>warehouse,batch>blob"
"audit-warehouse-writeheavy","Audit warehouse — write-heavy","Data & analytics","Audit warehouse","write-heavy","batch","no","Append-only, queried under subpoena.","Writes dominate; the buffer decides whether a burst is absorbed or dropped.","8","scheduler:Scheduler,batch:Batch job,lake:Lake,etl:Transform,warehouse:Warehouse,blob:Object store,queue:Write buffer,worker:Writer","scheduler>batch>lake>etl>warehouse,batch>blob"
"audit-warehouse-costcapped","Audit warehouse — cost-capped","Data & analytics","Audit warehouse","cost-capped","batch","no","Append-only, queried under subpoena.","Sized to a budget rather than to a latency target, which changes every answer.","6","scheduler:Scheduler,batch:Batch job,lake:Lake,etl:Transform,warehouse:Warehouse,blob:Object store","scheduler>batch>lake>etl>warehouse,batch>blob"
"audit-warehouse-regulated","Audit warehouse — audited","Data & analytics","Audit warehouse","audited","batch","no","Append-only, queried under subpoena.","Every mutation is evidence, and the audit path cannot be sampled.","9","scheduler:Scheduler,batch:Batch job,lake:Lake,etl:Transform,warehouse:Warehouse,blob:Object store,audit:Audit log,pii:PII vault,sign:Signer","scheduler>batch>lake>etl>warehouse,batch>blob"
"usage-metering","Usage metering","Data & analytics","Usage metering","base","pipeline","no","Undercounting is lost revenue, overcounting is a refund.","The straightforward shape, sized for steady load.","7","client:Producer,kafka:Event log,stream:Stream processor,lake:Lake,etl:Transform,warehouse:Warehouse,bi:BI","client>kafka>stream>lake>etl>warehouse>bi"
"usage-metering-writeheavy","Usage metering — write-heavy","Data & analytics","Usage metering","write-heavy","pipeline","no","Undercounting is lost revenue, overcounting is a refund.","Writes dominate; the buffer decides whether a burst is absorbed or dropped.","9","client:Producer,kafka:Event log,stream:Stream processor,lake:Lake,etl:Transform,warehouse:Warehouse,bi:BI,queue:Write buffer,worker:Writer","client>kafka>stream>lake>etl>warehouse>bi"
"usage-metering-costcapped","Usage metering — cost-capped","Data & analytics","Usage metering","cost-capped","pipeline","no","Undercounting is lost revenue, overcounting is a refund.","Sized to a budget rather than to a latency target, which changes every answer.","7","client:Producer,kafka:Event log,stream:Stream processor,lake:Lake,etl:Transform,warehouse:Warehouse,bi:BI","client>kafka>stream>lake>etl>warehouse>bi"
"usage-metering-regulated","Usage metering — audited","Data & analytics","Usage metering","audited","pipeline","no","Undercounting is lost revenue, overcounting is a refund.","Every mutation is evidence, and the audit path cannot be sampled.","10","client:Producer,kafka:Event log,stream:Stream processor,lake:Lake,etl:Transform,warehouse:Warehouse,bi:BI,audit:Audit log,pii:PII vault,sign:Signer","client>kafka>stream>lake>etl>warehouse>bi"
"data-catalog","Data catalogue","Data & analytics","Data catalogue","base","search","no","Metadata search over an estate nobody has fully mapped.","The straightforward shape, sized for steady load.","8","client:Client,cdn:CDN,gateway:API gateway,app:Query API,search:Index,cache:Cache,cdc:Indexer,sql:Source DB","client>cdn>gateway>app,app>search,app>cache,sql>cdc>search"
"data-catalog-writeheavy","Data catalogue — write-heavy","Data & analytics","Data catalogue","write-heavy","search","no","Metadata search over an estate nobody has fully mapped.","Writes dominate; the buffer decides whether a burst is absorbed or dropped.","10","client:Client,cdn:CDN,gateway:API gateway,app:Query API,search:Index,cache:Cache,cdc:Indexer,sql:Source DB,queue:Write buffer,worker:Writer","client>cdn>gateway>app,app>search,app>cache,sql>cdc>search"
"data-catalog-costcapped","Data catalogue — cost-capped","Data & analytics","Data catalogue","cost-capped","search","no","Metadata search over an estate nobody has fully mapped.","Sized to a budget rather than to a latency target, which changes every answer.","8","client:Client,cdn:CDN,gateway:API gateway,app:Query API,search:Index,cache:Cache,cdc:Indexer,sql:Source DB","client>cdn>gateway>app,app>search,app>cache,sql>cdc>search"
"data-catalog-regulated","Data catalogue — audited","Data & analytics","Data catalogue","audited","search","no","Metadata search over an estate nobody has fully mapped.","Every mutation is evidence, and the audit path cannot be sampled.","11","client:Client,cdn:CDN,gateway:API gateway,app:Query API,search:Index,cache:Cache,cdc:Indexer,sql:Source DB,audit:Audit log,pii:PII vault,sign:Signer","client>cdn>gateway>app,app>search,app>cache,sql>cdc>search"
"export-service","Bulk export service","Data & analytics","Bulk export service","base","batch","no","A few enormous jobs starving many small ones.","The straightforward shape, sized for steady load.","6","scheduler:Scheduler,batch:Batch job,lake:Lake,etl:Transform,warehouse:Warehouse,blob:Object store","scheduler>batch>lake>etl>warehouse,batch>blob"
"export-service-writeheavy","Bulk export service — write-heavy","Data & analytics","Bulk export service","write-heavy","batch","no","A few enormous jobs starving many small ones.","Writes dominate; the buffer decides whether a burst is absorbed or dropped.","8","scheduler:Scheduler,batch:Batch job,lake:Lake,etl:Transform,warehouse:Warehouse,blob:Object store,queue:Write buffer,worker:Writer","scheduler>batch>lake>etl>warehouse,batch>blob"
"export-service-costcapped","Bulk export service — cost-capped","Data & analytics","Bulk export service","cost-capped","batch","no","A few enormous jobs starving many small ones.","Sized to a budget rather than to a latency target, which changes every answer.","6","scheduler:Scheduler,batch:Batch job,lake:Lake,etl:Transform,warehouse:Warehouse,blob:Object store","scheduler>batch>lake>etl>warehouse,batch>blob"
"export-service-regulated","Bulk export service — audited","Data & analytics","Bulk export service","audited","batch","no","A few enormous jobs starving many small ones.","Every mutation is evidence, and the audit path cannot be sampled.","9","scheduler:Scheduler,batch:Batch job,lake:Lake,etl:Transform,warehouse:Warehouse,blob:Object store,audit:Audit log,pii:PII vault,sign:Signer","scheduler>batch>lake>etl>warehouse,batch>blob"
"stream-joins","Streaming joins","Data & analytics","Streaming joins","base","pipeline","no","State grows with the window and memory is the ceiling.","The straightforward shape, sized for steady load.","7","client:Producer,kafka:Event log,stream:Stream processor,lake:Lake,etl:Transform,warehouse:Warehouse,bi:BI","client>kafka>stream>lake>etl>warehouse>bi"
"stream-joins-writeheavy","Streaming joins — write-heavy","Data & analytics","Streaming joins","write-heavy","pipeline","no","State grows with the window and memory is the ceiling.","Writes dominate; the buffer decides whether a burst is absorbed or dropped.","9","client:Producer,kafka:Event log,stream:Stream processor,lake:Lake,etl:Transform,warehouse:Warehouse,bi:BI,queue:Write buffer,worker:Writer","client>kafka>stream>lake>etl>warehouse>bi"
"stream-joins-costcapped","Streaming joins — cost-capped","Data & analytics","Streaming joins","cost-capped","pipeline","no","State grows with the window and memory is the ceiling.","Sized to a budget rather than to a latency target, which changes every answer.","7","client:Producer,kafka:Event log,stream:Stream processor,lake:Lake,etl:Transform,warehouse:Warehouse,bi:BI","client>kafka>stream>lake>etl>warehouse>bi"
"stream-joins-regulated","Streaming joins — audited","Data & analytics","Streaming joins","audited","pipeline","no","State grows with the window and memory is the ceiling.","Every mutation is evidence, and the audit path cannot be sampled.","10","client:Producer,kafka:Event log,stream:Stream processor,lake:Lake,etl:Transform,warehouse:Warehouse,bi:BI,audit:Audit log,pii:PII vault,sign:Signer","client>kafka>stream>lake>etl>warehouse>bi"
"rag-chat","RAG chat assistant","AI & ML","RAG chat assistant","base","inference","no","Retrieval and generation are two very different queues in one request.","The straightforward shape, sized for steady load.","7","client:Client,gateway:API gateway,ratelimiter:Rate limiter,guard:Safety filter,llm:Model,vector:Vector store,cache:Response cache","client>gateway>ratelimiter>guard>llm,llm>vector,gateway>cache"
"rag-chat-costcapped","RAG chat assistant — cost-capped","AI & ML","RAG chat assistant","cost-capped","inference","no","Retrieval and generation are two very different queues in one request.","Sized to a budget rather than to a latency target, which changes every answer.","7","client:Client,gateway:API gateway,ratelimiter:Rate limiter,guard:Safety filter,llm:Model,vector:Vector store,cache:Response cache","client>gateway>ratelimiter>guard>llm,llm>vector,gateway>cache"
"rag-chat-bursty","RAG chat assistant — burst-tolerant","AI & ML","RAG chat assistant","burst-tolerant","inference","no","Retrieval and generation are two very different queues in one request.","Load arrives in spikes 20× the mean; steady-state sizing is a trap.","9","client:Client,gateway:API gateway,ratelimiter:Rate limiter,guard:Safety filter,llm:Model,vector:Vector store,cache:Response cache,queue:Surge queue,ratelimiter:Rate limiter","client>gateway>ratelimiter>guard>llm,llm>vector,gateway>cache"
"rag-chat-regulated","RAG chat assistant — audited","AI & ML","RAG chat assistant","audited","inference","no","Retrieval and generation are two very different queues in one request.","Every mutation is evidence, and the audit path cannot be sampled.","10","client:Client,gateway:API gateway,ratelimiter:Rate limiter,guard:Safety filter,llm:Model,vector:Vector store,cache:Response cache,audit:Audit log,pii:PII vault,sign:Signer","client>gateway>ratelimiter>guard>llm,llm>vector,gateway>cache"
"llm-api","LLM API service","AI & ML","LLM API service","base","inference","no","Concurrency, not rps: a long generation holds a worker for seconds.","The straightforward shape, sized for steady load.","7","client:Client,gateway:API gateway,ratelimiter:Rate limiter,guard:Safety filter,llm:Model,vector:Vector store,cache:Response cache","client>gateway>ratelimiter>guard>llm,llm>vector,gateway>cache"
"llm-api-costcapped","LLM API service — cost-capped","AI & ML","LLM API service","cost-capped","inference","no","Concurrency, not rps: a long generation holds a worker for seconds.","Sized to a budget rather than to a latency target, which changes every answer.","7","client:Client,gateway:API gateway,ratelimiter:Rate limiter,guard:Safety filter,llm:Model,vector:Vector store,cache:Response cache","client>gateway>ratelimiter>guard>llm,llm>vector,gateway>cache"
"llm-api-bursty","LLM API service — burst-tolerant","AI & ML","LLM API service","burst-tolerant","inference","no","Concurrency, not rps: a long generation holds a worker for seconds.","Load arrives in spikes 20× the mean; steady-state sizing is a trap.","9","client:Client,gateway:API gateway,ratelimiter:Rate limiter,guard:Safety filter,llm:Model,vector:Vector store,cache:Response cache,queue:Surge queue,ratelimiter:Rate limiter","client>gateway>ratelimiter>guard>llm,llm>vector,gateway>cache"
"llm-api-regulated","LLM API service — audited","AI & ML","LLM API service","audited","inference","no","Concurrency, not rps: a long generation holds a worker for seconds.","Every mutation is evidence, and the audit path cannot be sampled.","10","client:Client,gateway:API gateway,ratelimiter:Rate limiter,guard:Safety filter,llm:Model,vector:Vector store,cache:Response cache,audit:Audit log,pii:PII vault,sign:Signer","client>gateway>ratelimiter>guard>llm,llm>vector,gateway>cache"
"embedding-service","Embedding service","AI & ML","Embedding service","base","inference","no","Batchable, which changes the whole capacity calculation.","The straightforward shape, sized for steady load.","7","client:Client,gateway:API gateway,ratelimiter:Rate limiter,guard:Safety filter,llm:Model,vector:Vector store,cache:Response cache","client>gateway>ratelimiter>guard>llm,llm>vector,gateway>cache"
"embedding-service-costcapped","Embedding service — cost-capped","AI & ML","Embedding service","cost-capped","inference","no","Batchable, which changes the whole capacity calculation.","Sized to a budget rather than to a latency target, which changes every answer.","7","client:Client,gateway:API gateway,ratelimiter:Rate limiter,guard:Safety filter,llm:Model,vector:Vector store,cache:Response cache","client>gateway>ratelimiter>guard>llm,llm>vector,gateway>cache"
"embedding-service-bursty","Embedding service — burst-tolerant","AI & ML","Embedding service","burst-tolerant","inference","no","Batchable, which changes the whole capacity calculation.","Load arrives in spikes 20× the mean; steady-state sizing is a trap.","9","client:Client,gateway:API gateway,ratelimiter:Rate limiter,guard:Safety filter,llm:Model,vector:Vector store,cache:Response cache,queue:Surge queue,ratelimiter:Rate limiter","client>gateway>ratelimiter>guard>llm,llm>vector,gateway>cache"
"embedding-service-regulated","Embedding service — audited","AI & ML","Embedding service","audited","inference","no","Batchable, which changes the whole capacity calculation.","Every mutation is evidence, and the audit path cannot be sampled.","10","client:Client,gateway:API gateway,ratelimiter:Rate limiter,guard:Safety filter,llm:Model,vector:Vector store,cache:Response cache,audit:Audit log,pii:PII vault,sign:Signer","client>gateway>ratelimiter>guard>llm,llm>vector,gateway>cache"
"vector-search","Vector search","AI & ML","Vector search","base","search","no","Recall and latency trade against each other explicitly.","The straightforward shape, sized for steady load.","8","client:Client,cdn:CDN,gateway:API gateway,app:Query API,search:Index,cache:Cache,cdc:Indexer,sql:Source DB","client>cdn>gateway>app,app>search,app>cache,sql>cdc>search"
"vector-search-costcapped","Vector search — cost-capped","AI & ML","Vector search","cost-capped","search","no","Recall and latency trade against each other explicitly.","Sized to a budget rather than to a latency target, which changes every answer.","8","client:Client,cdn:CDN,gateway:API gateway,app:Query API,search:Index,cache:Cache,cdc:Indexer,sql:Source DB","client>cdn>gateway>app,app>search,app>cache,sql>cdc>search"
"vector-search-bursty","Vector search — burst-tolerant","AI & ML","Vector search","burst-tolerant","search","no","Recall and latency trade against each other explicitly.","Load arrives in spikes 20× the mean; steady-state sizing is a trap.","10","client:Client,cdn:CDN,gateway:API gateway,app:Query API,search:Index,cache:Cache,cdc:Indexer,sql:Source DB,queue:Surge queue,ratelimiter:Rate limiter","client>cdn>gateway>app,app>search,app>cache,sql>cdc>search"
"vector-search-regulated","Vector search — audited","AI & ML","Vector search","audited","search","no","Recall and latency trade against each other explicitly.","Every mutation is evidence, and the audit path cannot be sampled.","11","client:Client,cdn:CDN,gateway:API gateway,app:Query API,search:Index,cache:Cache,cdc:Indexer,sql:Source DB,audit:Audit log,pii:PII vault,sign:Signer","client>cdn>gateway>app,app>search,app>cache,sql>cdc>search"
"agent-runtime","Agent runtime","AI & ML","Agent runtime","base","inference","no","Unbounded tool loops are the failure mode, not slow models.","The straightforward shape, sized for steady load.","7","client:Client,gateway:API gateway,ratelimiter:Rate limiter,guard:Safety filter,llm:Model,vector:Vector store,cache:Response cache","client>gateway>ratelimiter>guard>llm,llm>vector,gateway>cache"
"agent-runtime-costcapped","Agent runtime — cost-capped","AI & ML","Agent runtime","cost-capped","inference","no","Unbounded tool loops are the failure mode, not slow models.","Sized to a budget rather than to a latency target, which changes every answer.","7","client:Client,gateway:API gateway,ratelimiter:Rate limiter,guard:Safety filter,llm:Model,vector:Vector store,cache:Response cache","client>gateway>ratelimiter>guard>llm,llm>vector,gateway>cache"
"agent-runtime-bursty","Agent runtime — burst-tolerant","AI & ML","Agent runtime","burst-tolerant","inference","no","Unbounded tool loops are the failure mode, not slow models.","Load arrives in spikes 20× the mean; steady-state sizing is a trap.","9","client:Client,gateway:API gateway,ratelimiter:Rate limiter,guard:Safety filter,llm:Model,vector:Vector store,cache:Response cache,queue:Surge queue,ratelimiter:Rate limiter","client>gateway>ratelimiter>guard>llm,llm>vector,gateway>cache"
"agent-runtime-regulated","Agent runtime — audited","AI & ML","Agent runtime","audited","inference","no","Unbounded tool loops are the failure mode, not slow models.","Every mutation is evidence, and the audit path cannot be sampled.","10","client:Client,gateway:API gateway,ratelimiter:Rate limiter,guard:Safety filter,llm:Model,vector:Vector store,cache:Response cache,audit:Audit log,pii:PII vault,sign:Signer","client>gateway>ratelimiter>guard>llm,llm>vector,gateway>cache"
"prompt-gateway","Prompt gateway","AI & ML","Prompt gateway","base","inference","no","Routing, caching and spend control in front of models you rent.","The straightforward shape, sized for steady load.","7","client:Client,gateway:API gateway,ratelimiter:Rate limiter,guard:Safety filter,llm:Model,vector:Vector store,cache:Response cache","client>gateway>ratelimiter>guard>llm,llm>vector,gateway>cache"
"prompt-gateway-costcapped","Prompt gateway — cost-capped","AI & ML","Prompt gateway","cost-capped","inference","no","Routing, caching and spend control in front of models you rent.","Sized to a budget rather than to a latency target, which changes every answer.","7","client:Client,gateway:API gateway,ratelimiter:Rate limiter,guard:Safety filter,llm:Model,vector:Vector store,cache:Response cache","client>gateway>ratelimiter>guard>llm,llm>vector,gateway>cache"
"prompt-gateway-bursty","Prompt gateway — burst-tolerant","AI & ML","Prompt gateway","burst-tolerant","inference","no","Routing, caching and spend control in front of models you rent.","Load arrives in spikes 20× the mean; steady-state sizing is a trap.","9","client:Client,gateway:API gateway,ratelimiter:Rate limiter,guard:Safety filter,llm:Model,vector:Vector store,cache:Response cache,queue:Surge queue,ratelimiter:Rate limiter","client>gateway>ratelimiter>guard>llm,llm>vector,gateway>cache"
"prompt-gateway-regulated","Prompt gateway — audited","AI & ML","Prompt gateway","audited","inference","no","Routing, caching and spend control in front of models you rent.","Every mutation is evidence, and the audit path cannot be sampled.","10","client:Client,gateway:API gateway,ratelimiter:Rate limiter,guard:Safety filter,llm:Model,vector:Vector store,cache:Response cache,audit:Audit log,pii:PII vault,sign:Signer","client>gateway>ratelimiter>guard>llm,llm>vector,gateway>cache"
"finetune-pipeline","Fine-tuning pipeline","AI & ML","Fine-tuning pipeline","base","batch","no","GPU hours billed whether the job converges or not.","The straightforward shape, sized for steady load.","6","scheduler:Scheduler,batch:Batch job,lake:Lake,etl:Transform,warehouse:Warehouse,blob:Object store","scheduler>batch>lake>etl>warehouse,batch>blob"
"finetune-pipeline-costcapped","Fine-tuning pipeline — cost-capped","AI & ML","Fine-tuning pipeline","cost-capped","batch","no","GPU hours billed whether the job converges or not.","Sized to a budget rather than to a latency target, which changes every answer.","6","scheduler:Scheduler,batch:Batch job,lake:Lake,etl:Transform,warehouse:Warehouse,blob:Object store","scheduler>batch>lake>etl>warehouse,batch>blob"
"finetune-pipeline-bursty","Fine-tuning pipeline — burst-tolerant","AI & ML","Fine-tuning pipeline","burst-tolerant","batch","no","GPU hours billed whether the job converges or not.","Load arrives in spikes 20× the mean; steady-state sizing is a trap.","8","scheduler:Scheduler,batch:Batch job,lake:Lake,etl:Transform,warehouse:Warehouse,blob:Object store,queue:Surge queue,ratelimiter:Rate limiter","scheduler>batch>lake>etl>warehouse,batch>blob"
"finetune-pipeline-regulated","Fine-tuning pipeline — audited","AI & ML","Fine-tuning pipeline","audited","batch","no","GPU hours billed whether the job converges or not.","Every mutation is evidence, and the audit path cannot be sampled.","9","scheduler:Scheduler,batch:Batch job,lake:Lake,etl:Transform,warehouse:Warehouse,blob:Object store,audit:Audit log,pii:PII vault,sign:Signer","scheduler>batch>lake>etl>warehouse,batch>blob"
"model-registry","Model registry","AI & ML","Model registry","base","readheavy","no","Small, boring, and blocking every deploy.","The straightforward shape, sized for steady load.","7","client:Client,cdn:CDN,lb:Load balancer,app:App,cache:Cache,sql:Primary DB,search:Search","client>cdn>lb>app,app>cache,app>sql,app>search"
"model-registry-costcapped","Model registry — cost-capped","AI & ML","Model registry","cost-capped","readheavy","no","Small, boring, and blocking every deploy.","Sized to a budget rather than to a latency target, which changes every answer.","7","client:Client,cdn:CDN,lb:Load balancer,app:App,cache:Cache,sql:Primary DB,search:Search","client>cdn>lb>app,app>cache,app>sql,app>search"
"model-registry-bursty","Model registry — burst-tolerant","AI & ML","Model registry","burst-tolerant","readheavy","no","Small, boring, and blocking every deploy.","Load arrives in spikes 20× the mean; steady-state sizing is a trap.","9","client:Client,cdn:CDN,lb:Load balancer,app:App,cache:Cache,sql:Primary DB,search:Search,queue:Surge queue,ratelimiter:Rate limiter","client>cdn>lb>app,app>cache,app>sql,app>search"
"model-registry-regulated","Model registry — audited","AI & ML","Model registry","audited","readheavy","no","Small, boring, and blocking every deploy.","Every mutation is evidence, and the audit path cannot be sampled.","10","client:Client,cdn:CDN,lb:Load balancer,app:App,cache:Cache,sql:Primary DB,search:Search,audit:Audit log,pii:PII vault,sign:Signer","client>cdn>lb>app,app>cache,app>sql,app>search"
"inference-batch","Batch inference","AI & ML","Batch inference","base","batch","no","Throughput at any latency; the opposite problem to serving.","The straightforward shape, sized for steady load.","6","scheduler:Scheduler,batch:Batch job,lake:Lake,etl:Transform,warehouse:Warehouse,blob:Object store","scheduler>batch>lake>etl>warehouse,batch>blob"
"inference-batch-costcapped","Batch inference — cost-capped","AI & ML","Batch inference","cost-capped","batch","no","Throughput at any latency; the opposite problem to serving.","Sized to a budget rather than to a latency target, which changes every answer.","6","scheduler:Scheduler,batch:Batch job,lake:Lake,etl:Transform,warehouse:Warehouse,blob:Object store","scheduler>batch>lake>etl>warehouse,batch>blob"
"inference-batch-bursty","Batch inference — burst-tolerant","AI & ML","Batch inference","burst-tolerant","batch","no","Throughput at any latency; the opposite problem to serving.","Load arrives in spikes 20× the mean; steady-state sizing is a trap.","8","scheduler:Scheduler,batch:Batch job,lake:Lake,etl:Transform,warehouse:Warehouse,blob:Object store,queue:Surge queue,ratelimiter:Rate limiter","scheduler>batch>lake>etl>warehouse,batch>blob"
"inference-batch-regulated","Batch inference — audited","AI & ML","Batch inference","audited","batch","no","Throughput at any latency; the opposite problem to serving.","Every mutation is evidence, and the audit path cannot be sampled.","9","scheduler:Scheduler,batch:Batch job,lake:Lake,etl:Transform,warehouse:Warehouse,blob:Object store,audit:Audit log,pii:PII vault,sign:Signer","scheduler>batch>lake>etl>warehouse,batch>blob"
"guardrails","Safety filtering","AI & ML","Safety filtering","base","inference","no","Two model calls to answer one question.","The straightforward shape, sized for steady load.","7","client:Client,gateway:API gateway,ratelimiter:Rate limiter,guard:Safety filter,llm:Model,vector:Vector store,cache:Response cache","client>gateway>ratelimiter>guard>llm,llm>vector,gateway>cache"
"guardrails-costcapped","Safety filtering — cost-capped","AI & ML","Safety filtering","cost-capped","inference","no","Two model calls to answer one question.","Sized to a budget rather than to a latency target, which changes every answer.","7","client:Client,gateway:API gateway,ratelimiter:Rate limiter,guard:Safety filter,llm:Model,vector:Vector store,cache:Response cache","client>gateway>ratelimiter>guard>llm,llm>vector,gateway>cache"
"guardrails-bursty","Safety filtering — burst-tolerant","AI & ML","Safety filtering","burst-tolerant","inference","no","Two model calls to answer one question.","Load arrives in spikes 20× the mean; steady-state sizing is a trap.","9","client:Client,gateway:API gateway,ratelimiter:Rate limiter,guard:Safety filter,llm:Model,vector:Vector store,cache:Response cache,queue:Surge queue,ratelimiter:Rate limiter","client>gateway>ratelimiter>guard>llm,llm>vector,gateway>cache"
"guardrails-regulated","Safety filtering — audited","AI & ML","Safety filtering","audited","inference","no","Two model calls to answer one question.","Every mutation is evidence, and the audit path cannot be sampled.","10","client:Client,gateway:API gateway,ratelimiter:Rate limiter,guard:Safety filter,llm:Model,vector:Vector store,cache:Response cache,audit:Audit log,pii:PII vault,sign:Signer","client>gateway>ratelimiter>guard>llm,llm>vector,gateway>cache"
"speech-to-text","Speech to text","AI & ML","Speech to text","base","inference","no","Streaming audio holds a connection for the length of the audio.","The straightforward shape, sized for steady load.","7","client:Client,gateway:API gateway,ratelimiter:Rate limiter,guard:Safety filter,llm:Model,vector:Vector store,cache:Response cache","client>gateway>ratelimiter>guard>llm,llm>vector,gateway>cache"
"speech-to-text-costcapped","Speech to text — cost-capped","AI & ML","Speech to text","cost-capped","inference","no","Streaming audio holds a connection for the length of the audio.","Sized to a budget rather than to a latency target, which changes every answer.","7","client:Client,gateway:API gateway,ratelimiter:Rate limiter,guard:Safety filter,llm:Model,vector:Vector store,cache:Response cache","client>gateway>ratelimiter>guard>llm,llm>vector,gateway>cache"
"speech-to-text-bursty","Speech to text — burst-tolerant","AI & ML","Speech to text","burst-tolerant","inference","no","Streaming audio holds a connection for the length of the audio.","Load arrives in spikes 20× the mean; steady-state sizing is a trap.","9","client:Client,gateway:API gateway,ratelimiter:Rate limiter,guard:Safety filter,llm:Model,vector:Vector store,cache:Response cache,queue:Surge queue,ratelimiter:Rate limiter","client>gateway>ratelimiter>guard>llm,llm>vector,gateway>cache"
"speech-to-text-regulated","Speech to text — audited","AI & ML","Speech to text","audited","inference","no","Streaming audio holds a connection for the length of the audio.","Every mutation is evidence, and the audit path cannot be sampled.","10","client:Client,gateway:API gateway,ratelimiter:Rate limiter,guard:Safety filter,llm:Model,vector:Vector store,cache:Response cache,audit:Audit log,pii:PII vault,sign:Signer","client>gateway>ratelimiter>guard>llm,llm>vector,gateway>cache"
"text-to-speech","Text to speech","AI & ML","Text to speech","base","inference","no","Generation faster than playback, or the illusion breaks.","The straightforward shape, sized for steady load.","7","client:Client,gateway:API gateway,ratelimiter:Rate limiter,guard:Safety filter,llm:Model,vector:Vector store,cache:Response cache","client>gateway>ratelimiter>guard>llm,llm>vector,gateway>cache"
"text-to-speech-costcapped","Text to speech — cost-capped","AI & ML","Text to speech","cost-capped","inference","no","Generation faster than playback, or the illusion breaks.","Sized to a budget rather than to a latency target, which changes every answer.","7","client:Client,gateway:API gateway,ratelimiter:Rate limiter,guard:Safety filter,llm:Model,vector:Vector store,cache:Response cache","client>gateway>ratelimiter>guard>llm,llm>vector,gateway>cache"
"text-to-speech-bursty","Text to speech — burst-tolerant","AI & ML","Text to speech","burst-tolerant","inference","no","Generation faster than playback, or the illusion breaks.","Load arrives in spikes 20× the mean; steady-state sizing is a trap.","9","client:Client,gateway:API gateway,ratelimiter:Rate limiter,guard:Safety filter,llm:Model,vector:Vector store,cache:Response cache,queue:Surge queue,ratelimiter:Rate limiter","client>gateway>ratelimiter>guard>llm,llm>vector,gateway>cache"
"text-to-speech-regulated","Text to speech — audited","AI & ML","Text to speech","audited","inference","no","Generation faster than playback, or the illusion breaks.","Every mutation is evidence, and the audit path cannot be sampled.","10","client:Client,gateway:API gateway,ratelimiter:Rate limiter,guard:Safety filter,llm:Model,vector:Vector store,cache:Response cache,audit:Audit log,pii:PII vault,sign:Signer","client>gateway>ratelimiter>guard>llm,llm>vector,gateway>cache"
"image-gen","Image generation","AI & ML","Image generation","base","inference","no","Seconds per request and no way to make it feel instant.","The straightforward shape, sized for steady load.","7","client:Client,gateway:API gateway,ratelimiter:Rate limiter,guard:Safety filter,llm:Model,vector:Vector store,cache:Response cache","client>gateway>ratelimiter>guard>llm,llm>vector,gateway>cache"
"image-gen-costcapped","Image generation — cost-capped","AI & ML","Image generation","cost-capped","inference","no","Seconds per request and no way to make it feel instant.","Sized to a budget rather than to a latency target, which changes every answer.","7","client:Client,gateway:API gateway,ratelimiter:Rate limiter,guard:Safety filter,llm:Model,vector:Vector store,cache:Response cache","client>gateway>ratelimiter>guard>llm,llm>vector,gateway>cache"
"image-gen-bursty","Image generation — burst-tolerant","AI & ML","Image generation","burst-tolerant","inference","no","Seconds per request and no way to make it feel instant.","Load arrives in spikes 20× the mean; steady-state sizing is a trap.","9","client:Client,gateway:API gateway,ratelimiter:Rate limiter,guard:Safety filter,llm:Model,vector:Vector store,cache:Response cache,queue:Surge queue,ratelimiter:Rate limiter","client>gateway>ratelimiter>guard>llm,llm>vector,gateway>cache"
"image-gen-regulated","Image generation — audited","AI & ML","Image generation","audited","inference","no","Seconds per request and no way to make it feel instant.","Every mutation is evidence, and the audit path cannot be sampled.","10","client:Client,gateway:API gateway,ratelimiter:Rate limiter,guard:Safety filter,llm:Model,vector:Vector store,cache:Response cache,audit:Audit log,pii:PII vault,sign:Signer","client>gateway>ratelimiter>guard>llm,llm>vector,gateway>cache"
"video-gen","Video generation","AI & ML","Video generation","base","batch","no","Minutes per job; the queue is the product experience.","The straightforward shape, sized for steady load.","6","scheduler:Scheduler,batch:Batch job,lake:Lake,etl:Transform,warehouse:Warehouse,blob:Object store","scheduler>batch>lake>etl>warehouse,batch>blob"
"video-gen-costcapped","Video generation — cost-capped","AI & ML","Video generation","cost-capped","batch","no","Minutes per job; the queue is the product experience.","Sized to a budget rather than to a latency target, which changes every answer.","6","scheduler:Scheduler,batch:Batch job,lake:Lake,etl:Transform,warehouse:Warehouse,blob:Object store","scheduler>batch>lake>etl>warehouse,batch>blob"
"video-gen-bursty","Video generation — burst-tolerant","AI & ML","Video generation","burst-tolerant","batch","no","Minutes per job; the queue is the product experience.","Load arrives in spikes 20× the mean; steady-state sizing is a trap.","8","scheduler:Scheduler,batch:Batch job,lake:Lake,etl:Transform,warehouse:Warehouse,blob:Object store,queue:Surge queue,ratelimiter:Rate limiter","scheduler>batch>lake>etl>warehouse,batch>blob"
"video-gen-regulated","Video generation — audited","AI & ML","Video generation","audited","batch","no","Minutes per job; the queue is the product experience.","Every mutation is evidence, and the audit path cannot be sampled.","9","scheduler:Scheduler,batch:Batch job,lake:Lake,etl:Transform,warehouse:Warehouse,blob:Object store,audit:Audit log,pii:PII vault,sign:Signer","scheduler>batch>lake>etl>warehouse,batch>blob"
"ocr-pipeline","Document OCR","AI & ML","Document OCR","base","batch","no","Wildly variable per-document cost.","The straightforward shape, sized for steady load.","6","scheduler:Scheduler,batch:Batch job,lake:Lake,etl:Transform,warehouse:Warehouse,blob:Object store","scheduler>batch>lake>etl>warehouse,batch>blob"
"ocr-pipeline-costcapped","Document OCR — cost-capped","AI & ML","Document OCR","cost-capped","batch","no","Wildly variable per-document cost.","Sized to a budget rather than to a latency target, which changes every answer.","6","scheduler:Scheduler,batch:Batch job,lake:Lake,etl:Transform,warehouse:Warehouse,blob:Object store","scheduler>batch>lake>etl>warehouse,batch>blob"
"ocr-pipeline-bursty","Document OCR — burst-tolerant","AI & ML","Document OCR","burst-tolerant","batch","no","Wildly variable per-document cost.","Load arrives in spikes 20× the mean; steady-state sizing is a trap.","8","scheduler:Scheduler,batch:Batch job,lake:Lake,etl:Transform,warehouse:Warehouse,blob:Object store,queue:Surge queue,ratelimiter:Rate limiter","scheduler>batch>lake>etl>warehouse,batch>blob"
"ocr-pipeline-regulated","Document OCR — audited","AI & ML","Document OCR","audited","batch","no","Wildly variable per-document cost.","Every mutation is evidence, and the audit path cannot be sampled.","9","scheduler:Scheduler,batch:Batch job,lake:Lake,etl:Transform,warehouse:Warehouse,blob:Object store,audit:Audit log,pii:PII vault,sign:Signer","scheduler>batch>lake>etl>warehouse,batch>blob"
"semantic-cache","Semantic cache","AI & ML","Semantic cache","base","inference","no","A cache whose hit is a judgement call.","The straightforward shape, sized for steady load.","7","client:Client,gateway:API gateway,ratelimiter:Rate limiter,guard:Safety filter,llm:Model,vector:Vector store,cache:Response cache","client>gateway>ratelimiter>guard>llm,llm>vector,gateway>cache"
"semantic-cache-costcapped","Semantic cache — cost-capped","AI & ML","Semantic cache","cost-capped","inference","no","A cache whose hit is a judgement call.","Sized to a budget rather than to a latency target, which changes every answer.","7","client:Client,gateway:API gateway,ratelimiter:Rate limiter,guard:Safety filter,llm:Model,vector:Vector store,cache:Response cache","client>gateway>ratelimiter>guard>llm,llm>vector,gateway>cache"
"semantic-cache-bursty","Semantic cache — burst-tolerant","AI & ML","Semantic cache","burst-tolerant","inference","no","A cache whose hit is a judgement call.","Load arrives in spikes 20× the mean; steady-state sizing is a trap.","9","client:Client,gateway:API gateway,ratelimiter:Rate limiter,guard:Safety filter,llm:Model,vector:Vector store,cache:Response cache,queue:Surge queue,ratelimiter:Rate limiter","client>gateway>ratelimiter>guard>llm,llm>vector,gateway>cache"
"semantic-cache-regulated","Semantic cache — audited","AI & ML","Semantic cache","audited","inference","no","A cache whose hit is a judgement call.","Every mutation is evidence, and the audit path cannot be sampled.","10","client:Client,gateway:API gateway,ratelimiter:Rate limiter,guard:Safety filter,llm:Model,vector:Vector store,cache:Response cache,audit:Audit log,pii:PII vault,sign:Signer","client>gateway>ratelimiter>guard>llm,llm>vector,gateway>cache"
"eval-harness","Model evaluation harness","AI & ML","Model evaluation harness","base","batch","no","Thousands of model calls to answer one question about quality.","The straightforward shape, sized for steady load.","6","scheduler:Scheduler,batch:Batch job,lake:Lake,etl:Transform,warehouse:Warehouse,blob:Object store","scheduler>batch>lake>etl>warehouse,batch>blob"
"eval-harness-costcapped","Model evaluation harness — cost-capped","AI & ML","Model evaluation harness","cost-capped","batch","no","Thousands of model calls to answer one question about quality.","Sized to a budget rather than to a latency target, which changes every answer.","6","scheduler:Scheduler,batch:Batch job,lake:Lake,etl:Transform,warehouse:Warehouse,blob:Object store","scheduler>batch>lake>etl>warehouse,batch>blob"
"eval-harness-bursty","Model evaluation harness — burst-tolerant","AI & ML","Model evaluation harness","burst-tolerant","batch","no","Thousands of model calls to answer one question about quality.","Load arrives in spikes 20× the mean; steady-state sizing is a trap.","8","scheduler:Scheduler,batch:Batch job,lake:Lake,etl:Transform,warehouse:Warehouse,blob:Object store,queue:Surge queue,ratelimiter:Rate limiter","scheduler>batch>lake>etl>warehouse,batch>blob"
"eval-harness-regulated","Model evaluation harness — audited","AI & ML","Model evaluation harness","audited","batch","no","Thousands of model calls to answer one question about quality.","Every mutation is evidence, and the audit path cannot be sampled.","9","scheduler:Scheduler,batch:Batch job,lake:Lake,etl:Transform,warehouse:Warehouse,blob:Object store,audit:Audit log,pii:PII vault,sign:Signer","scheduler>batch>lake>etl>warehouse,batch>blob"
"feature-store-ml","Feature store","AI & ML","Feature store","base","readheavy","no","Serving in milliseconds what training computed in hours.","The straightforward shape, sized for steady load.","7","client:Client,cdn:CDN,lb:Load balancer,app:App,cache:Cache,sql:Primary DB,search:Search","client>cdn>lb>app,app>cache,app>sql,app>search"
"feature-store-ml-costcapped","Feature store — cost-capped","AI & ML","Feature store","cost-capped","readheavy","no","Serving in milliseconds what training computed in hours.","Sized to a budget rather than to a latency target, which changes every answer.","7","client:Client,cdn:CDN,lb:Load balancer,app:App,cache:Cache,sql:Primary DB,search:Search","client>cdn>lb>app,app>cache,app>sql,app>search"
"feature-store-ml-bursty","Feature store — burst-tolerant","AI & ML","Feature store","burst-tolerant","readheavy","no","Serving in milliseconds what training computed in hours.","Load arrives in spikes 20× the mean; steady-state sizing is a trap.","9","client:Client,cdn:CDN,lb:Load balancer,app:App,cache:Cache,sql:Primary DB,search:Search,queue:Surge queue,ratelimiter:Rate limiter","client>cdn>lb>app,app>cache,app>sql,app>search"
"feature-store-ml-regulated","Feature store — audited","AI & ML","Feature store","audited","readheavy","no","Serving in milliseconds what training computed in hours.","Every mutation is evidence, and the audit path cannot be sampled.","10","client:Client,cdn:CDN,lb:Load balancer,app:App,cache:Cache,sql:Primary DB,search:Search,audit:Audit log,pii:PII vault,sign:Signer","client>cdn>lb>app,app>cache,app>sql,app>search"
"recsys","Recommender system","AI & ML","Recommender system","base","inference","no","Candidate generation and ranking have different budgets.","The straightforward shape, sized for steady load.","7","client:Client,gateway:API gateway,ratelimiter:Rate limiter,guard:Safety filter,llm:Model,vector:Vector store,cache:Response cache","client>gateway>ratelimiter>guard>llm,llm>vector,gateway>cache"
"recsys-costcapped","Recommender system — cost-capped","AI & ML","Recommender system","cost-capped","inference","no","Candidate generation and ranking have different budgets.","Sized to a budget rather than to a latency target, which changes every answer.","7","client:Client,gateway:API gateway,ratelimiter:Rate limiter,guard:Safety filter,llm:Model,vector:Vector store,cache:Response cache","client>gateway>ratelimiter>guard>llm,llm>vector,gateway>cache"
"recsys-bursty","Recommender system — burst-tolerant","AI & ML","Recommender system","burst-tolerant","inference","no","Candidate generation and ranking have different budgets.","Load arrives in spikes 20× the mean; steady-state sizing is a trap.","9","client:Client,gateway:API gateway,ratelimiter:Rate limiter,guard:Safety filter,llm:Model,vector:Vector store,cache:Response cache,queue:Surge queue,ratelimiter:Rate limiter","client>gateway>ratelimiter>guard>llm,llm>vector,gateway>cache"
"recsys-regulated","Recommender system — audited","AI & ML","Recommender system","audited","inference","no","Candidate generation and ranking have different budgets.","Every mutation is evidence, and the audit path cannot be sampled.","10","client:Client,gateway:API gateway,ratelimiter:Rate limiter,guard:Safety filter,llm:Model,vector:Vector store,cache:Response cache,audit:Audit log,pii:PII vault,sign:Signer","client>gateway>ratelimiter>guard>llm,llm>vector,gateway>cache"
"anomaly-detection","Anomaly detection","AI & ML","Anomaly detection","base","pipeline","no","Streaming inference where a false positive costs an on-call page.","The straightforward shape, sized for steady load.","7","client:Producer,kafka:Event log,stream:Stream processor,lake:Lake,etl:Transform,warehouse:Warehouse,bi:BI","client>kafka>stream>lake>etl>warehouse>bi"
"anomaly-detection-costcapped","Anomaly detection — cost-capped","AI & ML","Anomaly detection","cost-capped","pipeline","no","Streaming inference where a false positive costs an on-call page.","Sized to a budget rather than to a latency target, which changes every answer.","7","client:Producer,kafka:Event log,stream:Stream processor,lake:Lake,etl:Transform,warehouse:Warehouse,bi:BI","client>kafka>stream>lake>etl>warehouse>bi"
"anomaly-detection-bursty","Anomaly detection — burst-tolerant","AI & ML","Anomaly detection","burst-tolerant","pipeline","no","Streaming inference where a false positive costs an on-call page.","Load arrives in spikes 20× the mean; steady-state sizing is a trap.","9","client:Producer,kafka:Event log,stream:Stream processor,lake:Lake,etl:Transform,warehouse:Warehouse,bi:BI,queue:Surge queue,ratelimiter:Rate limiter","client>kafka>stream>lake>etl>warehouse>bi"
"anomaly-detection-regulated","Anomaly detection — audited","AI & ML","Anomaly detection","audited","pipeline","no","Streaming inference where a false positive costs an on-call page.","Every mutation is evidence, and the audit path cannot be sampled.","10","client:Producer,kafka:Event log,stream:Stream processor,lake:Lake,etl:Transform,warehouse:Warehouse,bi:BI,audit:Audit log,pii:PII vault,sign:Signer","client>kafka>stream>lake>etl>warehouse>bi"
"copilot-backend","Code assistant backend","AI & ML","Code assistant backend","base","inference","no","Latency budget shorter than a keystroke pause.","The straightforward shape, sized for steady load.","7","client:Client,gateway:API gateway,ratelimiter:Rate limiter,guard:Safety filter,llm:Model,vector:Vector store,cache:Response cache","client>gateway>ratelimiter>guard>llm,llm>vector,gateway>cache"
"copilot-backend-costcapped","Code assistant backend — cost-capped","AI & ML","Code assistant backend","cost-capped","inference","no","Latency budget shorter than a keystroke pause.","Sized to a budget rather than to a latency target, which changes every answer.","7","client:Client,gateway:API gateway,ratelimiter:Rate limiter,guard:Safety filter,llm:Model,vector:Vector store,cache:Response cache","client>gateway>ratelimiter>guard>llm,llm>vector,gateway>cache"
"copilot-backend-bursty","Code assistant backend — burst-tolerant","AI & ML","Code assistant backend","burst-tolerant","inference","no","Latency budget shorter than a keystroke pause.","Load arrives in spikes 20× the mean; steady-state sizing is a trap.","9","client:Client,gateway:API gateway,ratelimiter:Rate limiter,guard:Safety filter,llm:Model,vector:Vector store,cache:Response cache,queue:Surge queue,ratelimiter:Rate limiter","client>gateway>ratelimiter>guard>llm,llm>vector,gateway>cache"
"copilot-backend-regulated","Code assistant backend — audited","AI & ML","Code assistant backend","audited","inference","no","Latency budget shorter than a keystroke pause.","Every mutation is evidence, and the audit path cannot be sampled.","10","client:Client,gateway:API gateway,ratelimiter:Rate limiter,guard:Safety filter,llm:Model,vector:Vector store,cache:Response cache,audit:Audit log,pii:PII vault,sign:Signer","client>gateway>ratelimiter>guard>llm,llm>vector,gateway>cache"
"knowledge-base-sync","Knowledge base indexing","AI & ML","Knowledge base indexing","base","pipeline","no","Re-embedding on every source change, at cost.","The straightforward shape, sized for steady load.","7","client:Producer,kafka:Event log,stream:Stream processor,lake:Lake,etl:Transform,warehouse:Warehouse,bi:BI","client>kafka>stream>lake>etl>warehouse>bi"
"knowledge-base-sync-costcapped","Knowledge base indexing — cost-capped","AI & ML","Knowledge base indexing","cost-capped","pipeline","no","Re-embedding on every source change, at cost.","Sized to a budget rather than to a latency target, which changes every answer.","7","client:Producer,kafka:Event log,stream:Stream processor,lake:Lake,etl:Transform,warehouse:Warehouse,bi:BI","client>kafka>stream>lake>etl>warehouse>bi"
"knowledge-base-sync-bursty","Knowledge base indexing — burst-tolerant","AI & ML","Knowledge base indexing","burst-tolerant","pipeline","no","Re-embedding on every source change, at cost.","Load arrives in spikes 20× the mean; steady-state sizing is a trap.","9","client:Producer,kafka:Event log,stream:Stream processor,lake:Lake,etl:Transform,warehouse:Warehouse,bi:BI,queue:Surge queue,ratelimiter:Rate limiter","client>kafka>stream>lake>etl>warehouse>bi"
"knowledge-base-sync-regulated","Knowledge base indexing — audited","AI & ML","Knowledge base indexing","audited","pipeline","no","Re-embedding on every source change, at cost.","Every mutation is evidence, and the audit path cannot be sampled.","10","client:Producer,kafka:Event log,stream:Stream processor,lake:Lake,etl:Transform,warehouse:Warehouse,bi:BI,audit:Audit log,pii:PII vault,sign:Signer","client>kafka>stream>lake>etl>warehouse>bi"
"multimodal-search","Multimodal search","AI & ML","Multimodal search","base","search","no","Two index types answering one query.","The straightforward shape, sized for steady load.","8","client:Client,cdn:CDN,gateway:API gateway,app:Query API,search:Index,cache:Cache,cdc:Indexer,sql:Source DB","client>cdn>gateway>app,app>search,app>cache,sql>cdc>search"
"multimodal-search-costcapped","Multimodal search — cost-capped","AI & ML","Multimodal search","cost-capped","search","no","Two index types answering one query.","Sized to a budget rather than to a latency target, which changes every answer.","8","client:Client,cdn:CDN,gateway:API gateway,app:Query API,search:Index,cache:Cache,cdc:Indexer,sql:Source DB","client>cdn>gateway>app,app>search,app>cache,sql>cdc>search"
"multimodal-search-bursty","Multimodal search — burst-tolerant","AI & ML","Multimodal search","burst-tolerant","search","no","Two index types answering one query.","Load arrives in spikes 20× the mean; steady-state sizing is a trap.","10","client:Client,cdn:CDN,gateway:API gateway,app:Query API,search:Index,cache:Cache,cdc:Indexer,sql:Source DB,queue:Surge queue,ratelimiter:Rate limiter","client>cdn>gateway>app,app>search,app>cache,sql>cdc>search"
"multimodal-search-regulated","Multimodal search — audited","AI & ML","Multimodal search","audited","search","no","Two index types answering one query.","Every mutation is evidence, and the audit path cannot be sampled.","11","client:Client,cdn:CDN,gateway:API gateway,app:Query API,search:Index,cache:Cache,cdc:Indexer,sql:Source DB,audit:Audit log,pii:PII vault,sign:Signer","client>cdn>gateway>app,app>search,app>cache,sql>cdc>search"
"llm-observability","LLM observability","AI & ML","LLM observability","base","pipeline","no","Tracing payloads far larger than the traces.","The straightforward shape, sized for steady load.","7","client:Producer,kafka:Event log,stream:Stream processor,lake:Lake,etl:Transform,warehouse:Warehouse,bi:BI","client>kafka>stream>lake>etl>warehouse>bi"
"llm-observability-costcapped","LLM observability — cost-capped","AI & ML","LLM observability","cost-capped","pipeline","no","Tracing payloads far larger than the traces.","Sized to a budget rather than to a latency target, which changes every answer.","7","client:Producer,kafka:Event log,stream:Stream processor,lake:Lake,etl:Transform,warehouse:Warehouse,bi:BI","client>kafka>stream>lake>etl>warehouse>bi"
"llm-observability-bursty","LLM observability — burst-tolerant","AI & ML","LLM observability","burst-tolerant","pipeline","no","Tracing payloads far larger than the traces.","Load arrives in spikes 20× the mean; steady-state sizing is a trap.","9","client:Producer,kafka:Event log,stream:Stream processor,lake:Lake,etl:Transform,warehouse:Warehouse,bi:BI,queue:Surge queue,ratelimiter:Rate limiter","client>kafka>stream>lake>etl>warehouse>bi"
"llm-observability-regulated","LLM observability — audited","AI & ML","LLM observability","audited","pipeline","no","Tracing payloads far larger than the traces.","Every mutation is evidence, and the audit path cannot be sampled.","10","client:Producer,kafka:Event log,stream:Stream processor,lake:Lake,etl:Transform,warehouse:Warehouse,bi:BI,audit:Audit log,pii:PII vault,sign:Signer","client>kafka>stream>lake>etl>warehouse>bi"
"ai-moderation","AI moderation queue","AI & ML","AI moderation queue","base","inference","no","Model first, human second, deadline throughout.","The straightforward shape, sized for steady load.","7","client:Client,gateway:API gateway,ratelimiter:Rate limiter,guard:Safety filter,llm:Model,vector:Vector store,cache:Response cache","client>gateway>ratelimiter>guard>llm,llm>vector,gateway>cache"
"ai-moderation-costcapped","AI moderation queue — cost-capped","AI & ML","AI moderation queue","cost-capped","inference","no","Model first, human second, deadline throughout.","Sized to a budget rather than to a latency target, which changes every answer.","7","client:Client,gateway:API gateway,ratelimiter:Rate limiter,guard:Safety filter,llm:Model,vector:Vector store,cache:Response cache","client>gateway>ratelimiter>guard>llm,llm>vector,gateway>cache"
"ai-moderation-bursty","AI moderation queue — burst-tolerant","AI & ML","AI moderation queue","burst-tolerant","inference","no","Model first, human second, deadline throughout.","Load arrives in spikes 20× the mean; steady-state sizing is a trap.","9","client:Client,gateway:API gateway,ratelimiter:Rate limiter,guard:Safety filter,llm:Model,vector:Vector store,cache:Response cache,queue:Surge queue,ratelimiter:Rate limiter","client>gateway>ratelimiter>guard>llm,llm>vector,gateway>cache"
"ai-moderation-regulated","AI moderation queue — audited","AI & ML","AI moderation queue","audited","inference","no","Model first, human second, deadline throughout.","Every mutation is evidence, and the audit path cannot be sampled.","10","client:Client,gateway:API gateway,ratelimiter:Rate limiter,guard:Safety filter,llm:Model,vector:Vector store,cache:Response cache,audit:Audit log,pii:PII vault,sign:Signer","client>gateway>ratelimiter>guard>llm,llm>vector,gateway>cache"
"event-bus","Enterprise event bus","Streaming & events","Enterprise event bus","base","pipeline","no","Every team’s coupling problem in one component.","The straightforward shape, sized for steady load.","7","client:Producer,kafka:Event log,stream:Stream processor,lake:Lake,etl:Transform,warehouse:Warehouse,bi:BI","client>kafka>stream>lake>etl>warehouse>bi"
"event-bus-bursty","Enterprise event bus — burst-tolerant","Streaming & events","Enterprise event bus","burst-tolerant","pipeline","no","Every team’s coupling problem in one component.","Load arrives in spikes 20× the mean; steady-state sizing is a trap.","9","client:Producer,kafka:Event log,stream:Stream processor,lake:Lake,etl:Transform,warehouse:Warehouse,bi:BI,queue:Surge queue,ratelimiter:Rate limiter","client>kafka>stream>lake>etl>warehouse>bi"
"event-bus-strict","Enterprise event bus — strictly consistent","Streaming & events","Enterprise event bus","strictly consistent","pipeline","no","Every team’s coupling problem in one component.","No stale reads allowed, so the cache stops being a shock absorber.","8","client:Producer,kafka:Event log,stream:Stream processor,lake:Lake,etl:Transform,warehouse:Warehouse,bi:BI,zk:Coordinator","client>kafka>stream>lake>etl>warehouse>bi"
"event-bus-multiregion","Enterprise event bus — multi-region active-active","Streaming & events","Enterprise event bus","multi-region active-active","pipeline","no","Every team’s coupling problem in one component.","Two live regions; replication lag becomes a correctness question.","9","client:Producer,kafka:Event log,stream:Stream processor,lake:Lake,etl:Transform,warehouse:Warehouse,bi:BI,gslb:Global LB,cdc:Replicator","client>kafka>stream>lake>etl>warehouse>bi"
"order-events","Order event stream","Streaming & events","Order event stream","base","pipeline","no","Ordering guarantees per key, not globally.","The straightforward shape, sized for steady load.","7","client:Producer,kafka:Event log,stream:Stream processor,lake:Lake,etl:Transform,warehouse:Warehouse,bi:BI","client>kafka>stream>lake>etl>warehouse>bi"
"order-events-bursty","Order event stream — burst-tolerant","Streaming & events","Order event stream","burst-tolerant","pipeline","no","Ordering guarantees per key, not globally.","Load arrives in spikes 20× the mean; steady-state sizing is a trap.","9","client:Producer,kafka:Event log,stream:Stream processor,lake:Lake,etl:Transform,warehouse:Warehouse,bi:BI,queue:Surge queue,ratelimiter:Rate limiter","client>kafka>stream>lake>etl>warehouse>bi"
"order-events-strict","Order event stream — strictly consistent","Streaming & events","Order event stream","strictly consistent","pipeline","no","Ordering guarantees per key, not globally.","No stale reads allowed, so the cache stops being a shock absorber.","8","client:Producer,kafka:Event log,stream:Stream processor,lake:Lake,etl:Transform,warehouse:Warehouse,bi:BI,zk:Coordinator","client>kafka>stream>lake>etl>warehouse>bi"
"order-events-multiregion","Order event stream — multi-region active-active","Streaming & events","Order event stream","multi-region active-active","pipeline","no","Ordering guarantees per key, not globally.","Two live regions; replication lag becomes a correctness question.","9","client:Producer,kafka:Event log,stream:Stream processor,lake:Lake,etl:Transform,warehouse:Warehouse,bi:BI,gslb:Global LB,cdc:Replicator","client>kafka>stream>lake>etl>warehouse>bi"
"outbox","Transactional outbox","Streaming & events","Transactional outbox","base","writeheavy","no","The only honest way to publish and commit atomically.","The straightforward shape, sized for steady load.","8","client:Client,lb:Load balancer,gateway:API gateway,app:Write API,queue:Ingest queue,worker:Writer,sql:Primary DB,cache:Read cache","client>lb>gateway>app,app>queue>worker>sql,app>cache"
"outbox-bursty","Transactional outbox — burst-tolerant","Streaming & events","Transactional outbox","burst-tolerant","writeheavy","no","The only honest way to publish and commit atomically.","Load arrives in spikes 20× the mean; steady-state sizing is a trap.","10","client:Client,lb:Load balancer,gateway:API gateway,app:Write API,queue:Ingest queue,worker:Writer,sql:Primary DB,cache:Read cache,queue:Surge queue,ratelimiter:Rate limiter","client>lb>gateway>app,app>queue>worker>sql,app>cache"
"outbox-strict","Transactional outbox — strictly consistent","Streaming & events","Transactional outbox","strictly consistent","writeheavy","no","The only honest way to publish and commit atomically.","No stale reads allowed, so the cache stops being a shock absorber.","9","client:Client,lb:Load balancer,gateway:API gateway,app:Write API,queue:Ingest queue,worker:Writer,sql:Primary DB,cache:Read cache,zk:Coordinator","client>lb>gateway>app,app>queue>worker>sql,app>cache"
"outbox-multiregion","Transactional outbox — multi-region active-active","Streaming & events","Transactional outbox","multi-region active-active","writeheavy","no","The only honest way to publish and commit atomically.","Two live regions; replication lag becomes a correctness question.","10","client:Client,lb:Load balancer,gateway:API gateway,app:Write API,queue:Ingest queue,worker:Writer,sql:Primary DB,cache:Read cache,gslb:Global LB,cdc:Replicator","client>lb>gateway>app,app>queue>worker>sql,app>cache"
"saga-orchestrator","Saga orchestrator","Streaming & events","Saga orchestrator","base","txn","no","Compensations are code paths nobody tests until they matter.","The straightforward shape, sized for steady load.","8","client:Client,waf:WAF,gateway:API gateway,app:Transaction API,ledger:Ledger,sql:Records DB,queue:Settlement queue,worker:Settler","client>waf>gateway>app,app>ledger,app>sql,app>queue>worker"
"saga-orchestrator-bursty","Saga orchestrator — burst-tolerant","Streaming & events","Saga orchestrator","burst-tolerant","txn","no","Compensations are code paths nobody tests until they matter.","Load arrives in spikes 20× the mean; steady-state sizing is a trap.","10","client:Client,waf:WAF,gateway:API gateway,app:Transaction API,ledger:Ledger,sql:Records DB,queue:Settlement queue,worker:Settler,queue:Surge queue,ratelimiter:Rate limiter","client>waf>gateway>app,app>ledger,app>sql,app>queue>worker"
"saga-orchestrator-strict","Saga orchestrator — strictly consistent","Streaming & events","Saga orchestrator","strictly consistent","txn","no","Compensations are code paths nobody tests until they matter.","No stale reads allowed, so the cache stops being a shock absorber.","9","client:Client,waf:WAF,gateway:API gateway,app:Transaction API,ledger:Ledger,sql:Records DB,queue:Settlement queue,worker:Settler,zk:Coordinator","client>waf>gateway>app,app>ledger,app>sql,app>queue>worker"
"saga-orchestrator-multiregion","Saga orchestrator — multi-region active-active","Streaming & events","Saga orchestrator","multi-region active-active","txn","no","Compensations are code paths nobody tests until they matter.","Two live regions; replication lag becomes a correctness question.","10","client:Client,waf:WAF,gateway:API gateway,app:Transaction API,ledger:Ledger,sql:Records DB,queue:Settlement queue,worker:Settler,gslb:Global LB,cdc:Replicator","client>waf>gateway>app,app>ledger,app>sql,app>queue>worker"
"dead-letter","Dead letter handling","Streaming & events","Dead letter handling","base","writeheavy","no","The queue that fills when everything else is broken.","The straightforward shape, sized for steady load.","8","client:Client,lb:Load balancer,gateway:API gateway,app:Write API,queue:Ingest queue,worker:Writer,sql:Primary DB,cache:Read cache","client>lb>gateway>app,app>queue>worker>sql,app>cache"
"dead-letter-bursty","Dead letter handling — burst-tolerant","Streaming & events","Dead letter handling","burst-tolerant","writeheavy","no","The queue that fills when everything else is broken.","Load arrives in spikes 20× the mean; steady-state sizing is a trap.","10","client:Client,lb:Load balancer,gateway:API gateway,app:Write API,queue:Ingest queue,worker:Writer,sql:Primary DB,cache:Read cache,queue:Surge queue,ratelimiter:Rate limiter","client>lb>gateway>app,app>queue>worker>sql,app>cache"
"dead-letter-strict","Dead letter handling — strictly consistent","Streaming & events","Dead letter handling","strictly consistent","writeheavy","no","The queue that fills when everything else is broken.","No stale reads allowed, so the cache stops being a shock absorber.","9","client:Client,lb:Load balancer,gateway:API gateway,app:Write API,queue:Ingest queue,worker:Writer,sql:Primary DB,cache:Read cache,zk:Coordinator","client>lb>gateway>app,app>queue>worker>sql,app>cache"
"dead-letter-multiregion","Dead letter handling — multi-region active-active","Streaming & events","Dead letter handling","multi-region active-active","writeheavy","no","The queue that fills when everything else is broken.","Two live regions; replication lag becomes a correctness question.","10","client:Client,lb:Load balancer,gateway:API gateway,app:Write API,queue:Ingest queue,worker:Writer,sql:Primary DB,cache:Read cache,gslb:Global LB,cdc:Replicator","client>lb>gateway>app,app>queue>worker>sql,app>cache"
"job-scheduler","Distributed job scheduler","Streaming & events","Distributed job scheduler","base","batch","no","Exactly-once triggering across a fleet that keeps restarting.","The straightforward shape, sized for steady load.","6","scheduler:Scheduler,batch:Batch job,lake:Lake,etl:Transform,warehouse:Warehouse,blob:Object store","scheduler>batch>lake>etl>warehouse,batch>blob"
"job-scheduler-bursty","Distributed job scheduler — burst-tolerant","Streaming & events","Distributed job scheduler","burst-tolerant","batch","no","Exactly-once triggering across a fleet that keeps restarting.","Load arrives in spikes 20× the mean; steady-state sizing is a trap.","8","scheduler:Scheduler,batch:Batch job,lake:Lake,etl:Transform,warehouse:Warehouse,blob:Object store,queue:Surge queue,ratelimiter:Rate limiter","scheduler>batch>lake>etl>warehouse,batch>blob"
"job-scheduler-strict","Distributed job scheduler — strictly consistent","Streaming & events","Distributed job scheduler","strictly consistent","batch","no","Exactly-once triggering across a fleet that keeps restarting.","No stale reads allowed, so the cache stops being a shock absorber.","7","scheduler:Scheduler,batch:Batch job,lake:Lake,etl:Transform,warehouse:Warehouse,blob:Object store,zk:Coordinator","scheduler>batch>lake>etl>warehouse,batch>blob"
"job-scheduler-multiregion","Distributed job scheduler — multi-region active-active","Streaming & events","Distributed job scheduler","multi-region active-active","batch","no","Exactly-once triggering across a fleet that keeps restarting.","Two live regions; replication lag becomes a correctness question.","8","scheduler:Scheduler,batch:Batch job,lake:Lake,etl:Transform,warehouse:Warehouse,blob:Object store,gslb:Global LB,cdc:Replicator","scheduler>batch>lake>etl>warehouse,batch>blob"
"cron-fanout","Scheduled fan-out","Streaming & events","Scheduled fan-out","base","batch","no","Everything fires at midnight, including everyone else’s.","The straightforward shape, sized for steady load.","6","scheduler:Scheduler,batch:Batch job,lake:Lake,etl:Transform,warehouse:Warehouse,blob:Object store","scheduler>batch>lake>etl>warehouse,batch>blob"
"cron-fanout-bursty","Scheduled fan-out — burst-tolerant","Streaming & events","Scheduled fan-out","burst-tolerant","batch","no","Everything fires at midnight, including everyone else’s.","Load arrives in spikes 20× the mean; steady-state sizing is a trap.","8","scheduler:Scheduler,batch:Batch job,lake:Lake,etl:Transform,warehouse:Warehouse,blob:Object store,queue:Surge queue,ratelimiter:Rate limiter","scheduler>batch>lake>etl>warehouse,batch>blob"
"cron-fanout-strict","Scheduled fan-out — strictly consistent","Streaming & events","Scheduled fan-out","strictly consistent","batch","no","Everything fires at midnight, including everyone else’s.","No stale reads allowed, so the cache stops being a shock absorber.","7","scheduler:Scheduler,batch:Batch job,lake:Lake,etl:Transform,warehouse:Warehouse,blob:Object store,zk:Coordinator","scheduler>batch>lake>etl>warehouse,batch>blob"
"cron-fanout-multiregion","Scheduled fan-out — multi-region active-active","Streaming & events","Scheduled fan-out","multi-region active-active","batch","no","Everything fires at midnight, including everyone else’s.","Two live regions; replication lag becomes a correctness question.","8","scheduler:Scheduler,batch:Batch job,lake:Lake,etl:Transform,warehouse:Warehouse,blob:Object store,gslb:Global LB,cdc:Replicator","scheduler>batch>lake>etl>warehouse,batch>blob"
"email-sending","Transactional email","Streaming & events","Transactional email","base","writeheavy","no","Downstream providers throttle you without warning.","The straightforward shape, sized for steady load.","8","client:Client,lb:Load balancer,gateway:API gateway,app:Write API,queue:Ingest queue,worker:Writer,sql:Primary DB,cache:Read cache","client>lb>gateway>app,app>queue>worker>sql,app>cache"
"email-sending-bursty","Transactional email — burst-tolerant","Streaming & events","Transactional email","burst-tolerant","writeheavy","no","Downstream providers throttle you without warning.","Load arrives in spikes 20× the mean; steady-state sizing is a trap.","10","client:Client,lb:Load balancer,gateway:API gateway,app:Write API,queue:Ingest queue,worker:Writer,sql:Primary DB,cache:Read cache,queue:Surge queue,ratelimiter:Rate limiter","client>lb>gateway>app,app>queue>worker>sql,app>cache"
"email-sending-strict","Transactional email — strictly consistent","Streaming & events","Transactional email","strictly consistent","writeheavy","no","Downstream providers throttle you without warning.","No stale reads allowed, so the cache stops being a shock absorber.","9","client:Client,lb:Load balancer,gateway:API gateway,app:Write API,queue:Ingest queue,worker:Writer,sql:Primary DB,cache:Read cache,zk:Coordinator","client>lb>gateway>app,app>queue>worker>sql,app>cache"
"email-sending-multiregion","Transactional email — multi-region active-active","Streaming & events","Transactional email","multi-region active-active","writeheavy","no","Downstream providers throttle you without warning.","Two live regions; replication lag becomes a correctness question.","10","client:Client,lb:Load balancer,gateway:API gateway,app:Write API,queue:Ingest queue,worker:Writer,sql:Primary DB,cache:Read cache,gslb:Global LB,cdc:Replicator","client>lb>gateway>app,app>queue>worker>sql,app>cache"
"sms-gateway","SMS gateway","Streaming & events","SMS gateway","base","writeheavy","no","Per-message cost makes retries a budget decision.","The straightforward shape, sized for steady load.","8","client:Client,lb:Load balancer,gateway:API gateway,app:Write API,queue:Ingest queue,worker:Writer,sql:Primary DB,cache:Read cache","client>lb>gateway>app,app>queue>worker>sql,app>cache"
"sms-gateway-bursty","SMS gateway — burst-tolerant","Streaming & events","SMS gateway","burst-tolerant","writeheavy","no","Per-message cost makes retries a budget decision.","Load arrives in spikes 20× the mean; steady-state sizing is a trap.","10","client:Client,lb:Load balancer,gateway:API gateway,app:Write API,queue:Ingest queue,worker:Writer,sql:Primary DB,cache:Read cache,queue:Surge queue,ratelimiter:Rate limiter","client>lb>gateway>app,app>queue>worker>sql,app>cache"
"sms-gateway-strict","SMS gateway — strictly consistent","Streaming & events","SMS gateway","strictly consistent","writeheavy","no","Per-message cost makes retries a budget decision.","No stale reads allowed, so the cache stops being a shock absorber.","9","client:Client,lb:Load balancer,gateway:API gateway,app:Write API,queue:Ingest queue,worker:Writer,sql:Primary DB,cache:Read cache,zk:Coordinator","client>lb>gateway>app,app>queue>worker>sql,app>cache"
"sms-gateway-multiregion","SMS gateway — multi-region active-active","Streaming & events","SMS gateway","multi-region active-active","writeheavy","no","Per-message cost makes retries a budget decision.","Two live regions; replication lag becomes a correctness question.","10","client:Client,lb:Load balancer,gateway:API gateway,app:Write API,queue:Ingest queue,worker:Writer,sql:Primary DB,cache:Read cache,gslb:Global LB,cdc:Replicator","client>lb>gateway>app,app>queue>worker>sql,app>cache"
"push-notifications","Mobile push","Streaming & events","Mobile push","base","writeheavy","no","Millions of deliveries in a few seconds, twice a day.","The straightforward shape, sized for steady load.","8","client:Client,lb:Load balancer,gateway:API gateway,app:Write API,queue:Ingest queue,worker:Writer,sql:Primary DB,cache:Read cache","client>lb>gateway>app,app>queue>worker>sql,app>cache"
"push-notifications-bursty","Mobile push — burst-tolerant","Streaming & events","Mobile push","burst-tolerant","writeheavy","no","Millions of deliveries in a few seconds, twice a day.","Load arrives in spikes 20× the mean; steady-state sizing is a trap.","10","client:Client,lb:Load balancer,gateway:API gateway,app:Write API,queue:Ingest queue,worker:Writer,sql:Primary DB,cache:Read cache,queue:Surge queue,ratelimiter:Rate limiter","client>lb>gateway>app,app>queue>worker>sql,app>cache"
"push-notifications-strict","Mobile push — strictly consistent","Streaming & events","Mobile push","strictly consistent","writeheavy","no","Millions of deliveries in a few seconds, twice a day.","No stale reads allowed, so the cache stops being a shock absorber.","9","client:Client,lb:Load balancer,gateway:API gateway,app:Write API,queue:Ingest queue,worker:Writer,sql:Primary DB,cache:Read cache,zk:Coordinator","client>lb>gateway>app,app>queue>worker>sql,app>cache"
"push-notifications-multiregion","Mobile push — multi-region active-active","Streaming & events","Mobile push","multi-region active-active","writeheavy","no","Millions of deliveries in a few seconds, twice a day.","Two live regions; replication lag becomes a correctness question.","10","client:Client,lb:Load balancer,gateway:API gateway,app:Write API,queue:Ingest queue,worker:Writer,sql:Primary DB,cache:Read cache,gslb:Global LB,cdc:Replicator","client>lb>gateway>app,app>queue>worker>sql,app>cache"
"audit-stream","Audit event stream","Streaming & events","Audit event stream","base","pipeline","no","Append-only, immutable, and legally interesting.","The straightforward shape, sized for steady load.","7","client:Producer,kafka:Event log,stream:Stream processor,lake:Lake,etl:Transform,warehouse:Warehouse,bi:BI","client>kafka>stream>lake>etl>warehouse>bi"
"audit-stream-bursty","Audit event stream — burst-tolerant","Streaming & events","Audit event stream","burst-tolerant","pipeline","no","Append-only, immutable, and legally interesting.","Load arrives in spikes 20× the mean; steady-state sizing is a trap.","9","client:Producer,kafka:Event log,stream:Stream processor,lake:Lake,etl:Transform,warehouse:Warehouse,bi:BI,queue:Surge queue,ratelimiter:Rate limiter","client>kafka>stream>lake>etl>warehouse>bi"
"audit-stream-strict","Audit event stream — strictly consistent","Streaming & events","Audit event stream","strictly consistent","pipeline","no","Append-only, immutable, and legally interesting.","No stale reads allowed, so the cache stops being a shock absorber.","8","client:Producer,kafka:Event log,stream:Stream processor,lake:Lake,etl:Transform,warehouse:Warehouse,bi:BI,zk:Coordinator","client>kafka>stream>lake>etl>warehouse>bi"
"audit-stream-multiregion","Audit event stream — multi-region active-active","Streaming & events","Audit event stream","multi-region active-active","pipeline","no","Append-only, immutable, and legally interesting.","Two live regions; replication lag becomes a correctness question.","9","client:Producer,kafka:Event log,stream:Stream processor,lake:Lake,etl:Transform,warehouse:Warehouse,bi:BI,gslb:Global LB,cdc:Replicator","client>kafka>stream>lake>etl>warehouse>bi"
"cdc-bus","CDC event bus","Streaming & events","CDC event bus","base","pipeline","no","Database changes as a public API, with all that implies.","The straightforward shape, sized for steady load.","7","client:Producer,kafka:Event log,stream:Stream processor,lake:Lake,etl:Transform,warehouse:Warehouse,bi:BI","client>kafka>stream>lake>etl>warehouse>bi"
"cdc-bus-bursty","CDC event bus — burst-tolerant","Streaming & events","CDC event bus","burst-tolerant","pipeline","no","Database changes as a public API, with all that implies.","Load arrives in spikes 20× the mean; steady-state sizing is a trap.","9","client:Producer,kafka:Event log,stream:Stream processor,lake:Lake,etl:Transform,warehouse:Warehouse,bi:BI,queue:Surge queue,ratelimiter:Rate limiter","client>kafka>stream>lake>etl>warehouse>bi"
"cdc-bus-strict","CDC event bus — strictly consistent","Streaming & events","CDC event bus","strictly consistent","pipeline","no","Database changes as a public API, with all that implies.","No stale reads allowed, so the cache stops being a shock absorber.","8","client:Producer,kafka:Event log,stream:Stream processor,lake:Lake,etl:Transform,warehouse:Warehouse,bi:BI,zk:Coordinator","client>kafka>stream>lake>etl>warehouse>bi"
"cdc-bus-multiregion","CDC event bus — multi-region active-active","Streaming & events","CDC event bus","multi-region active-active","pipeline","no","Database changes as a public API, with all that implies.","Two live regions; replication lag becomes a correctness question.","9","client:Producer,kafka:Event log,stream:Stream processor,lake:Lake,etl:Transform,warehouse:Warehouse,bi:BI,gslb:Global LB,cdc:Replicator","client>kafka>stream>lake>etl>warehouse>bi"
"iot-telemetry","IoT telemetry","Streaming & events","IoT telemetry","base","edgeiot","no","Many tiny writers on links that come and go.","The straightforward shape, sized for steady load.","7","client:Device,edge:Edge collector,mq:Broker,stream:Processor,tsdb:Time series,alert:Alerting,blob:Cold store","client>edge>mq>stream>tsdb,stream>alert,stream>blob"
"iot-telemetry-bursty","IoT telemetry — burst-tolerant","Streaming & events","IoT telemetry","burst-tolerant","edgeiot","no","Many tiny writers on links that come and go.","Load arrives in spikes 20× the mean; steady-state sizing is a trap.","9","client:Device,edge:Edge collector,mq:Broker,stream:Processor,tsdb:Time series,alert:Alerting,blob:Cold store,queue:Surge queue,ratelimiter:Rate limiter","client>edge>mq>stream>tsdb,stream>alert,stream>blob"
"iot-telemetry-strict","IoT telemetry — strictly consistent","Streaming & events","IoT telemetry","strictly consistent","edgeiot","no","Many tiny writers on links that come and go.","No stale reads allowed, so the cache stops being a shock absorber.","8","client:Device,edge:Edge collector,mq:Broker,stream:Processor,tsdb:Time series,alert:Alerting,blob:Cold store,zk:Coordinator","client>edge>mq>stream>tsdb,stream>alert,stream>blob"
"iot-telemetry-multiregion","IoT telemetry — multi-region active-active","Streaming & events","IoT telemetry","multi-region active-active","edgeiot","no","Many tiny writers on links that come and go.","Two live regions; replication lag becomes a correctness question.","9","client:Device,edge:Edge collector,mq:Broker,stream:Processor,tsdb:Time series,alert:Alerting,blob:Cold store,gslb:Global LB,cdc:Replicator","client>edge>mq>stream>tsdb,stream>alert,stream>blob"
"game-events","Game telemetry","Streaming & events","Game telemetry","base","pipeline","no","Volume that tracks player count, which tracks nothing predictable.","The straightforward shape, sized for steady load.","7","client:Producer,kafka:Event log,stream:Stream processor,lake:Lake,etl:Transform,warehouse:Warehouse,bi:BI","client>kafka>stream>lake>etl>warehouse>bi"
"game-events-bursty","Game telemetry — burst-tolerant","Streaming & events","Game telemetry","burst-tolerant","pipeline","no","Volume that tracks player count, which tracks nothing predictable.","Load arrives in spikes 20× the mean; steady-state sizing is a trap.","9","client:Producer,kafka:Event log,stream:Stream processor,lake:Lake,etl:Transform,warehouse:Warehouse,bi:BI,queue:Surge queue,ratelimiter:Rate limiter","client>kafka>stream>lake>etl>warehouse>bi"
"game-events-strict","Game telemetry — strictly consistent","Streaming & events","Game telemetry","strictly consistent","pipeline","no","Volume that tracks player count, which tracks nothing predictable.","No stale reads allowed, so the cache stops being a shock absorber.","8","client:Producer,kafka:Event log,stream:Stream processor,lake:Lake,etl:Transform,warehouse:Warehouse,bi:BI,zk:Coordinator","client>kafka>stream>lake>etl>warehouse>bi"
"game-events-multiregion","Game telemetry — multi-region active-active","Streaming & events","Game telemetry","multi-region active-active","pipeline","no","Volume that tracks player count, which tracks nothing predictable.","Two live regions; replication lag becomes a correctness question.","9","client:Producer,kafka:Event log,stream:Stream processor,lake:Lake,etl:Transform,warehouse:Warehouse,bi:BI,gslb:Global LB,cdc:Replicator","client>kafka>stream>lake>etl>warehouse>bi"
"clicktracker","Ad click tracking","Streaming & events","Ad click tracking","base","writeheavy","no","Every event is money; losing one is a dispute.","The straightforward shape, sized for steady load.","8","client:Client,lb:Load balancer,gateway:API gateway,app:Write API,queue:Ingest queue,worker:Writer,sql:Primary DB,cache:Read cache","client>lb>gateway>app,app>queue>worker>sql,app>cache"
"clicktracker-bursty","Ad click tracking — burst-tolerant","Streaming & events","Ad click tracking","burst-tolerant","writeheavy","no","Every event is money; losing one is a dispute.","Load arrives in spikes 20× the mean; steady-state sizing is a trap.","10","client:Client,lb:Load balancer,gateway:API gateway,app:Write API,queue:Ingest queue,worker:Writer,sql:Primary DB,cache:Read cache,queue:Surge queue,ratelimiter:Rate limiter","client>lb>gateway>app,app>queue>worker>sql,app>cache"
"clicktracker-strict","Ad click tracking — strictly consistent","Streaming & events","Ad click tracking","strictly consistent","writeheavy","no","Every event is money; losing one is a dispute.","No stale reads allowed, so the cache stops being a shock absorber.","9","client:Client,lb:Load balancer,gateway:API gateway,app:Write API,queue:Ingest queue,worker:Writer,sql:Primary DB,cache:Read cache,zk:Coordinator","client>lb>gateway>app,app>queue>worker>sql,app>cache"
"clicktracker-multiregion","Ad click tracking — multi-region active-active","Streaming & events","Ad click tracking","multi-region active-active","writeheavy","no","Every event is money; losing one is a dispute.","Two live regions; replication lag becomes a correctness question.","10","client:Client,lb:Load balancer,gateway:API gateway,app:Write API,queue:Ingest queue,worker:Writer,sql:Primary DB,cache:Read cache,gslb:Global LB,cdc:Replicator","client>lb>gateway>app,app>queue>worker>sql,app>cache"
"workflow-engine","Workflow engine","Streaming & events","Workflow engine","base","txn","no","Long-running state machines measured in days.","The straightforward shape, sized for steady load.","8","client:Client,waf:WAF,gateway:API gateway,app:Transaction API,ledger:Ledger,sql:Records DB,queue:Settlement queue,worker:Settler","client>waf>gateway>app,app>ledger,app>sql,app>queue>worker"
"workflow-engine-bursty","Workflow engine — burst-tolerant","Streaming & events","Workflow engine","burst-tolerant","txn","no","Long-running state machines measured in days.","Load arrives in spikes 20× the mean; steady-state sizing is a trap.","10","client:Client,waf:WAF,gateway:API gateway,app:Transaction API,ledger:Ledger,sql:Records DB,queue:Settlement queue,worker:Settler,queue:Surge queue,ratelimiter:Rate limiter","client>waf>gateway>app,app>ledger,app>sql,app>queue>worker"
"workflow-engine-strict","Workflow engine — strictly consistent","Streaming & events","Workflow engine","strictly consistent","txn","no","Long-running state machines measured in days.","No stale reads allowed, so the cache stops being a shock absorber.","9","client:Client,waf:WAF,gateway:API gateway,app:Transaction API,ledger:Ledger,sql:Records DB,queue:Settlement queue,worker:Settler,zk:Coordinator","client>waf>gateway>app,app>ledger,app>sql,app>queue>worker"
"workflow-engine-multiregion","Workflow engine — multi-region active-active","Streaming & events","Workflow engine","multi-region active-active","txn","no","Long-running state machines measured in days.","Two live regions; replication lag becomes a correctness question.","10","client:Client,waf:WAF,gateway:API gateway,app:Transaction API,ledger:Ledger,sql:Records DB,queue:Settlement queue,worker:Settler,gslb:Global LB,cdc:Replicator","client>waf>gateway>app,app>ledger,app>sql,app>queue>worker"
"retry-broker","Retry and backoff broker","Streaming & events","Retry and backoff broker","base","writeheavy","no","Retry storms are self-inflicted and self-sustaining.","The straightforward shape, sized for steady load.","8","client:Client,lb:Load balancer,gateway:API gateway,app:Write API,queue:Ingest queue,worker:Writer,sql:Primary DB,cache:Read cache","client>lb>gateway>app,app>queue>worker>sql,app>cache"
"retry-broker-bursty","Retry and backoff broker — burst-tolerant","Streaming & events","Retry and backoff broker","burst-tolerant","writeheavy","no","Retry storms are self-inflicted and self-sustaining.","Load arrives in spikes 20× the mean; steady-state sizing is a trap.","10","client:Client,lb:Load balancer,gateway:API gateway,app:Write API,queue:Ingest queue,worker:Writer,sql:Primary DB,cache:Read cache,queue:Surge queue,ratelimiter:Rate limiter","client>lb>gateway>app,app>queue>worker>sql,app>cache"
"retry-broker-strict","Retry and backoff broker — strictly consistent","Streaming & events","Retry and backoff broker","strictly consistent","writeheavy","no","Retry storms are self-inflicted and self-sustaining.","No stale reads allowed, so the cache stops being a shock absorber.","9","client:Client,lb:Load balancer,gateway:API gateway,app:Write API,queue:Ingest queue,worker:Writer,sql:Primary DB,cache:Read cache,zk:Coordinator","client>lb>gateway>app,app>queue>worker>sql,app>cache"
"retry-broker-multiregion","Retry and backoff broker — multi-region active-active","Streaming & events","Retry and backoff broker","multi-region active-active","writeheavy","no","Retry storms are self-inflicted and self-sustaining.","Two live regions; replication lag becomes a correctness question.","10","client:Client,lb:Load balancer,gateway:API gateway,app:Write API,queue:Ingest queue,worker:Writer,sql:Primary DB,cache:Read cache,gslb:Global LB,cdc:Replicator","client>lb>gateway>app,app>queue>worker>sql,app>cache"
"stream-enrichment","Stream enrichment","Streaming & events","Stream enrichment","base","pipeline","no","A lookup per event against a store that must keep up.","The straightforward shape, sized for steady load.","7","client:Producer,kafka:Event log,stream:Stream processor,lake:Lake,etl:Transform,warehouse:Warehouse,bi:BI","client>kafka>stream>lake>etl>warehouse>bi"
"stream-enrichment-bursty","Stream enrichment — burst-tolerant","Streaming & events","Stream enrichment","burst-tolerant","pipeline","no","A lookup per event against a store that must keep up.","Load arrives in spikes 20× the mean; steady-state sizing is a trap.","9","client:Producer,kafka:Event log,stream:Stream processor,lake:Lake,etl:Transform,warehouse:Warehouse,bi:BI,queue:Surge queue,ratelimiter:Rate limiter","client>kafka>stream>lake>etl>warehouse>bi"
"stream-enrichment-strict","Stream enrichment — strictly consistent","Streaming & events","Stream enrichment","strictly consistent","pipeline","no","A lookup per event against a store that must keep up.","No stale reads allowed, so the cache stops being a shock absorber.","8","client:Producer,kafka:Event log,stream:Stream processor,lake:Lake,etl:Transform,warehouse:Warehouse,bi:BI,zk:Coordinator","client>kafka>stream>lake>etl>warehouse>bi"
"stream-enrichment-multiregion","Stream enrichment — multi-region active-active","Streaming & events","Stream enrichment","multi-region active-active","pipeline","no","A lookup per event against a store that must keep up.","Two live regions; replication lag becomes a correctness question.","9","client:Producer,kafka:Event log,stream:Stream processor,lake:Lake,etl:Transform,warehouse:Warehouse,bi:BI,gslb:Global LB,cdc:Replicator","client>kafka>stream>lake>etl>warehouse>bi"
"event-sourcing","Event-sourced service","Streaming & events","Event-sourced service","base","writeheavy","no","Rebuild time is a real operational number.","The straightforward shape, sized for steady load.","8","client:Client,lb:Load balancer,gateway:API gateway,app:Write API,queue:Ingest queue,worker:Writer,sql:Primary DB,cache:Read cache","client>lb>gateway>app,app>queue>worker>sql,app>cache"
"event-sourcing-bursty","Event-sourced service — burst-tolerant","Streaming & events","Event-sourced service","burst-tolerant","writeheavy","no","Rebuild time is a real operational number.","Load arrives in spikes 20× the mean; steady-state sizing is a trap.","10","client:Client,lb:Load balancer,gateway:API gateway,app:Write API,queue:Ingest queue,worker:Writer,sql:Primary DB,cache:Read cache,queue:Surge queue,ratelimiter:Rate limiter","client>lb>gateway>app,app>queue>worker>sql,app>cache"
"event-sourcing-strict","Event-sourced service — strictly consistent","Streaming & events","Event-sourced service","strictly consistent","writeheavy","no","Rebuild time is a real operational number.","No stale reads allowed, so the cache stops being a shock absorber.","9","client:Client,lb:Load balancer,gateway:API gateway,app:Write API,queue:Ingest queue,worker:Writer,sql:Primary DB,cache:Read cache,zk:Coordinator","client>lb>gateway>app,app>queue>worker>sql,app>cache"
"event-sourcing-multiregion","Event-sourced service — multi-region active-active","Streaming & events","Event-sourced service","multi-region active-active","writeheavy","no","Rebuild time is a real operational number.","Two live regions; replication lag becomes a correctness question.","10","client:Client,lb:Load balancer,gateway:API gateway,app:Write API,queue:Ingest queue,worker:Writer,sql:Primary DB,cache:Read cache,gslb:Global LB,cdc:Replicator","client>lb>gateway>app,app>queue>worker>sql,app>cache"
"change-notifier","Change notification service","Streaming & events","Change notification service","base","writeheavy","no","Subscribers who are slow become your problem.","The straightforward shape, sized for steady load.","8","client:Client,lb:Load balancer,gateway:API gateway,app:Write API,queue:Ingest queue,worker:Writer,sql:Primary DB,cache:Read cache","client>lb>gateway>app,app>queue>worker>sql,app>cache"
"change-notifier-bursty","Change notification service — burst-tolerant","Streaming & events","Change notification service","burst-tolerant","writeheavy","no","Subscribers who are slow become your problem.","Load arrives in spikes 20× the mean; steady-state sizing is a trap.","10","client:Client,lb:Load balancer,gateway:API gateway,app:Write API,queue:Ingest queue,worker:Writer,sql:Primary DB,cache:Read cache,queue:Surge queue,ratelimiter:Rate limiter","client>lb>gateway>app,app>queue>worker>sql,app>cache"
"change-notifier-strict","Change notification service — strictly consistent","Streaming & events","Change notification service","strictly consistent","writeheavy","no","Subscribers who are slow become your problem.","No stale reads allowed, so the cache stops being a shock absorber.","9","client:Client,lb:Load balancer,gateway:API gateway,app:Write API,queue:Ingest queue,worker:Writer,sql:Primary DB,cache:Read cache,zk:Coordinator","client>lb>gateway>app,app>queue>worker>sql,app>cache"
"change-notifier-multiregion","Change notification service — multi-region active-active","Streaming & events","Change notification service","multi-region active-active","writeheavy","no","Subscribers who are slow become your problem.","Two live regions; replication lag becomes a correctness question.","10","client:Client,lb:Load balancer,gateway:API gateway,app:Write API,queue:Ingest queue,worker:Writer,sql:Primary DB,cache:Read cache,gslb:Global LB,cdc:Replicator","client>lb>gateway>app,app>queue>worker>sql,app>cache"
"pubsub-bridge","Cross-cloud bridge","Streaming & events","Cross-cloud bridge","base","pipeline","no","Two brokers with different guarantees, joined.","The straightforward shape, sized for steady load.","7","client:Producer,kafka:Event log,stream:Stream processor,lake:Lake,etl:Transform,warehouse:Warehouse,bi:BI","client>kafka>stream>lake>etl>warehouse>bi"
"pubsub-bridge-bursty","Cross-cloud bridge — burst-tolerant","Streaming & events","Cross-cloud bridge","burst-tolerant","pipeline","no","Two brokers with different guarantees, joined.","Load arrives in spikes 20× the mean; steady-state sizing is a trap.","9","client:Producer,kafka:Event log,stream:Stream processor,lake:Lake,etl:Transform,warehouse:Warehouse,bi:BI,queue:Surge queue,ratelimiter:Rate limiter","client>kafka>stream>lake>etl>warehouse>bi"
"pubsub-bridge-strict","Cross-cloud bridge — strictly consistent","Streaming & events","Cross-cloud bridge","strictly consistent","pipeline","no","Two brokers with different guarantees, joined.","No stale reads allowed, so the cache stops being a shock absorber.","8","client:Producer,kafka:Event log,stream:Stream processor,lake:Lake,etl:Transform,warehouse:Warehouse,bi:BI,zk:Coordinator","client>kafka>stream>lake>etl>warehouse>bi"
"pubsub-bridge-multiregion","Cross-cloud bridge — multi-region active-active","Streaming & events","Cross-cloud bridge","multi-region active-active","pipeline","no","Two brokers with different guarantees, joined.","Two live regions; replication lag becomes a correctness question.","9","client:Producer,kafka:Event log,stream:Stream processor,lake:Lake,etl:Transform,warehouse:Warehouse,bi:BI,gslb:Global LB,cdc:Replicator","client>kafka>stream>lake>etl>warehouse>bi"
"queue-worker-pool","Worker pool","Streaming & events","Worker pool","base","writeheavy","no","Concurrency, not instance count, is the ceiling.","The straightforward shape, sized for steady load.","8","client:Client,lb:Load balancer,gateway:API gateway,app:Write API,queue:Ingest queue,worker:Writer,sql:Primary DB,cache:Read cache","client>lb>gateway>app,app>queue>worker>sql,app>cache"
"queue-worker-pool-bursty","Worker pool — burst-tolerant","Streaming & events","Worker pool","burst-tolerant","writeheavy","no","Concurrency, not instance count, is the ceiling.","Load arrives in spikes 20× the mean; steady-state sizing is a trap.","10","client:Client,lb:Load balancer,gateway:API gateway,app:Write API,queue:Ingest queue,worker:Writer,sql:Primary DB,cache:Read cache,queue:Surge queue,ratelimiter:Rate limiter","client>lb>gateway>app,app>queue>worker>sql,app>cache"
"queue-worker-pool-strict","Worker pool — strictly consistent","Streaming & events","Worker pool","strictly consistent","writeheavy","no","Concurrency, not instance count, is the ceiling.","No stale reads allowed, so the cache stops being a shock absorber.","9","client:Client,lb:Load balancer,gateway:API gateway,app:Write API,queue:Ingest queue,worker:Writer,sql:Primary DB,cache:Read cache,zk:Coordinator","client>lb>gateway>app,app>queue>worker>sql,app>cache"
"queue-worker-pool-multiregion","Worker pool — multi-region active-active","Streaming & events","Worker pool","multi-region active-active","writeheavy","no","Concurrency, not instance count, is the ceiling.","Two live regions; replication lag becomes a correctness question.","10","client:Client,lb:Load balancer,gateway:API gateway,app:Write API,queue:Ingest queue,worker:Writer,sql:Primary DB,cache:Read cache,gslb:Global LB,cdc:Replicator","client>lb>gateway>app,app>queue>worker>sql,app>cache"
"priority-queue","Priority queue service","Streaming & events","Priority queue service","base","writeheavy","no","Starvation of the low priority is a design decision, not a bug.","The straightforward shape, sized for steady load.","8","client:Client,lb:Load balancer,gateway:API gateway,app:Write API,queue:Ingest queue,worker:Writer,sql:Primary DB,cache:Read cache","client>lb>gateway>app,app>queue>worker>sql,app>cache"
"priority-queue-bursty","Priority queue service — burst-tolerant","Streaming & events","Priority queue service","burst-tolerant","writeheavy","no","Starvation of the low priority is a design decision, not a bug.","Load arrives in spikes 20× the mean; steady-state sizing is a trap.","10","client:Client,lb:Load balancer,gateway:API gateway,app:Write API,queue:Ingest queue,worker:Writer,sql:Primary DB,cache:Read cache,queue:Surge queue,ratelimiter:Rate limiter","client>lb>gateway>app,app>queue>worker>sql,app>cache"
"priority-queue-strict","Priority queue service — strictly consistent","Streaming & events","Priority queue service","strictly consistent","writeheavy","no","Starvation of the low priority is a design decision, not a bug.","No stale reads allowed, so the cache stops being a shock absorber.","9","client:Client,lb:Load balancer,gateway:API gateway,app:Write API,queue:Ingest queue,worker:Writer,sql:Primary DB,cache:Read cache,zk:Coordinator","client>lb>gateway>app,app>queue>worker>sql,app>cache"
"priority-queue-multiregion","Priority queue service — multi-region active-active","Streaming & events","Priority queue service","multi-region active-active","writeheavy","no","Starvation of the low priority is a design decision, not a bug.","Two live regions; replication lag becomes a correctness question.","10","client:Client,lb:Load balancer,gateway:API gateway,app:Write API,queue:Ingest queue,worker:Writer,sql:Primary DB,cache:Read cache,gslb:Global LB,cdc:Replicator","client>lb>gateway>app,app>queue>worker>sql,app>cache"
"batch-trigger","Batch trigger service","Streaming & events","Batch trigger service","base","batch","no","Idempotency is the only defence against duplicate runs.","The straightforward shape, sized for steady load.","6","scheduler:Scheduler,batch:Batch job,lake:Lake,etl:Transform,warehouse:Warehouse,blob:Object store","scheduler>batch>lake>etl>warehouse,batch>blob"
"batch-trigger-bursty","Batch trigger service — burst-tolerant","Streaming & events","Batch trigger service","burst-tolerant","batch","no","Idempotency is the only defence against duplicate runs.","Load arrives in spikes 20× the mean; steady-state sizing is a trap.","8","scheduler:Scheduler,batch:Batch job,lake:Lake,etl:Transform,warehouse:Warehouse,blob:Object store,queue:Surge queue,ratelimiter:Rate limiter","scheduler>batch>lake>etl>warehouse,batch>blob"
"batch-trigger-strict","Batch trigger service — strictly consistent","Streaming & events","Batch trigger service","strictly consistent","batch","no","Idempotency is the only defence against duplicate runs.","No stale reads allowed, so the cache stops being a shock absorber.","7","scheduler:Scheduler,batch:Batch job,lake:Lake,etl:Transform,warehouse:Warehouse,blob:Object store,zk:Coordinator","scheduler>batch>lake>etl>warehouse,batch>blob"
"batch-trigger-multiregion","Batch trigger service — multi-region active-active","Streaming & events","Batch trigger service","multi-region active-active","batch","no","Idempotency is the only defence against duplicate runs.","Two live regions; replication lag becomes a correctness question.","8","scheduler:Scheduler,batch:Batch job,lake:Lake,etl:Transform,warehouse:Warehouse,blob:Object store,gslb:Global LB,cdc:Replicator","scheduler>batch>lake>etl>warehouse,batch>blob"
"streaming-etl","Streaming ETL","Streaming & events","Streaming ETL","base","pipeline","no","Exactly-once end to end, or an honest admission that it is not.","The straightforward shape, sized for steady load.","7","client:Producer,kafka:Event log,stream:Stream processor,lake:Lake,etl:Transform,warehouse:Warehouse,bi:BI","client>kafka>stream>lake>etl>warehouse>bi"
"streaming-etl-bursty","Streaming ETL — burst-tolerant","Streaming & events","Streaming ETL","burst-tolerant","pipeline","no","Exactly-once end to end, or an honest admission that it is not.","Load arrives in spikes 20× the mean; steady-state sizing is a trap.","9","client:Producer,kafka:Event log,stream:Stream processor,lake:Lake,etl:Transform,warehouse:Warehouse,bi:BI,queue:Surge queue,ratelimiter:Rate limiter","client>kafka>stream>lake>etl>warehouse>bi"
"streaming-etl-strict","Streaming ETL — strictly consistent","Streaming & events","Streaming ETL","strictly consistent","pipeline","no","Exactly-once end to end, or an honest admission that it is not.","No stale reads allowed, so the cache stops being a shock absorber.","8","client:Producer,kafka:Event log,stream:Stream processor,lake:Lake,etl:Transform,warehouse:Warehouse,bi:BI,zk:Coordinator","client>kafka>stream>lake>etl>warehouse>bi"
"streaming-etl-multiregion","Streaming ETL — multi-region active-active","Streaming & events","Streaming ETL","multi-region active-active","pipeline","no","Exactly-once end to end, or an honest admission that it is not.","Two live regions; replication lag becomes a correctness question.","9","client:Producer,kafka:Event log,stream:Stream processor,lake:Lake,etl:Transform,warehouse:Warehouse,bi:BI,gslb:Global LB,cdc:Replicator","client>kafka>stream>lake>etl>warehouse>bi"
"ci-cd","CI/CD platform","Platform & infrastructure","CI/CD platform","base","batch","no","Bursty, expensive, and blocking every engineer when slow.","The straightforward shape, sized for steady load.","6","scheduler:Scheduler,batch:Batch job,lake:Lake,etl:Transform,warehouse:Warehouse,blob:Object store","scheduler>batch>lake>etl>warehouse,batch>blob"
"ci-cd-hascale","CI/CD platform — highly available","Platform & infrastructure","CI/CD platform","highly available","batch","no","Bursty, expensive, and blocking every engineer when slow.","Designed to survive a zone loss without a verdict change.","8","scheduler:Scheduler,batch:Batch job,lake:Lake,etl:Transform,warehouse:Warehouse,blob:Object store,lb:Standby LB,sql:Replica","scheduler>batch>lake>etl>warehouse,batch>blob"
"ci-cd-multiregion","CI/CD platform — multi-region active-active","Platform & infrastructure","CI/CD platform","multi-region active-active","batch","no","Bursty, expensive, and blocking every engineer when slow.","Two live regions; replication lag becomes a correctness question.","8","scheduler:Scheduler,batch:Batch job,lake:Lake,etl:Transform,warehouse:Warehouse,blob:Object store,gslb:Global LB,cdc:Replicator","scheduler>batch>lake>etl>warehouse,batch>blob"
"ci-cd-costcapped","CI/CD platform — cost-capped","Platform & infrastructure","CI/CD platform","cost-capped","batch","no","Bursty, expensive, and blocking every engineer when slow.","Sized to a budget rather than to a latency target, which changes every answer.","6","scheduler:Scheduler,batch:Batch job,lake:Lake,etl:Transform,warehouse:Warehouse,blob:Object store","scheduler>batch>lake>etl>warehouse,batch>blob"
"artifact-registry","Artifact registry","Platform & infrastructure","Artifact registry","base","media","no","Large immutable blobs pulled by every deploy at once.","The straightforward shape, sized for steady load.","8","client:Client,cdn:CDN,gateway:API gateway,app:Catalog API,blob:Object store,transcode:Transcoder,queue:Job queue,sql:Metadata DB","client>cdn>gateway>app,app>sql,app>blob,app>queue>transcode>blob"
"artifact-registry-hascale","Artifact registry — highly available","Platform & infrastructure","Artifact registry","highly available","media","no","Large immutable blobs pulled by every deploy at once.","Designed to survive a zone loss without a verdict change.","10","client:Client,cdn:CDN,gateway:API gateway,app:Catalog API,blob:Object store,transcode:Transcoder,queue:Job queue,sql:Metadata DB,lb:Standby LB,sql:Replica","client>cdn>gateway>app,app>sql,app>blob,app>queue>transcode>blob"
"artifact-registry-multiregion","Artifact registry — multi-region active-active","Platform & infrastructure","Artifact registry","multi-region active-active","media","no","Large immutable blobs pulled by every deploy at once.","Two live regions; replication lag becomes a correctness question.","10","client:Client,cdn:CDN,gateway:API gateway,app:Catalog API,blob:Object store,transcode:Transcoder,queue:Job queue,sql:Metadata DB,gslb:Global LB,cdc:Replicator","client>cdn>gateway>app,app>sql,app>blob,app>queue>transcode>blob"
"artifact-registry-costcapped","Artifact registry — cost-capped","Platform & infrastructure","Artifact registry","cost-capped","media","no","Large immutable blobs pulled by every deploy at once.","Sized to a budget rather than to a latency target, which changes every answer.","8","client:Client,cdn:CDN,gateway:API gateway,app:Catalog API,blob:Object store,transcode:Transcoder,queue:Job queue,sql:Metadata DB","client>cdn>gateway>app,app>sql,app>blob,app>queue>transcode>blob"
"secret-manager","Secret management","Platform & infrastructure","Secret management","base","readheavy","no","Read on every start-up; an outage stops all deploys.","The straightforward shape, sized for steady load.","7","client:Client,cdn:CDN,lb:Load balancer,app:App,cache:Cache,sql:Primary DB,search:Search","client>cdn>lb>app,app>cache,app>sql,app>search"
"secret-manager-hascale","Secret management — highly available","Platform & infrastructure","Secret management","highly available","readheavy","no","Read on every start-up; an outage stops all deploys.","Designed to survive a zone loss without a verdict change.","9","client:Client,cdn:CDN,lb:Load balancer,app:App,cache:Cache,sql:Primary DB,search:Search,lb:Standby LB,sql:Replica","client>cdn>lb>app,app>cache,app>sql,app>search"
"secret-manager-multiregion","Secret management — multi-region active-active","Platform & infrastructure","Secret management","multi-region active-active","readheavy","no","Read on every start-up; an outage stops all deploys.","Two live regions; replication lag becomes a correctness question.","9","client:Client,cdn:CDN,lb:Load balancer,app:App,cache:Cache,sql:Primary DB,search:Search,gslb:Global LB,cdc:Replicator","client>cdn>lb>app,app>cache,app>sql,app>search"
"secret-manager-costcapped","Secret management — cost-capped","Platform & infrastructure","Secret management","cost-capped","readheavy","no","Read on every start-up; an outage stops all deploys.","Sized to a budget rather than to a latency target, which changes every answer.","7","client:Client,cdn:CDN,lb:Load balancer,app:App,cache:Cache,sql:Primary DB,search:Search","client>cdn>lb>app,app>cache,app>sql,app>search"
"config-service","Configuration service","Platform & infrastructure","Configuration service","base","readheavy","no","Every service depends on it and none can cache it for long.","The straightforward shape, sized for steady load.","7","client:Client,cdn:CDN,lb:Load balancer,app:App,cache:Cache,sql:Primary DB,search:Search","client>cdn>lb>app,app>cache,app>sql,app>search"
"config-service-hascale","Configuration service — highly available","Platform & infrastructure","Configuration service","highly available","readheavy","no","Every service depends on it and none can cache it for long.","Designed to survive a zone loss without a verdict change.","9","client:Client,cdn:CDN,lb:Load balancer,app:App,cache:Cache,sql:Primary DB,search:Search,lb:Standby LB,sql:Replica","client>cdn>lb>app,app>cache,app>sql,app>search"
"config-service-multiregion","Configuration service — multi-region active-active","Platform & infrastructure","Configuration service","multi-region active-active","readheavy","no","Every service depends on it and none can cache it for long.","Two live regions; replication lag becomes a correctness question.","9","client:Client,cdn:CDN,lb:Load balancer,app:App,cache:Cache,sql:Primary DB,search:Search,gslb:Global LB,cdc:Replicator","client>cdn>lb>app,app>cache,app>sql,app>search"
"config-service-costcapped","Configuration service — cost-capped","Platform & infrastructure","Configuration service","cost-capped","readheavy","no","Every service depends on it and none can cache it for long.","Sized to a budget rather than to a latency target, which changes every answer.","7","client:Client,cdn:CDN,lb:Load balancer,app:App,cache:Cache,sql:Primary DB,search:Search","client>cdn>lb>app,app>cache,app>sql,app>search"
"service-discovery","Service discovery","Platform & infrastructure","Service discovery","base","readheavy","no","Stale entries route traffic into the void.","The straightforward shape, sized for steady load.","7","client:Client,cdn:CDN,lb:Load balancer,app:App,cache:Cache,sql:Primary DB,search:Search","client>cdn>lb>app,app>cache,app>sql,app>search"
"service-discovery-hascale","Service discovery — highly available","Platform & infrastructure","Service discovery","highly available","readheavy","no","Stale entries route traffic into the void.","Designed to survive a zone loss without a verdict change.","9","client:Client,cdn:CDN,lb:Load balancer,app:App,cache:Cache,sql:Primary DB,search:Search,lb:Standby LB,sql:Replica","client>cdn>lb>app,app>cache,app>sql,app>search"
"service-discovery-multiregion","Service discovery — multi-region active-active","Platform & infrastructure","Service discovery","multi-region active-active","readheavy","no","Stale entries route traffic into the void.","Two live regions; replication lag becomes a correctness question.","9","client:Client,cdn:CDN,lb:Load balancer,app:App,cache:Cache,sql:Primary DB,search:Search,gslb:Global LB,cdc:Replicator","client>cdn>lb>app,app>cache,app>sql,app>search"
"service-discovery-costcapped","Service discovery — cost-capped","Platform & infrastructure","Service discovery","cost-capped","readheavy","no","Stale entries route traffic into the void.","Sized to a budget rather than to a latency target, which changes every answer.","7","client:Client,cdn:CDN,lb:Load balancer,app:App,cache:Cache,sql:Primary DB,search:Search","client>cdn>lb>app,app>cache,app>sql,app>search"
"api-gateway-platform","API gateway platform","Platform & infrastructure","API gateway platform","base","fanout","no","Shared infrastructure where one tenant’s spike is everyone’s.","The straightforward shape, sized for steady load.","9","client:Client,cdn:CDN,gateway:API gateway,bff:BFF,micro:Service A,micro:Service B,micro:Service C,cache:Cache,sql:DB","client>cdn>gateway>bff,bff>micro,bff>micro,bff>micro,micro>cache,micro>sql"
"api-gateway-platform-hascale","API gateway platform — highly available","Platform & infrastructure","API gateway platform","highly available","fanout","no","Shared infrastructure where one tenant’s spike is everyone’s.","Designed to survive a zone loss without a verdict change.","11","client:Client,cdn:CDN,gateway:API gateway,bff:BFF,micro:Service A,micro:Service B,micro:Service C,cache:Cache,sql:DB,lb:Standby LB,sql:Replica","client>cdn>gateway>bff,bff>micro,bff>micro,bff>micro,micro>cache,micro>sql"
"api-gateway-platform-multiregion","API gateway platform — multi-region active-active","Platform & infrastructure","API gateway platform","multi-region active-active","fanout","no","Shared infrastructure where one tenant’s spike is everyone’s.","Two live regions; replication lag becomes a correctness question.","11","client:Client,cdn:CDN,gateway:API gateway,bff:BFF,micro:Service A,micro:Service B,micro:Service C,cache:Cache,sql:DB,gslb:Global LB,cdc:Replicator","client>cdn>gateway>bff,bff>micro,bff>micro,bff>micro,micro>cache,micro>sql"
"api-gateway-platform-costcapped","API gateway platform — cost-capped","Platform & infrastructure","API gateway platform","cost-capped","fanout","no","Shared infrastructure where one tenant’s spike is everyone’s.","Sized to a budget rather than to a latency target, which changes every answer.","9","client:Client,cdn:CDN,gateway:API gateway,bff:BFF,micro:Service A,micro:Service B,micro:Service C,cache:Cache,sql:DB","client>cdn>gateway>bff,bff>micro,bff>micro,bff>micro,micro>cache,micro>sql"
"ingress-controller","Ingress controller","Platform & infrastructure","Ingress controller","base","fanout","no","A single choke point for an entire cluster.","The straightforward shape, sized for steady load.","9","client:Client,cdn:CDN,gateway:API gateway,bff:BFF,micro:Service A,micro:Service B,micro:Service C,cache:Cache,sql:DB","client>cdn>gateway>bff,bff>micro,bff>micro,bff>micro,micro>cache,micro>sql"
"ingress-controller-hascale","Ingress controller — highly available","Platform & infrastructure","Ingress controller","highly available","fanout","no","A single choke point for an entire cluster.","Designed to survive a zone loss without a verdict change.","11","client:Client,cdn:CDN,gateway:API gateway,bff:BFF,micro:Service A,micro:Service B,micro:Service C,cache:Cache,sql:DB,lb:Standby LB,sql:Replica","client>cdn>gateway>bff,bff>micro,bff>micro,bff>micro,micro>cache,micro>sql"
"ingress-controller-multiregion","Ingress controller — multi-region active-active","Platform & infrastructure","Ingress controller","multi-region active-active","fanout","no","A single choke point for an entire cluster.","Two live regions; replication lag becomes a correctness question.","11","client:Client,cdn:CDN,gateway:API gateway,bff:BFF,micro:Service A,micro:Service B,micro:Service C,cache:Cache,sql:DB,gslb:Global LB,cdc:Replicator","client>cdn>gateway>bff,bff>micro,bff>micro,bff>micro,micro>cache,micro>sql"
"ingress-controller-costcapped","Ingress controller — cost-capped","Platform & infrastructure","Ingress controller","cost-capped","fanout","no","A single choke point for an entire cluster.","Sized to a budget rather than to a latency target, which changes every answer.","9","client:Client,cdn:CDN,gateway:API gateway,bff:BFF,micro:Service A,micro:Service B,micro:Service C,cache:Cache,sql:DB","client>cdn>gateway>bff,bff>micro,bff>micro,bff>micro,micro>cache,micro>sql"
"service-mesh","Service mesh","Platform & infrastructure","Service mesh","base","fanout","no","A sidecar’s latency multiplied by every hop.","The straightforward shape, sized for steady load.","9","client:Client,cdn:CDN,gateway:API gateway,bff:BFF,micro:Service A,micro:Service B,micro:Service C,cache:Cache,sql:DB","client>cdn>gateway>bff,bff>micro,bff>micro,bff>micro,micro>cache,micro>sql"
"service-mesh-hascale","Service mesh — highly available","Platform & infrastructure","Service mesh","highly available","fanout","no","A sidecar’s latency multiplied by every hop.","Designed to survive a zone loss without a verdict change.","11","client:Client,cdn:CDN,gateway:API gateway,bff:BFF,micro:Service A,micro:Service B,micro:Service C,cache:Cache,sql:DB,lb:Standby LB,sql:Replica","client>cdn>gateway>bff,bff>micro,bff>micro,bff>micro,micro>cache,micro>sql"
"service-mesh-multiregion","Service mesh — multi-region active-active","Platform & infrastructure","Service mesh","multi-region active-active","fanout","no","A sidecar’s latency multiplied by every hop.","Two live regions; replication lag becomes a correctness question.","11","client:Client,cdn:CDN,gateway:API gateway,bff:BFF,micro:Service A,micro:Service B,micro:Service C,cache:Cache,sql:DB,gslb:Global LB,cdc:Replicator","client>cdn>gateway>bff,bff>micro,bff>micro,bff>micro,micro>cache,micro>sql"
"service-mesh-costcapped","Service mesh — cost-capped","Platform & infrastructure","Service mesh","cost-capped","fanout","no","A sidecar’s latency multiplied by every hop.","Sized to a budget rather than to a latency target, which changes every answer.","9","client:Client,cdn:CDN,gateway:API gateway,bff:BFF,micro:Service A,micro:Service B,micro:Service C,cache:Cache,sql:DB","client>cdn>gateway>bff,bff>micro,bff>micro,bff>micro,micro>cache,micro>sql"
"dns-platform","Internal DNS","Platform & infrastructure","Internal DNS","base","readheavy","no","Nobody thinks about it until resolution times out.","The straightforward shape, sized for steady load.","7","client:Client,cdn:CDN,lb:Load balancer,app:App,cache:Cache,sql:Primary DB,search:Search","client>cdn>lb>app,app>cache,app>sql,app>search"
"dns-platform-hascale","Internal DNS — highly available","Platform & infrastructure","Internal DNS","highly available","readheavy","no","Nobody thinks about it until resolution times out.","Designed to survive a zone loss without a verdict change.","9","client:Client,cdn:CDN,lb:Load balancer,app:App,cache:Cache,sql:Primary DB,search:Search,lb:Standby LB,sql:Replica","client>cdn>lb>app,app>cache,app>sql,app>search"
"dns-platform-multiregion","Internal DNS — multi-region active-active","Platform & infrastructure","Internal DNS","multi-region active-active","readheavy","no","Nobody thinks about it until resolution times out.","Two live regions; replication lag becomes a correctness question.","9","client:Client,cdn:CDN,lb:Load balancer,app:App,cache:Cache,sql:Primary DB,search:Search,gslb:Global LB,cdc:Replicator","client>cdn>lb>app,app>cache,app>sql,app>search"
"dns-platform-costcapped","Internal DNS — cost-capped","Platform & infrastructure","Internal DNS","cost-capped","readheavy","no","Nobody thinks about it until resolution times out.","Sized to a budget rather than to a latency target, which changes every answer.","7","client:Client,cdn:CDN,lb:Load balancer,app:App,cache:Cache,sql:Primary DB,search:Search","client>cdn>lb>app,app>cache,app>sql,app>search"
"cert-manager","Certificate management","Platform & infrastructure","Certificate management","base","batch","no","A renewal that fails silently until traffic stops.","The straightforward shape, sized for steady load.","6","scheduler:Scheduler,batch:Batch job,lake:Lake,etl:Transform,warehouse:Warehouse,blob:Object store","scheduler>batch>lake>etl>warehouse,batch>blob"
"cert-manager-hascale","Certificate management — highly available","Platform & infrastructure","Certificate management","highly available","batch","no","A renewal that fails silently until traffic stops.","Designed to survive a zone loss without a verdict change.","8","scheduler:Scheduler,batch:Batch job,lake:Lake,etl:Transform,warehouse:Warehouse,blob:Object store,lb:Standby LB,sql:Replica","scheduler>batch>lake>etl>warehouse,batch>blob"
"cert-manager-multiregion","Certificate management — multi-region active-active","Platform & infrastructure","Certificate management","multi-region active-active","batch","no","A renewal that fails silently until traffic stops.","Two live regions; replication lag becomes a correctness question.","8","scheduler:Scheduler,batch:Batch job,lake:Lake,etl:Transform,warehouse:Warehouse,blob:Object store,gslb:Global LB,cdc:Replicator","scheduler>batch>lake>etl>warehouse,batch>blob"
"cert-manager-costcapped","Certificate management — cost-capped","Platform & infrastructure","Certificate management","cost-capped","batch","no","A renewal that fails silently until traffic stops.","Sized to a budget rather than to a latency target, which changes every answer.","6","scheduler:Scheduler,batch:Batch job,lake:Lake,etl:Transform,warehouse:Warehouse,blob:Object store","scheduler>batch>lake>etl>warehouse,batch>blob"
"observability-stack","Observability stack","Platform & infrastructure","Observability stack","base","pipeline","no","Costs more than the thing it watches if left alone.","The straightforward shape, sized for steady load.","7","client:Producer,kafka:Event log,stream:Stream processor,lake:Lake,etl:Transform,warehouse:Warehouse,bi:BI","client>kafka>stream>lake>etl>warehouse>bi"
"observability-stack-hascale","Observability stack — highly available","Platform & infrastructure","Observability stack","highly available","pipeline","no","Costs more than the thing it watches if left alone.","Designed to survive a zone loss without a verdict change.","9","client:Producer,kafka:Event log,stream:Stream processor,lake:Lake,etl:Transform,warehouse:Warehouse,bi:BI,lb:Standby LB,sql:Replica","client>kafka>stream>lake>etl>warehouse>bi"
"observability-stack-multiregion","Observability stack — multi-region active-active","Platform & infrastructure","Observability stack","multi-region active-active","pipeline","no","Costs more than the thing it watches if left alone.","Two live regions; replication lag becomes a correctness question.","9","client:Producer,kafka:Event log,stream:Stream processor,lake:Lake,etl:Transform,warehouse:Warehouse,bi:BI,gslb:Global LB,cdc:Replicator","client>kafka>stream>lake>etl>warehouse>bi"
"observability-stack-costcapped","Observability stack — cost-capped","Platform & infrastructure","Observability stack","cost-capped","pipeline","no","Costs more than the thing it watches if left alone.","Sized to a budget rather than to a latency target, which changes every answer.","7","client:Producer,kafka:Event log,stream:Stream processor,lake:Lake,etl:Transform,warehouse:Warehouse,bi:BI","client>kafka>stream>lake>etl>warehouse>bi"
"log-pipeline","Log shipping","Platform & infrastructure","Log shipping","base","pipeline","no","Volume that grows with every new service.","The straightforward shape, sized for steady load.","7","client:Producer,kafka:Event log,stream:Stream processor,lake:Lake,etl:Transform,warehouse:Warehouse,bi:BI","client>kafka>stream>lake>etl>warehouse>bi"
"log-pipeline-hascale","Log shipping — highly available","Platform & infrastructure","Log shipping","highly available","pipeline","no","Volume that grows with every new service.","Designed to survive a zone loss without a verdict change.","9","client:Producer,kafka:Event log,stream:Stream processor,lake:Lake,etl:Transform,warehouse:Warehouse,bi:BI,lb:Standby LB,sql:Replica","client>kafka>stream>lake>etl>warehouse>bi"
"log-pipeline-multiregion","Log shipping — multi-region active-active","Platform & infrastructure","Log shipping","multi-region active-active","pipeline","no","Volume that grows with every new service.","Two live regions; replication lag becomes a correctness question.","9","client:Producer,kafka:Event log,stream:Stream processor,lake:Lake,etl:Transform,warehouse:Warehouse,bi:BI,gslb:Global LB,cdc:Replicator","client>kafka>stream>lake>etl>warehouse>bi"
"log-pipeline-costcapped","Log shipping — cost-capped","Platform & infrastructure","Log shipping","cost-capped","pipeline","no","Volume that grows with every new service.","Sized to a budget rather than to a latency target, which changes every answer.","7","client:Producer,kafka:Event log,stream:Stream processor,lake:Lake,etl:Transform,warehouse:Warehouse,bi:BI","client>kafka>stream>lake>etl>warehouse>bi"
"tracing-backend","Tracing backend","Platform & infrastructure","Tracing backend","base","pipeline","no","Sampling is the only thing making it affordable.","The straightforward shape, sized for steady load.","7","client:Producer,kafka:Event log,stream:Stream processor,lake:Lake,etl:Transform,warehouse:Warehouse,bi:BI","client>kafka>stream>lake>etl>warehouse>bi"
"tracing-backend-hascale","Tracing backend — highly available","Platform & infrastructure","Tracing backend","highly available","pipeline","no","Sampling is the only thing making it affordable.","Designed to survive a zone loss without a verdict change.","9","client:Producer,kafka:Event log,stream:Stream processor,lake:Lake,etl:Transform,warehouse:Warehouse,bi:BI,lb:Standby LB,sql:Replica","client>kafka>stream>lake>etl>warehouse>bi"
"tracing-backend-multiregion","Tracing backend — multi-region active-active","Platform & infrastructure","Tracing backend","multi-region active-active","pipeline","no","Sampling is the only thing making it affordable.","Two live regions; replication lag becomes a correctness question.","9","client:Producer,kafka:Event log,stream:Stream processor,lake:Lake,etl:Transform,warehouse:Warehouse,bi:BI,gslb:Global LB,cdc:Replicator","client>kafka>stream>lake>etl>warehouse>bi"
"tracing-backend-costcapped","Tracing backend — cost-capped","Platform & infrastructure","Tracing backend","cost-capped","pipeline","no","Sampling is the only thing making it affordable.","Sized to a budget rather than to a latency target, which changes every answer.","7","client:Producer,kafka:Event log,stream:Stream processor,lake:Lake,etl:Transform,warehouse:Warehouse,bi:BI","client>kafka>stream>lake>etl>warehouse>bi"
"alerting","Alerting platform","Platform & infrastructure","Alerting platform","base","realtime","no","Must work when everything else does not.","The straightforward shape, sized for steady load.","6","client:Client,gslb:Global LB,ws:Realtime gateway,stream:Processor,tsdb:Time series,cache:State cache","client>gslb>ws>stream>tsdb,ws>cache"
"alerting-hascale","Alerting platform — highly available","Platform & infrastructure","Alerting platform","highly available","realtime","no","Must work when everything else does not.","Designed to survive a zone loss without a verdict change.","8","client:Client,gslb:Global LB,ws:Realtime gateway,stream:Processor,tsdb:Time series,cache:State cache,lb:Standby LB,sql:Replica","client>gslb>ws>stream>tsdb,ws>cache"
"alerting-multiregion","Alerting platform — multi-region active-active","Platform & infrastructure","Alerting platform","multi-region active-active","realtime","no","Must work when everything else does not.","Two live regions; replication lag becomes a correctness question.","8","client:Client,gslb:Global LB,ws:Realtime gateway,stream:Processor,tsdb:Time series,cache:State cache,gslb:Global LB,cdc:Replicator","client>gslb>ws>stream>tsdb,ws>cache"
"alerting-costcapped","Alerting platform — cost-capped","Platform & infrastructure","Alerting platform","cost-capped","realtime","no","Must work when everything else does not.","Sized to a budget rather than to a latency target, which changes every answer.","6","client:Client,gslb:Global LB,ws:Realtime gateway,stream:Processor,tsdb:Time series,cache:State cache","client>gslb>ws>stream>tsdb,ws>cache"
"incident-management","Incident management","Platform & infrastructure","Incident management","base","writeheavy","no","Low volume, worst possible time.","The straightforward shape, sized for steady load.","8","client:Client,lb:Load balancer,gateway:API gateway,app:Write API,queue:Ingest queue,worker:Writer,sql:Primary DB,cache:Read cache","client>lb>gateway>app,app>queue>worker>sql,app>cache"
"incident-management-hascale","Incident management — highly available","Platform & infrastructure","Incident management","highly available","writeheavy","no","Low volume, worst possible time.","Designed to survive a zone loss without a verdict change.","10","client:Client,lb:Load balancer,gateway:API gateway,app:Write API,queue:Ingest queue,worker:Writer,sql:Primary DB,cache:Read cache,lb:Standby LB,sql:Replica","client>lb>gateway>app,app>queue>worker>sql,app>cache"
"incident-management-multiregion","Incident management — multi-region active-active","Platform & infrastructure","Incident management","multi-region active-active","writeheavy","no","Low volume, worst possible time.","Two live regions; replication lag becomes a correctness question.","10","client:Client,lb:Load balancer,gateway:API gateway,app:Write API,queue:Ingest queue,worker:Writer,sql:Primary DB,cache:Read cache,gslb:Global LB,cdc:Replicator","client>lb>gateway>app,app>queue>worker>sql,app>cache"
"incident-management-costcapped","Incident management — cost-capped","Platform & infrastructure","Incident management","cost-capped","writeheavy","no","Low volume, worst possible time.","Sized to a budget rather than to a latency target, which changes every answer.","8","client:Client,lb:Load balancer,gateway:API gateway,app:Write API,queue:Ingest queue,worker:Writer,sql:Primary DB,cache:Read cache","client>lb>gateway>app,app>queue>worker>sql,app>cache"
"backup-restore","Backup and restore","Platform & infrastructure","Backup and restore","base","batch","no","Untested restores are not backups.","The straightforward shape, sized for steady load.","6","scheduler:Scheduler,batch:Batch job,lake:Lake,etl:Transform,warehouse:Warehouse,blob:Object store","scheduler>batch>lake>etl>warehouse,batch>blob"
"backup-restore-hascale","Backup and restore — highly available","Platform & infrastructure","Backup and restore","highly available","batch","no","Untested restores are not backups.","Designed to survive a zone loss without a verdict change.","8","scheduler:Scheduler,batch:Batch job,lake:Lake,etl:Transform,warehouse:Warehouse,blob:Object store,lb:Standby LB,sql:Replica","scheduler>batch>lake>etl>warehouse,batch>blob"
"backup-restore-multiregion","Backup and restore — multi-region active-active","Platform & infrastructure","Backup and restore","multi-region active-active","batch","no","Untested restores are not backups.","Two live regions; replication lag becomes a correctness question.","8","scheduler:Scheduler,batch:Batch job,lake:Lake,etl:Transform,warehouse:Warehouse,blob:Object store,gslb:Global LB,cdc:Replicator","scheduler>batch>lake>etl>warehouse,batch>blob"
"backup-restore-costcapped","Backup and restore — cost-capped","Platform & infrastructure","Backup and restore","cost-capped","batch","no","Untested restores are not backups.","Sized to a budget rather than to a latency target, which changes every answer.","6","scheduler:Scheduler,batch:Batch job,lake:Lake,etl:Transform,warehouse:Warehouse,blob:Object store","scheduler>batch>lake>etl>warehouse,batch>blob"
"dr-failover","Disaster recovery","Platform & infrastructure","Disaster recovery","base","batch","no","A path exercised once a year that must work first time.","The straightforward shape, sized for steady load.","6","scheduler:Scheduler,batch:Batch job,lake:Lake,etl:Transform,warehouse:Warehouse,blob:Object store","scheduler>batch>lake>etl>warehouse,batch>blob"
"dr-failover-hascale","Disaster recovery — highly available","Platform & infrastructure","Disaster recovery","highly available","batch","no","A path exercised once a year that must work first time.","Designed to survive a zone loss without a verdict change.","8","scheduler:Scheduler,batch:Batch job,lake:Lake,etl:Transform,warehouse:Warehouse,blob:Object store,lb:Standby LB,sql:Replica","scheduler>batch>lake>etl>warehouse,batch>blob"
"dr-failover-multiregion","Disaster recovery — multi-region active-active","Platform & infrastructure","Disaster recovery","multi-region active-active","batch","no","A path exercised once a year that must work first time.","Two live regions; replication lag becomes a correctness question.","8","scheduler:Scheduler,batch:Batch job,lake:Lake,etl:Transform,warehouse:Warehouse,blob:Object store,gslb:Global LB,cdc:Replicator","scheduler>batch>lake>etl>warehouse,batch>blob"
"dr-failover-costcapped","Disaster recovery — cost-capped","Platform & infrastructure","Disaster recovery","cost-capped","batch","no","A path exercised once a year that must work first time.","Sized to a budget rather than to a latency target, which changes every answer.","6","scheduler:Scheduler,batch:Batch job,lake:Lake,etl:Transform,warehouse:Warehouse,blob:Object store","scheduler>batch>lake>etl>warehouse,batch>blob"
"autoscaler","Autoscaling controller","Platform & infrastructure","Autoscaling controller","base","realtime","no","It reacts after the queue has already formed.","The straightforward shape, sized for steady load.","6","client:Client,gslb:Global LB,ws:Realtime gateway,stream:Processor,tsdb:Time series,cache:State cache","client>gslb>ws>stream>tsdb,ws>cache"
"autoscaler-hascale","Autoscaling controller — highly available","Platform & infrastructure","Autoscaling controller","highly available","realtime","no","It reacts after the queue has already formed.","Designed to survive a zone loss without a verdict change.","8","client:Client,gslb:Global LB,ws:Realtime gateway,stream:Processor,tsdb:Time series,cache:State cache,lb:Standby LB,sql:Replica","client>gslb>ws>stream>tsdb,ws>cache"
"autoscaler-multiregion","Autoscaling controller — multi-region active-active","Platform & infrastructure","Autoscaling controller","multi-region active-active","realtime","no","It reacts after the queue has already formed.","Two live regions; replication lag becomes a correctness question.","8","client:Client,gslb:Global LB,ws:Realtime gateway,stream:Processor,tsdb:Time series,cache:State cache,gslb:Global LB,cdc:Replicator","client>gslb>ws>stream>tsdb,ws>cache"
"autoscaler-costcapped","Autoscaling controller — cost-capped","Platform & infrastructure","Autoscaling controller","cost-capped","realtime","no","It reacts after the queue has already formed.","Sized to a budget rather than to a latency target, which changes every answer.","6","client:Client,gslb:Global LB,ws:Realtime gateway,stream:Processor,tsdb:Time series,cache:State cache","client>gslb>ws>stream>tsdb,ws>cache"
"cost-platform","Cost management","Platform & infrastructure","Cost management","base","batch","no","Billing data arriving a day late about money already spent.","The straightforward shape, sized for steady load.","6","scheduler:Scheduler,batch:Batch job,lake:Lake,etl:Transform,warehouse:Warehouse,blob:Object store","scheduler>batch>lake>etl>warehouse,batch>blob"
"cost-platform-hascale","Cost management — highly available","Platform & infrastructure","Cost management","highly available","batch","no","Billing data arriving a day late about money already spent.","Designed to survive a zone loss without a verdict change.","8","scheduler:Scheduler,batch:Batch job,lake:Lake,etl:Transform,warehouse:Warehouse,blob:Object store,lb:Standby LB,sql:Replica","scheduler>batch>lake>etl>warehouse,batch>blob"
"cost-platform-multiregion","Cost management — multi-region active-active","Platform & infrastructure","Cost management","multi-region active-active","batch","no","Billing data arriving a day late about money already spent.","Two live regions; replication lag becomes a correctness question.","8","scheduler:Scheduler,batch:Batch job,lake:Lake,etl:Transform,warehouse:Warehouse,blob:Object store,gslb:Global LB,cdc:Replicator","scheduler>batch>lake>etl>warehouse,batch>blob"
"cost-platform-costcapped","Cost management — cost-capped","Platform & infrastructure","Cost management","cost-capped","batch","no","Billing data arriving a day late about money already spent.","Sized to a budget rather than to a latency target, which changes every answer.","6","scheduler:Scheduler,batch:Batch job,lake:Lake,etl:Transform,warehouse:Warehouse,blob:Object store","scheduler>batch>lake>etl>warehouse,batch>blob"
"policy-engine","Policy engine","Platform & infrastructure","Policy engine","base","readheavy","no","Evaluated on every admission, blocking by design.","The straightforward shape, sized for steady load.","7","client:Client,cdn:CDN,lb:Load balancer,app:App,cache:Cache,sql:Primary DB,search:Search","client>cdn>lb>app,app>cache,app>sql,app>search"
"policy-engine-hascale","Policy engine — highly available","Platform & infrastructure","Policy engine","highly available","readheavy","no","Evaluated on every admission, blocking by design.","Designed to survive a zone loss without a verdict change.","9","client:Client,cdn:CDN,lb:Load balancer,app:App,cache:Cache,sql:Primary DB,search:Search,lb:Standby LB,sql:Replica","client>cdn>lb>app,app>cache,app>sql,app>search"
"policy-engine-multiregion","Policy engine — multi-region active-active","Platform & infrastructure","Policy engine","multi-region active-active","readheavy","no","Evaluated on every admission, blocking by design.","Two live regions; replication lag becomes a correctness question.","9","client:Client,cdn:CDN,lb:Load balancer,app:App,cache:Cache,sql:Primary DB,search:Search,gslb:Global LB,cdc:Replicator","client>cdn>lb>app,app>cache,app>sql,app>search"
"policy-engine-costcapped","Policy engine — cost-capped","Platform & infrastructure","Policy engine","cost-capped","readheavy","no","Evaluated on every admission, blocking by design.","Sized to a budget rather than to a latency target, which changes every answer.","7","client:Client,cdn:CDN,lb:Load balancer,app:App,cache:Cache,sql:Primary DB,search:Search","client>cdn>lb>app,app>cache,app>sql,app>search"
"sandbox-runner","Untrusted code sandbox","Platform & infrastructure","Untrusted code sandbox","base","batch","no","Isolation costs latency and you cannot skip it.","The straightforward shape, sized for steady load.","6","scheduler:Scheduler,batch:Batch job,lake:Lake,etl:Transform,warehouse:Warehouse,blob:Object store","scheduler>batch>lake>etl>warehouse,batch>blob"
"sandbox-runner-hascale","Untrusted code sandbox — highly available","Platform & infrastructure","Untrusted code sandbox","highly available","batch","no","Isolation costs latency and you cannot skip it.","Designed to survive a zone loss without a verdict change.","8","scheduler:Scheduler,batch:Batch job,lake:Lake,etl:Transform,warehouse:Warehouse,blob:Object store,lb:Standby LB,sql:Replica","scheduler>batch>lake>etl>warehouse,batch>blob"
"sandbox-runner-multiregion","Untrusted code sandbox — multi-region active-active","Platform & infrastructure","Untrusted code sandbox","multi-region active-active","batch","no","Isolation costs latency and you cannot skip it.","Two live regions; replication lag becomes a correctness question.","8","scheduler:Scheduler,batch:Batch job,lake:Lake,etl:Transform,warehouse:Warehouse,blob:Object store,gslb:Global LB,cdc:Replicator","scheduler>batch>lake>etl>warehouse,batch>blob"
"sandbox-runner-costcapped","Untrusted code sandbox — cost-capped","Platform & infrastructure","Untrusted code sandbox","cost-capped","batch","no","Isolation costs latency and you cannot skip it.","Sized to a budget rather than to a latency target, which changes every answer.","6","scheduler:Scheduler,batch:Batch job,lake:Lake,etl:Transform,warehouse:Warehouse,blob:Object store","scheduler>batch>lake>etl>warehouse,batch>blob"
"build-cache","Distributed build cache","Platform & infrastructure","Distributed build cache","base","readheavy","no","A cache miss is minutes, not milliseconds.","The straightforward shape, sized for steady load.","7","client:Client,cdn:CDN,lb:Load balancer,app:App,cache:Cache,sql:Primary DB,search:Search","client>cdn>lb>app,app>cache,app>sql,app>search"
"build-cache-hascale","Distributed build cache — highly available","Platform & infrastructure","Distributed build cache","highly available","readheavy","no","A cache miss is minutes, not milliseconds.","Designed to survive a zone loss without a verdict change.","9","client:Client,cdn:CDN,lb:Load balancer,app:App,cache:Cache,sql:Primary DB,search:Search,lb:Standby LB,sql:Replica","client>cdn>lb>app,app>cache,app>sql,app>search"
"build-cache-multiregion","Distributed build cache — multi-region active-active","Platform & infrastructure","Distributed build cache","multi-region active-active","readheavy","no","A cache miss is minutes, not milliseconds.","Two live regions; replication lag becomes a correctness question.","9","client:Client,cdn:CDN,lb:Load balancer,app:App,cache:Cache,sql:Primary DB,search:Search,gslb:Global LB,cdc:Replicator","client>cdn>lb>app,app>cache,app>sql,app>search"
"build-cache-costcapped","Distributed build cache — cost-capped","Platform & infrastructure","Distributed build cache","cost-capped","readheavy","no","A cache miss is minutes, not milliseconds.","Sized to a budget rather than to a latency target, which changes every answer.","7","client:Client,cdn:CDN,lb:Load balancer,app:App,cache:Cache,sql:Primary DB,search:Search","client>cdn>lb>app,app>cache,app>sql,app>search"
"package-mirror","Package mirror","Platform & infrastructure","Package mirror","base","media","no","The whole company installs at 09:00.","The straightforward shape, sized for steady load.","8","client:Client,cdn:CDN,gateway:API gateway,app:Catalog API,blob:Object store,transcode:Transcoder,queue:Job queue,sql:Metadata DB","client>cdn>gateway>app,app>sql,app>blob,app>queue>transcode>blob"
"package-mirror-hascale","Package mirror — highly available","Platform & infrastructure","Package mirror","highly available","media","no","The whole company installs at 09:00.","Designed to survive a zone loss without a verdict change.","10","client:Client,cdn:CDN,gateway:API gateway,app:Catalog API,blob:Object store,transcode:Transcoder,queue:Job queue,sql:Metadata DB,lb:Standby LB,sql:Replica","client>cdn>gateway>app,app>sql,app>blob,app>queue>transcode>blob"
"package-mirror-multiregion","Package mirror — multi-region active-active","Platform & infrastructure","Package mirror","multi-region active-active","media","no","The whole company installs at 09:00.","Two live regions; replication lag becomes a correctness question.","10","client:Client,cdn:CDN,gateway:API gateway,app:Catalog API,blob:Object store,transcode:Transcoder,queue:Job queue,sql:Metadata DB,gslb:Global LB,cdc:Replicator","client>cdn>gateway>app,app>sql,app>blob,app>queue>transcode>blob"
"package-mirror-costcapped","Package mirror — cost-capped","Platform & infrastructure","Package mirror","cost-capped","media","no","The whole company installs at 09:00.","Sized to a budget rather than to a latency target, which changes every answer.","8","client:Client,cdn:CDN,gateway:API gateway,app:Catalog API,blob:Object store,transcode:Transcoder,queue:Job queue,sql:Metadata DB","client>cdn>gateway>app,app>sql,app>blob,app>queue>transcode>blob"
"k8s-control-plane","Cluster control plane","Platform & infrastructure","Cluster control plane","base","writeheavy","no","Watch fan-out grows with cluster size, not with load.","The straightforward shape, sized for steady load.","8","client:Client,lb:Load balancer,gateway:API gateway,app:Write API,queue:Ingest queue,worker:Writer,sql:Primary DB,cache:Read cache","client>lb>gateway>app,app>queue>worker>sql,app>cache"
"k8s-control-plane-hascale","Cluster control plane — highly available","Platform & infrastructure","Cluster control plane","highly available","writeheavy","no","Watch fan-out grows with cluster size, not with load.","Designed to survive a zone loss without a verdict change.","10","client:Client,lb:Load balancer,gateway:API gateway,app:Write API,queue:Ingest queue,worker:Writer,sql:Primary DB,cache:Read cache,lb:Standby LB,sql:Replica","client>lb>gateway>app,app>queue>worker>sql,app>cache"
"k8s-control-plane-multiregion","Cluster control plane — multi-region active-active","Platform & infrastructure","Cluster control plane","multi-region active-active","writeheavy","no","Watch fan-out grows with cluster size, not with load.","Two live regions; replication lag becomes a correctness question.","10","client:Client,lb:Load balancer,gateway:API gateway,app:Write API,queue:Ingest queue,worker:Writer,sql:Primary DB,cache:Read cache,gslb:Global LB,cdc:Replicator","client>lb>gateway>app,app>queue>worker>sql,app>cache"
"k8s-control-plane-costcapped","Cluster control plane — cost-capped","Platform & infrastructure","Cluster control plane","cost-capped","writeheavy","no","Watch fan-out grows with cluster size, not with load.","Sized to a budget rather than to a latency target, which changes every answer.","8","client:Client,lb:Load balancer,gateway:API gateway,app:Write API,queue:Ingest queue,worker:Writer,sql:Primary DB,cache:Read cache","client>lb>gateway>app,app>queue>worker>sql,app>cache"
"edge-compute","Edge compute platform","Platform & infrastructure","Edge compute platform","base","fanout","no","Cold starts at the edge are the whole problem.","The straightforward shape, sized for steady load.","9","client:Client,cdn:CDN,gateway:API gateway,bff:BFF,micro:Service A,micro:Service B,micro:Service C,cache:Cache,sql:DB","client>cdn>gateway>bff,bff>micro,bff>micro,bff>micro,micro>cache,micro>sql"
"edge-compute-hascale","Edge compute platform — highly available","Platform & infrastructure","Edge compute platform","highly available","fanout","no","Cold starts at the edge are the whole problem.","Designed to survive a zone loss without a verdict change.","11","client:Client,cdn:CDN,gateway:API gateway,bff:BFF,micro:Service A,micro:Service B,micro:Service C,cache:Cache,sql:DB,lb:Standby LB,sql:Replica","client>cdn>gateway>bff,bff>micro,bff>micro,bff>micro,micro>cache,micro>sql"
"edge-compute-multiregion","Edge compute platform — multi-region active-active","Platform & infrastructure","Edge compute platform","multi-region active-active","fanout","no","Cold starts at the edge are the whole problem.","Two live regions; replication lag becomes a correctness question.","11","client:Client,cdn:CDN,gateway:API gateway,bff:BFF,micro:Service A,micro:Service B,micro:Service C,cache:Cache,sql:DB,gslb:Global LB,cdc:Replicator","client>cdn>gateway>bff,bff>micro,bff>micro,bff>micro,micro>cache,micro>sql"
"edge-compute-costcapped","Edge compute platform — cost-capped","Platform & infrastructure","Edge compute platform","cost-capped","fanout","no","Cold starts at the edge are the whole problem.","Sized to a budget rather than to a latency target, which changes every answer.","9","client:Client,cdn:CDN,gateway:API gateway,bff:BFF,micro:Service A,micro:Service B,micro:Service C,cache:Cache,sql:DB","client>cdn>gateway>bff,bff>micro,bff>micro,bff>micro,micro>cache,micro>sql"
"core-banking","Core banking ledger","Finance & regulated","Core banking ledger","base","txn","no","Balances that must always foot, on a mainframe’s schedule.","The straightforward shape, sized for steady load.","8","client:Client,waf:WAF,gateway:API gateway,app:Transaction API,ledger:Ledger,sql:Records DB,queue:Settlement queue,worker:Settler","client>waf>gateway>app,app>ledger,app>sql,app>queue>worker"
"core-banking-regulated","Core banking ledger — audited","Finance & regulated","Core banking ledger","audited","txn","no","Balances that must always foot, on a mainframe’s schedule.","Every mutation is evidence, and the audit path cannot be sampled.","11","client:Client,waf:WAF,gateway:API gateway,app:Transaction API,ledger:Ledger,sql:Records DB,queue:Settlement queue,worker:Settler,audit:Audit log,pii:PII vault,sign:Signer","client>waf>gateway>app,app>ledger,app>sql,app>queue>worker"
"core-banking-strict","Core banking ledger — strictly consistent","Finance & regulated","Core banking ledger","strictly consistent","txn","no","Balances that must always foot, on a mainframe’s schedule.","No stale reads allowed, so the cache stops being a shock absorber.","9","client:Client,waf:WAF,gateway:API gateway,app:Transaction API,ledger:Ledger,sql:Records DB,queue:Settlement queue,worker:Settler,zk:Coordinator","client>waf>gateway>app,app>ledger,app>sql,app>queue>worker"
"core-banking-hascale","Core banking ledger — highly available","Finance & regulated","Core banking ledger","highly available","txn","no","Balances that must always foot, on a mainframe’s schedule.","Designed to survive a zone loss without a verdict change.","10","client:Client,waf:WAF,gateway:API gateway,app:Transaction API,ledger:Ledger,sql:Records DB,queue:Settlement queue,worker:Settler,lb:Standby LB,sql:Replica","client>waf>gateway>app,app>ledger,app>sql,app>queue>worker"
"payments-rail","Payment rail integration","Finance & regulated","Payment rail integration","base","integration","no","A scheme with fixed windows and no flexibility.","The straightforward shape, sized for steady load.","7","partner:Partner,mft:File transfer,esb:Integration bus,app:Adapter,erp:ERP,sql:Staging DB,queue:Retry queue","partner>mft>esb>app>erp,app>sql,app>queue"
"payments-rail-regulated","Payment rail integration — audited","Finance & regulated","Payment rail integration","audited","integration","no","A scheme with fixed windows and no flexibility.","Every mutation is evidence, and the audit path cannot be sampled.","10","partner:Partner,mft:File transfer,esb:Integration bus,app:Adapter,erp:ERP,sql:Staging DB,queue:Retry queue,audit:Audit log,pii:PII vault,sign:Signer","partner>mft>esb>app>erp,app>sql,app>queue"
"payments-rail-strict","Payment rail integration — strictly consistent","Finance & regulated","Payment rail integration","strictly consistent","integration","no","A scheme with fixed windows and no flexibility.","No stale reads allowed, so the cache stops being a shock absorber.","8","partner:Partner,mft:File transfer,esb:Integration bus,app:Adapter,erp:ERP,sql:Staging DB,queue:Retry queue,zk:Coordinator","partner>mft>esb>app>erp,app>sql,app>queue"
"payments-rail-hascale","Payment rail integration — highly available","Finance & regulated","Payment rail integration","highly available","integration","no","A scheme with fixed windows and no flexibility.","Designed to survive a zone loss without a verdict change.","9","partner:Partner,mft:File transfer,esb:Integration bus,app:Adapter,erp:ERP,sql:Staging DB,queue:Retry queue,lb:Standby LB,sql:Replica","partner>mft>esb>app>erp,app>sql,app>queue"
"card-authorization","Card authorisation","Finance & regulated","Card authorisation","base","txn","no","A hard latency ceiling set by someone else.","The straightforward shape, sized for steady load.","8","client:Client,waf:WAF,gateway:API gateway,app:Transaction API,ledger:Ledger,sql:Records DB,queue:Settlement queue,worker:Settler","client>waf>gateway>app,app>ledger,app>sql,app>queue>worker"
"card-authorization-regulated","Card authorisation — audited","Finance & regulated","Card authorisation","audited","txn","no","A hard latency ceiling set by someone else.","Every mutation is evidence, and the audit path cannot be sampled.","11","client:Client,waf:WAF,gateway:API gateway,app:Transaction API,ledger:Ledger,sql:Records DB,queue:Settlement queue,worker:Settler,audit:Audit log,pii:PII vault,sign:Signer","client>waf>gateway>app,app>ledger,app>sql,app>queue>worker"
"card-authorization-strict","Card authorisation — strictly consistent","Finance & regulated","Card authorisation","strictly consistent","txn","no","A hard latency ceiling set by someone else.","No stale reads allowed, so the cache stops being a shock absorber.","9","client:Client,waf:WAF,gateway:API gateway,app:Transaction API,ledger:Ledger,sql:Records DB,queue:Settlement queue,worker:Settler,zk:Coordinator","client>waf>gateway>app,app>ledger,app>sql,app>queue>worker"
"card-authorization-hascale","Card authorisation — highly available","Finance & regulated","Card authorisation","highly available","txn","no","A hard latency ceiling set by someone else.","Designed to survive a zone loss without a verdict change.","10","client:Client,waf:WAF,gateway:API gateway,app:Transaction API,ledger:Ledger,sql:Records DB,queue:Settlement queue,worker:Settler,lb:Standby LB,sql:Replica","client>waf>gateway>app,app>ledger,app>sql,app>queue>worker"
"kyc-onboarding","KYC onboarding","Finance & regulated","KYC onboarding","base","integration","no","Several slow third parties in series.","The straightforward shape, sized for steady load.","7","partner:Partner,mft:File transfer,esb:Integration bus,app:Adapter,erp:ERP,sql:Staging DB,queue:Retry queue","partner>mft>esb>app>erp,app>sql,app>queue"
"kyc-onboarding-regulated","KYC onboarding — audited","Finance & regulated","KYC onboarding","audited","integration","no","Several slow third parties in series.","Every mutation is evidence, and the audit path cannot be sampled.","10","partner:Partner,mft:File transfer,esb:Integration bus,app:Adapter,erp:ERP,sql:Staging DB,queue:Retry queue,audit:Audit log,pii:PII vault,sign:Signer","partner>mft>esb>app>erp,app>sql,app>queue"
"kyc-onboarding-strict","KYC onboarding — strictly consistent","Finance & regulated","KYC onboarding","strictly consistent","integration","no","Several slow third parties in series.","No stale reads allowed, so the cache stops being a shock absorber.","8","partner:Partner,mft:File transfer,esb:Integration bus,app:Adapter,erp:ERP,sql:Staging DB,queue:Retry queue,zk:Coordinator","partner>mft>esb>app>erp,app>sql,app>queue"
"kyc-onboarding-hascale","KYC onboarding — highly available","Finance & regulated","KYC onboarding","highly available","integration","no","Several slow third parties in series.","Designed to survive a zone loss without a verdict change.","9","partner:Partner,mft:File transfer,esb:Integration bus,app:Adapter,erp:ERP,sql:Staging DB,queue:Retry queue,lb:Standby LB,sql:Replica","partner>mft>esb>app>erp,app>sql,app>queue"
"aml-screening","AML screening","Finance & regulated","AML screening","base","inference","no","False positives cost human hours, false negatives cost fines.","The straightforward shape, sized for steady load.","7","client:Client,gateway:API gateway,ratelimiter:Rate limiter,guard:Safety filter,llm:Model,vector:Vector store,cache:Response cache","client>gateway>ratelimiter>guard>llm,llm>vector,gateway>cache"
"aml-screening-regulated","AML screening — audited","Finance & regulated","AML screening","audited","inference","no","False positives cost human hours, false negatives cost fines.","Every mutation is evidence, and the audit path cannot be sampled.","10","client:Client,gateway:API gateway,ratelimiter:Rate limiter,guard:Safety filter,llm:Model,vector:Vector store,cache:Response cache,audit:Audit log,pii:PII vault,sign:Signer","client>gateway>ratelimiter>guard>llm,llm>vector,gateway>cache"
"aml-screening-strict","AML screening — strictly consistent","Finance & regulated","AML screening","strictly consistent","inference","no","False positives cost human hours, false negatives cost fines.","No stale reads allowed, so the cache stops being a shock absorber.","8","client:Client,gateway:API gateway,ratelimiter:Rate limiter,guard:Safety filter,llm:Model,vector:Vector store,cache:Response cache,zk:Coordinator","client>gateway>ratelimiter>guard>llm,llm>vector,gateway>cache"
"aml-screening-hascale","AML screening — highly available","Finance & regulated","AML screening","highly available","inference","no","False positives cost human hours, false negatives cost fines.","Designed to survive a zone loss without a verdict change.","9","client:Client,gateway:API gateway,ratelimiter:Rate limiter,guard:Safety filter,llm:Model,vector:Vector store,cache:Response cache,lb:Standby LB,sql:Replica","client>gateway>ratelimiter>guard>llm,llm>vector,gateway>cache"
"trading-oms","Order management system","Finance & regulated","Order management system","base","txn","no","Microseconds matter and queueing is the enemy.","The straightforward shape, sized for steady load.","8","client:Client,waf:WAF,gateway:API gateway,app:Transaction API,ledger:Ledger,sql:Records DB,queue:Settlement queue,worker:Settler","client>waf>gateway>app,app>ledger,app>sql,app>queue>worker"
"trading-oms-regulated","Order management system — audited","Finance & regulated","Order management system","audited","txn","no","Microseconds matter and queueing is the enemy.","Every mutation is evidence, and the audit path cannot be sampled.","11","client:Client,waf:WAF,gateway:API gateway,app:Transaction API,ledger:Ledger,sql:Records DB,queue:Settlement queue,worker:Settler,audit:Audit log,pii:PII vault,sign:Signer","client>waf>gateway>app,app>ledger,app>sql,app>queue>worker"
"trading-oms-strict","Order management system — strictly consistent","Finance & regulated","Order management system","strictly consistent","txn","no","Microseconds matter and queueing is the enemy.","No stale reads allowed, so the cache stops being a shock absorber.","9","client:Client,waf:WAF,gateway:API gateway,app:Transaction API,ledger:Ledger,sql:Records DB,queue:Settlement queue,worker:Settler,zk:Coordinator","client>waf>gateway>app,app>ledger,app>sql,app>queue>worker"
"trading-oms-hascale","Order management system — highly available","Finance & regulated","Order management system","highly available","txn","no","Microseconds matter and queueing is the enemy.","Designed to survive a zone loss without a verdict change.","10","client:Client,waf:WAF,gateway:API gateway,app:Transaction API,ledger:Ledger,sql:Records DB,queue:Settlement queue,worker:Settler,lb:Standby LB,sql:Replica","client>waf>gateway>app,app>ledger,app>sql,app>queue>worker"
"market-data","Market data feed","Finance & regulated","Market data feed","base","realtime","no","A firehose with no backpressure available to you.","The straightforward shape, sized for steady load.","6","client:Client,gslb:Global LB,ws:Realtime gateway,stream:Processor,tsdb:Time series,cache:State cache","client>gslb>ws>stream>tsdb,ws>cache"
"market-data-regulated","Market data feed — audited","Finance & regulated","Market data feed","audited","realtime","no","A firehose with no backpressure available to you.","Every mutation is evidence, and the audit path cannot be sampled.","9","client:Client,gslb:Global LB,ws:Realtime gateway,stream:Processor,tsdb:Time series,cache:State cache,audit:Audit log,pii:PII vault,sign:Signer","client>gslb>ws>stream>tsdb,ws>cache"
"market-data-strict","Market data feed — strictly consistent","Finance & regulated","Market data feed","strictly consistent","realtime","no","A firehose with no backpressure available to you.","No stale reads allowed, so the cache stops being a shock absorber.","7","client:Client,gslb:Global LB,ws:Realtime gateway,stream:Processor,tsdb:Time series,cache:State cache,zk:Coordinator","client>gslb>ws>stream>tsdb,ws>cache"
"market-data-hascale","Market data feed — highly available","Finance & regulated","Market data feed","highly available","realtime","no","A firehose with no backpressure available to you.","Designed to survive a zone loss without a verdict change.","8","client:Client,gslb:Global LB,ws:Realtime gateway,stream:Processor,tsdb:Time series,cache:State cache,lb:Standby LB,sql:Replica","client>gslb>ws>stream>tsdb,ws>cache"
"risk-engine","Risk calculation","Finance & regulated","Risk calculation","base","batch","no","An overnight window with no room to run over.","The straightforward shape, sized for steady load.","6","scheduler:Scheduler,batch:Batch job,lake:Lake,etl:Transform,warehouse:Warehouse,blob:Object store","scheduler>batch>lake>etl>warehouse,batch>blob"
"risk-engine-regulated","Risk calculation — audited","Finance & regulated","Risk calculation","audited","batch","no","An overnight window with no room to run over.","Every mutation is evidence, and the audit path cannot be sampled.","9","scheduler:Scheduler,batch:Batch job,lake:Lake,etl:Transform,warehouse:Warehouse,blob:Object store,audit:Audit log,pii:PII vault,sign:Signer","scheduler>batch>lake>etl>warehouse,batch>blob"
"risk-engine-strict","Risk calculation — strictly consistent","Finance & regulated","Risk calculation","strictly consistent","batch","no","An overnight window with no room to run over.","No stale reads allowed, so the cache stops being a shock absorber.","7","scheduler:Scheduler,batch:Batch job,lake:Lake,etl:Transform,warehouse:Warehouse,blob:Object store,zk:Coordinator","scheduler>batch>lake>etl>warehouse,batch>blob"
"risk-engine-hascale","Risk calculation — highly available","Finance & regulated","Risk calculation","highly available","batch","no","An overnight window with no room to run over.","Designed to survive a zone loss without a verdict change.","8","scheduler:Scheduler,batch:Batch job,lake:Lake,etl:Transform,warehouse:Warehouse,blob:Object store,lb:Standby LB,sql:Replica","scheduler>batch>lake>etl>warehouse,batch>blob"
"reconciliation","Reconciliation","Finance & regulated","Reconciliation","base","batch","no","Two systems that must agree to the cent by morning.","The straightforward shape, sized for steady load.","6","scheduler:Scheduler,batch:Batch job,lake:Lake,etl:Transform,warehouse:Warehouse,blob:Object store","scheduler>batch>lake>etl>warehouse,batch>blob"
"reconciliation-regulated","Reconciliation — audited","Finance & regulated","Reconciliation","audited","batch","no","Two systems that must agree to the cent by morning.","Every mutation is evidence, and the audit path cannot be sampled.","9","scheduler:Scheduler,batch:Batch job,lake:Lake,etl:Transform,warehouse:Warehouse,blob:Object store,audit:Audit log,pii:PII vault,sign:Signer","scheduler>batch>lake>etl>warehouse,batch>blob"
"reconciliation-strict","Reconciliation — strictly consistent","Finance & regulated","Reconciliation","strictly consistent","batch","no","Two systems that must agree to the cent by morning.","No stale reads allowed, so the cache stops being a shock absorber.","7","scheduler:Scheduler,batch:Batch job,lake:Lake,etl:Transform,warehouse:Warehouse,blob:Object store,zk:Coordinator","scheduler>batch>lake>etl>warehouse,batch>blob"
"reconciliation-hascale","Reconciliation — highly available","Finance & regulated","Reconciliation","highly available","batch","no","Two systems that must agree to the cent by morning.","Designed to survive a zone loss without a verdict change.","8","scheduler:Scheduler,batch:Batch job,lake:Lake,etl:Transform,warehouse:Warehouse,blob:Object store,lb:Standby LB,sql:Replica","scheduler>batch>lake>etl>warehouse,batch>blob"
"regulatory-reporting","Regulatory reporting","Finance & regulated","Regulatory reporting","base","batch","no","A deadline with a statutory penalty behind it.","The straightforward shape, sized for steady load.","6","scheduler:Scheduler,batch:Batch job,lake:Lake,etl:Transform,warehouse:Warehouse,blob:Object store","scheduler>batch>lake>etl>warehouse,batch>blob"
"regulatory-reporting-regulated","Regulatory reporting — audited","Finance & regulated","Regulatory reporting","audited","batch","no","A deadline with a statutory penalty behind it.","Every mutation is evidence, and the audit path cannot be sampled.","9","scheduler:Scheduler,batch:Batch job,lake:Lake,etl:Transform,warehouse:Warehouse,blob:Object store,audit:Audit log,pii:PII vault,sign:Signer","scheduler>batch>lake>etl>warehouse,batch>blob"
"regulatory-reporting-strict","Regulatory reporting — strictly consistent","Finance & regulated","Regulatory reporting","strictly consistent","batch","no","A deadline with a statutory penalty behind it.","No stale reads allowed, so the cache stops being a shock absorber.","7","scheduler:Scheduler,batch:Batch job,lake:Lake,etl:Transform,warehouse:Warehouse,blob:Object store,zk:Coordinator","scheduler>batch>lake>etl>warehouse,batch>blob"
"regulatory-reporting-hascale","Regulatory reporting — highly available","Finance & regulated","Regulatory reporting","highly available","batch","no","A deadline with a statutory penalty behind it.","Designed to survive a zone loss without a verdict change.","8","scheduler:Scheduler,batch:Batch job,lake:Lake,etl:Transform,warehouse:Warehouse,blob:Object store,lb:Standby LB,sql:Replica","scheduler>batch>lake>etl>warehouse,batch>blob"
"statements","Statement generation","Finance & regulated","Statement generation","base","batch","no","A monthly spike of millions of documents.","The straightforward shape, sized for steady load.","6","scheduler:Scheduler,batch:Batch job,lake:Lake,etl:Transform,warehouse:Warehouse,blob:Object store","scheduler>batch>lake>etl>warehouse,batch>blob"
"statements-regulated","Statement generation — audited","Finance & regulated","Statement generation","audited","batch","no","A monthly spike of millions of documents.","Every mutation is evidence, and the audit path cannot be sampled.","9","scheduler:Scheduler,batch:Batch job,lake:Lake,etl:Transform,warehouse:Warehouse,blob:Object store,audit:Audit log,pii:PII vault,sign:Signer","scheduler>batch>lake>etl>warehouse,batch>blob"
"statements-strict","Statement generation — strictly consistent","Finance & regulated","Statement generation","strictly consistent","batch","no","A monthly spike of millions of documents.","No stale reads allowed, so the cache stops being a shock absorber.","7","scheduler:Scheduler,batch:Batch job,lake:Lake,etl:Transform,warehouse:Warehouse,blob:Object store,zk:Coordinator","scheduler>batch>lake>etl>warehouse,batch>blob"
"statements-hascale","Statement generation — highly available","Finance & regulated","Statement generation","highly available","batch","no","A monthly spike of millions of documents.","Designed to survive a zone loss without a verdict change.","8","scheduler:Scheduler,batch:Batch job,lake:Lake,etl:Transform,warehouse:Warehouse,blob:Object store,lb:Standby LB,sql:Replica","scheduler>batch>lake>etl>warehouse,batch>blob"
"loan-origination","Loan origination","Finance & regulated","Loan origination","base","integration","no","A workflow measured in days across a dozen systems.","The straightforward shape, sized for steady load.","7","partner:Partner,mft:File transfer,esb:Integration bus,app:Adapter,erp:ERP,sql:Staging DB,queue:Retry queue","partner>mft>esb>app>erp,app>sql,app>queue"
"loan-origination-regulated","Loan origination — audited","Finance & regulated","Loan origination","audited","integration","no","A workflow measured in days across a dozen systems.","Every mutation is evidence, and the audit path cannot be sampled.","10","partner:Partner,mft:File transfer,esb:Integration bus,app:Adapter,erp:ERP,sql:Staging DB,queue:Retry queue,audit:Audit log,pii:PII vault,sign:Signer","partner>mft>esb>app>erp,app>sql,app>queue"
"loan-origination-strict","Loan origination — strictly consistent","Finance & regulated","Loan origination","strictly consistent","integration","no","A workflow measured in days across a dozen systems.","No stale reads allowed, so the cache stops being a shock absorber.","8","partner:Partner,mft:File transfer,esb:Integration bus,app:Adapter,erp:ERP,sql:Staging DB,queue:Retry queue,zk:Coordinator","partner>mft>esb>app>erp,app>sql,app>queue"
"loan-origination-hascale","Loan origination — highly available","Finance & regulated","Loan origination","highly available","integration","no","A workflow measured in days across a dozen systems.","Designed to survive a zone loss without a verdict change.","9","partner:Partner,mft:File transfer,esb:Integration bus,app:Adapter,erp:ERP,sql:Staging DB,queue:Retry queue,lb:Standby LB,sql:Replica","partner>mft>esb>app>erp,app>sql,app>queue"
"credit-decisioning","Credit decisioning","Finance & regulated","Credit decisioning","base","inference","no","A model whose decisions must be explainable years later.","The straightforward shape, sized for steady load.","7","client:Client,gateway:API gateway,ratelimiter:Rate limiter,guard:Safety filter,llm:Model,vector:Vector store,cache:Response cache","client>gateway>ratelimiter>guard>llm,llm>vector,gateway>cache"
"credit-decisioning-regulated","Credit decisioning — audited","Finance & regulated","Credit decisioning","audited","inference","no","A model whose decisions must be explainable years later.","Every mutation is evidence, and the audit path cannot be sampled.","10","client:Client,gateway:API gateway,ratelimiter:Rate limiter,guard:Safety filter,llm:Model,vector:Vector store,cache:Response cache,audit:Audit log,pii:PII vault,sign:Signer","client>gateway>ratelimiter>guard>llm,llm>vector,gateway>cache"
"credit-decisioning-strict","Credit decisioning — strictly consistent","Finance & regulated","Credit decisioning","strictly consistent","inference","no","A model whose decisions must be explainable years later.","No stale reads allowed, so the cache stops being a shock absorber.","8","client:Client,gateway:API gateway,ratelimiter:Rate limiter,guard:Safety filter,llm:Model,vector:Vector store,cache:Response cache,zk:Coordinator","client>gateway>ratelimiter>guard>llm,llm>vector,gateway>cache"
"credit-decisioning-hascale","Credit decisioning — highly available","Finance & regulated","Credit decisioning","highly available","inference","no","A model whose decisions must be explainable years later.","Designed to survive a zone loss without a verdict change.","9","client:Client,gateway:API gateway,ratelimiter:Rate limiter,guard:Safety filter,llm:Model,vector:Vector store,cache:Response cache,lb:Standby LB,sql:Replica","client>gateway>ratelimiter>guard>llm,llm>vector,gateway>cache"
"insurance-claims","Claims processing","Finance & regulated","Claims processing","base","integration","no","Documents, humans and deadlines.","The straightforward shape, sized for steady load.","7","partner:Partner,mft:File transfer,esb:Integration bus,app:Adapter,erp:ERP,sql:Staging DB,queue:Retry queue","partner>mft>esb>app>erp,app>sql,app>queue"
"insurance-claims-regulated","Claims processing — audited","Finance & regulated","Claims processing","audited","integration","no","Documents, humans and deadlines.","Every mutation is evidence, and the audit path cannot be sampled.","10","partner:Partner,mft:File transfer,esb:Integration bus,app:Adapter,erp:ERP,sql:Staging DB,queue:Retry queue,audit:Audit log,pii:PII vault,sign:Signer","partner>mft>esb>app>erp,app>sql,app>queue"
"insurance-claims-strict","Claims processing — strictly consistent","Finance & regulated","Claims processing","strictly consistent","integration","no","Documents, humans and deadlines.","No stale reads allowed, so the cache stops being a shock absorber.","8","partner:Partner,mft:File transfer,esb:Integration bus,app:Adapter,erp:ERP,sql:Staging DB,queue:Retry queue,zk:Coordinator","partner>mft>esb>app>erp,app>sql,app>queue"
"insurance-claims-hascale","Claims processing — highly available","Finance & regulated","Claims processing","highly available","integration","no","Documents, humans and deadlines.","Designed to survive a zone loss without a verdict change.","9","partner:Partner,mft:File transfer,esb:Integration bus,app:Adapter,erp:ERP,sql:Staging DB,queue:Retry queue,lb:Standby LB,sql:Replica","partner>mft>esb>app>erp,app>sql,app>queue"
"policy-admin","Policy administration","Finance & regulated","Policy administration","base","txn","no","A system of record that predates the internet.","The straightforward shape, sized for steady load.","8","client:Client,waf:WAF,gateway:API gateway,app:Transaction API,ledger:Ledger,sql:Records DB,queue:Settlement queue,worker:Settler","client>waf>gateway>app,app>ledger,app>sql,app>queue>worker"
"policy-admin-regulated","Policy administration — audited","Finance & regulated","Policy administration","audited","txn","no","A system of record that predates the internet.","Every mutation is evidence, and the audit path cannot be sampled.","11","client:Client,waf:WAF,gateway:API gateway,app:Transaction API,ledger:Ledger,sql:Records DB,queue:Settlement queue,worker:Settler,audit:Audit log,pii:PII vault,sign:Signer","client>waf>gateway>app,app>ledger,app>sql,app>queue>worker"
"policy-admin-strict","Policy administration — strictly consistent","Finance & regulated","Policy administration","strictly consistent","txn","no","A system of record that predates the internet.","No stale reads allowed, so the cache stops being a shock absorber.","9","client:Client,waf:WAF,gateway:API gateway,app:Transaction API,ledger:Ledger,sql:Records DB,queue:Settlement queue,worker:Settler,zk:Coordinator","client>waf>gateway>app,app>ledger,app>sql,app>queue>worker"
"policy-admin-hascale","Policy administration — highly available","Finance & regulated","Policy administration","highly available","txn","no","A system of record that predates the internet.","Designed to survive a zone loss without a verdict change.","10","client:Client,waf:WAF,gateway:API gateway,app:Transaction API,ledger:Ledger,sql:Records DB,queue:Settlement queue,worker:Settler,lb:Standby LB,sql:Replica","client>waf>gateway>app,app>ledger,app>sql,app>queue>worker"
"treasury","Treasury management","Finance & regulated","Treasury management","base","batch","no","Small volume, enormous per-transaction value.","The straightforward shape, sized for steady load.","6","scheduler:Scheduler,batch:Batch job,lake:Lake,etl:Transform,warehouse:Warehouse,blob:Object store","scheduler>batch>lake>etl>warehouse,batch>blob"
"treasury-regulated","Treasury management — audited","Finance & regulated","Treasury management","audited","batch","no","Small volume, enormous per-transaction value.","Every mutation is evidence, and the audit path cannot be sampled.","9","scheduler:Scheduler,batch:Batch job,lake:Lake,etl:Transform,warehouse:Warehouse,blob:Object store,audit:Audit log,pii:PII vault,sign:Signer","scheduler>batch>lake>etl>warehouse,batch>blob"
"treasury-strict","Treasury management — strictly consistent","Finance & regulated","Treasury management","strictly consistent","batch","no","Small volume, enormous per-transaction value.","No stale reads allowed, so the cache stops being a shock absorber.","7","scheduler:Scheduler,batch:Batch job,lake:Lake,etl:Transform,warehouse:Warehouse,blob:Object store,zk:Coordinator","scheduler>batch>lake>etl>warehouse,batch>blob"
"treasury-hascale","Treasury management — highly available","Finance & regulated","Treasury management","highly available","batch","no","Small volume, enormous per-transaction value.","Designed to survive a zone loss without a verdict change.","8","scheduler:Scheduler,batch:Batch job,lake:Lake,etl:Transform,warehouse:Warehouse,blob:Object store,lb:Standby LB,sql:Replica","scheduler>batch>lake>etl>warehouse,batch>blob"
"crypto-custody","Digital asset custody","Finance & regulated","Digital asset custody","base","txn","no","Key operations that cannot be retried casually.","The straightforward shape, sized for steady load.","8","client:Client,waf:WAF,gateway:API gateway,app:Transaction API,ledger:Ledger,sql:Records DB,queue:Settlement queue,worker:Settler","client>waf>gateway>app,app>ledger,app>sql,app>queue>worker"
"crypto-custody-regulated","Digital asset custody — audited","Finance & regulated","Digital asset custody","audited","txn","no","Key operations that cannot be retried casually.","Every mutation is evidence, and the audit path cannot be sampled.","11","client:Client,waf:WAF,gateway:API gateway,app:Transaction API,ledger:Ledger,sql:Records DB,queue:Settlement queue,worker:Settler,audit:Audit log,pii:PII vault,sign:Signer","client>waf>gateway>app,app>ledger,app>sql,app>queue>worker"
"crypto-custody-strict","Digital asset custody — strictly consistent","Finance & regulated","Digital asset custody","strictly consistent","txn","no","Key operations that cannot be retried casually.","No stale reads allowed, so the cache stops being a shock absorber.","9","client:Client,waf:WAF,gateway:API gateway,app:Transaction API,ledger:Ledger,sql:Records DB,queue:Settlement queue,worker:Settler,zk:Coordinator","client>waf>gateway>app,app>ledger,app>sql,app>queue>worker"
"crypto-custody-hascale","Digital asset custody — highly available","Finance & regulated","Digital asset custody","highly available","txn","no","Key operations that cannot be retried casually.","Designed to survive a zone loss without a verdict change.","10","client:Client,waf:WAF,gateway:API gateway,app:Transaction API,ledger:Ledger,sql:Records DB,queue:Settlement queue,worker:Settler,lb:Standby LB,sql:Replica","client>waf>gateway>app,app>ledger,app>sql,app>queue>worker"
"tax-filing","Tax filing","Finance & regulated","Tax filing","base","txn","no","A year of load in one week.","The straightforward shape, sized for steady load.","8","client:Client,waf:WAF,gateway:API gateway,app:Transaction API,ledger:Ledger,sql:Records DB,queue:Settlement queue,worker:Settler","client>waf>gateway>app,app>ledger,app>sql,app>queue>worker"
"tax-filing-regulated","Tax filing — audited","Finance & regulated","Tax filing","audited","txn","no","A year of load in one week.","Every mutation is evidence, and the audit path cannot be sampled.","11","client:Client,waf:WAF,gateway:API gateway,app:Transaction API,ledger:Ledger,sql:Records DB,queue:Settlement queue,worker:Settler,audit:Audit log,pii:PII vault,sign:Signer","client>waf>gateway>app,app>ledger,app>sql,app>queue>worker"
"tax-filing-strict","Tax filing — strictly consistent","Finance & regulated","Tax filing","strictly consistent","txn","no","A year of load in one week.","No stale reads allowed, so the cache stops being a shock absorber.","9","client:Client,waf:WAF,gateway:API gateway,app:Transaction API,ledger:Ledger,sql:Records DB,queue:Settlement queue,worker:Settler,zk:Coordinator","client>waf>gateway>app,app>ledger,app>sql,app>queue>worker"
"tax-filing-hascale","Tax filing — highly available","Finance & regulated","Tax filing","highly available","txn","no","A year of load in one week.","Designed to survive a zone loss without a verdict change.","10","client:Client,waf:WAF,gateway:API gateway,app:Transaction API,ledger:Ledger,sql:Records DB,queue:Settlement queue,worker:Settler,lb:Standby LB,sql:Replica","client>waf>gateway>app,app>ledger,app>sql,app>queue>worker"
"payroll","Payroll","Finance & regulated","Payroll","base","batch","no","Wrong is unacceptable; late is nearly as bad.","The straightforward shape, sized for steady load.","6","scheduler:Scheduler,batch:Batch job,lake:Lake,etl:Transform,warehouse:Warehouse,blob:Object store","scheduler>batch>lake>etl>warehouse,batch>blob"
"payroll-regulated","Payroll — audited","Finance & regulated","Payroll","audited","batch","no","Wrong is unacceptable; late is nearly as bad.","Every mutation is evidence, and the audit path cannot be sampled.","9","scheduler:Scheduler,batch:Batch job,lake:Lake,etl:Transform,warehouse:Warehouse,blob:Object store,audit:Audit log,pii:PII vault,sign:Signer","scheduler>batch>lake>etl>warehouse,batch>blob"
"payroll-strict","Payroll — strictly consistent","Finance & regulated","Payroll","strictly consistent","batch","no","Wrong is unacceptable; late is nearly as bad.","No stale reads allowed, so the cache stops being a shock absorber.","7","scheduler:Scheduler,batch:Batch job,lake:Lake,etl:Transform,warehouse:Warehouse,blob:Object store,zk:Coordinator","scheduler>batch>lake>etl>warehouse,batch>blob"
"payroll-hascale","Payroll — highly available","Finance & regulated","Payroll","highly available","batch","no","Wrong is unacceptable; late is nearly as bad.","Designed to survive a zone loss without a verdict change.","8","scheduler:Scheduler,batch:Batch job,lake:Lake,etl:Transform,warehouse:Warehouse,blob:Object store,lb:Standby LB,sql:Replica","scheduler>batch>lake>etl>warehouse,batch>blob"
"healthcare-claims","Healthcare claims","Finance & regulated","Healthcare claims","base","integration","no","Regulated formats and partners with fax machines.","The straightforward shape, sized for steady load.","7","partner:Partner,mft:File transfer,esb:Integration bus,app:Adapter,erp:ERP,sql:Staging DB,queue:Retry queue","partner>mft>esb>app>erp,app>sql,app>queue"
"healthcare-claims-regulated","Healthcare claims — audited","Finance & regulated","Healthcare claims","audited","integration","no","Regulated formats and partners with fax machines.","Every mutation is evidence, and the audit path cannot be sampled.","10","partner:Partner,mft:File transfer,esb:Integration bus,app:Adapter,erp:ERP,sql:Staging DB,queue:Retry queue,audit:Audit log,pii:PII vault,sign:Signer","partner>mft>esb>app>erp,app>sql,app>queue"
"healthcare-claims-strict","Healthcare claims — strictly consistent","Finance & regulated","Healthcare claims","strictly consistent","integration","no","Regulated formats and partners with fax machines.","No stale reads allowed, so the cache stops being a shock absorber.","8","partner:Partner,mft:File transfer,esb:Integration bus,app:Adapter,erp:ERP,sql:Staging DB,queue:Retry queue,zk:Coordinator","partner>mft>esb>app>erp,app>sql,app>queue"
"healthcare-claims-hascale","Healthcare claims — highly available","Finance & regulated","Healthcare claims","highly available","integration","no","Regulated formats and partners with fax machines.","Designed to survive a zone loss without a verdict change.","9","partner:Partner,mft:File transfer,esb:Integration bus,app:Adapter,erp:ERP,sql:Staging DB,queue:Retry queue,lb:Standby LB,sql:Replica","partner>mft>esb>app>erp,app>sql,app>queue"
"ehr-integration","Clinical records integration","Finance & regulated","Clinical records integration","base","integration","no","Privacy rules that shape the architecture, not just the config.","The straightforward shape, sized for steady load.","7","partner:Partner,mft:File transfer,esb:Integration bus,app:Adapter,erp:ERP,sql:Staging DB,queue:Retry queue","partner>mft>esb>app>erp,app>sql,app>queue"
"ehr-integration-regulated","Clinical records integration — audited","Finance & regulated","Clinical records integration","audited","integration","no","Privacy rules that shape the architecture, not just the config.","Every mutation is evidence, and the audit path cannot be sampled.","10","partner:Partner,mft:File transfer,esb:Integration bus,app:Adapter,erp:ERP,sql:Staging DB,queue:Retry queue,audit:Audit log,pii:PII vault,sign:Signer","partner>mft>esb>app>erp,app>sql,app>queue"
"ehr-integration-strict","Clinical records integration — strictly consistent","Finance & regulated","Clinical records integration","strictly consistent","integration","no","Privacy rules that shape the architecture, not just the config.","No stale reads allowed, so the cache stops being a shock absorber.","8","partner:Partner,mft:File transfer,esb:Integration bus,app:Adapter,erp:ERP,sql:Staging DB,queue:Retry queue,zk:Coordinator","partner>mft>esb>app>erp,app>sql,app>queue"
"ehr-integration-hascale","Clinical records integration — highly available","Finance & regulated","Clinical records integration","highly available","integration","no","Privacy rules that shape the architecture, not just the config.","Designed to survive a zone loss without a verdict change.","9","partner:Partner,mft:File transfer,esb:Integration bus,app:Adapter,erp:ERP,sql:Staging DB,queue:Retry queue,lb:Standby LB,sql:Replica","partner>mft>esb>app>erp,app>sql,app>queue"
"pharmacy-orders","Pharmacy ordering","Finance & regulated","Pharmacy ordering","base","txn","no","Safety checks that cannot be made asynchronous.","The straightforward shape, sized for steady load.","8","client:Client,waf:WAF,gateway:API gateway,app:Transaction API,ledger:Ledger,sql:Records DB,queue:Settlement queue,worker:Settler","client>waf>gateway>app,app>ledger,app>sql,app>queue>worker"
"pharmacy-orders-regulated","Pharmacy ordering — audited","Finance & regulated","Pharmacy ordering","audited","txn","no","Safety checks that cannot be made asynchronous.","Every mutation is evidence, and the audit path cannot be sampled.","11","client:Client,waf:WAF,gateway:API gateway,app:Transaction API,ledger:Ledger,sql:Records DB,queue:Settlement queue,worker:Settler,audit:Audit log,pii:PII vault,sign:Signer","client>waf>gateway>app,app>ledger,app>sql,app>queue>worker"
"pharmacy-orders-strict","Pharmacy ordering — strictly consistent","Finance & regulated","Pharmacy ordering","strictly consistent","txn","no","Safety checks that cannot be made asynchronous.","No stale reads allowed, so the cache stops being a shock absorber.","9","client:Client,waf:WAF,gateway:API gateway,app:Transaction API,ledger:Ledger,sql:Records DB,queue:Settlement queue,worker:Settler,zk:Coordinator","client>waf>gateway>app,app>ledger,app>sql,app>queue>worker"
"pharmacy-orders-hascale","Pharmacy ordering — highly available","Finance & regulated","Pharmacy ordering","highly available","txn","no","Safety checks that cannot be made asynchronous.","Designed to survive a zone loss without a verdict change.","10","client:Client,waf:WAF,gateway:API gateway,app:Transaction API,ledger:Ledger,sql:Records DB,queue:Settlement queue,worker:Settler,lb:Standby LB,sql:Replica","client>waf>gateway>app,app>ledger,app>sql,app>queue>worker"
"gov-benefits","Benefits administration","Finance & regulated","Benefits administration","base","integration","no","Demand spikes with policy announcements.","The straightforward shape, sized for steady load.","7","partner:Partner,mft:File transfer,esb:Integration bus,app:Adapter,erp:ERP,sql:Staging DB,queue:Retry queue","partner>mft>esb>app>erp,app>sql,app>queue"
"gov-benefits-regulated","Benefits administration — audited","Finance & regulated","Benefits administration","audited","integration","no","Demand spikes with policy announcements.","Every mutation is evidence, and the audit path cannot be sampled.","10","partner:Partner,mft:File transfer,esb:Integration bus,app:Adapter,erp:ERP,sql:Staging DB,queue:Retry queue,audit:Audit log,pii:PII vault,sign:Signer","partner>mft>esb>app>erp,app>sql,app>queue"
"gov-benefits-strict","Benefits administration — strictly consistent","Finance & regulated","Benefits administration","strictly consistent","integration","no","Demand spikes with policy announcements.","No stale reads allowed, so the cache stops being a shock absorber.","8","partner:Partner,mft:File transfer,esb:Integration bus,app:Adapter,erp:ERP,sql:Staging DB,queue:Retry queue,zk:Coordinator","partner>mft>esb>app>erp,app>sql,app>queue"
"gov-benefits-hascale","Benefits administration — highly available","Finance & regulated","Benefits administration","highly available","integration","no","Demand spikes with policy announcements.","Designed to survive a zone loss without a verdict change.","9","partner:Partner,mft:File transfer,esb:Integration bus,app:Adapter,erp:ERP,sql:Staging DB,queue:Retry queue,lb:Standby LB,sql:Replica","partner>mft>esb>app>erp,app>sql,app>queue"
"audit-evidence","Audit evidence store","Finance & regulated","Audit evidence store","base","batch","no","Write once, retain for years, produce on demand.","The straightforward shape, sized for steady load.","6","scheduler:Scheduler,batch:Batch job,lake:Lake,etl:Transform,warehouse:Warehouse,blob:Object store","scheduler>batch>lake>etl>warehouse,batch>blob"
"audit-evidence-regulated","Audit evidence store — audited","Finance & regulated","Audit evidence store","audited","batch","no","Write once, retain for years, produce on demand.","Every mutation is evidence, and the audit path cannot be sampled.","9","scheduler:Scheduler,batch:Batch job,lake:Lake,etl:Transform,warehouse:Warehouse,blob:Object store,audit:Audit log,pii:PII vault,sign:Signer","scheduler>batch>lake>etl>warehouse,batch>blob"
"audit-evidence-strict","Audit evidence store — strictly consistent","Finance & regulated","Audit evidence store","strictly consistent","batch","no","Write once, retain for years, produce on demand.","No stale reads allowed, so the cache stops being a shock absorber.","7","scheduler:Scheduler,batch:Batch job,lake:Lake,etl:Transform,warehouse:Warehouse,blob:Object store,zk:Coordinator","scheduler>batch>lake>etl>warehouse,batch>blob"
"audit-evidence-hascale","Audit evidence store — highly available","Finance & regulated","Audit evidence store","highly available","batch","no","Write once, retain for years, produce on demand.","Designed to survive a zone loss without a verdict change.","8","scheduler:Scheduler,batch:Batch job,lake:Lake,etl:Transform,warehouse:Warehouse,blob:Object store,lb:Standby LB,sql:Replica","scheduler>batch>lake>etl>warehouse,batch>blob"
"sanctions-list","Sanctions screening","Finance & regulated","Sanctions screening","base","readheavy","no","A list that changes without notice and blocks everything.","The straightforward shape, sized for steady load.","7","client:Client,cdn:CDN,lb:Load balancer,app:App,cache:Cache,sql:Primary DB,search:Search","client>cdn>lb>app,app>cache,app>sql,app>search"
"sanctions-list-regulated","Sanctions screening — audited","Finance & regulated","Sanctions screening","audited","readheavy","no","A list that changes without notice and blocks everything.","Every mutation is evidence, and the audit path cannot be sampled.","10","client:Client,cdn:CDN,lb:Load balancer,app:App,cache:Cache,sql:Primary DB,search:Search,audit:Audit log,pii:PII vault,sign:Signer","client>cdn>lb>app,app>cache,app>sql,app>search"
"sanctions-list-strict","Sanctions screening — strictly consistent","Finance & regulated","Sanctions screening","strictly consistent","readheavy","no","A list that changes without notice and blocks everything.","No stale reads allowed, so the cache stops being a shock absorber.","8","client:Client,cdn:CDN,lb:Load balancer,app:App,cache:Cache,sql:Primary DB,search:Search,zk:Coordinator","client>cdn>lb>app,app>cache,app>sql,app>search"
"sanctions-list-hascale","Sanctions screening — highly available","Finance & regulated","Sanctions screening","highly available","readheavy","no","A list that changes without notice and blocks everything.","Designed to survive a zone loss without a verdict change.","9","client:Client,cdn:CDN,lb:Load balancer,app:App,cache:Cache,sql:Primary DB,search:Search,lb:Standby LB,sql:Replica","client>cdn>lb>app,app>cache,app>sql,app>search"
"fleet-tracking","Fleet tracking","IoT, mobility & realtime","Fleet tracking","base","edgeiot","no","Position updates from thousands of vehicles on flaky links.","The straightforward shape, sized for steady load.","7","client:Device,edge:Edge collector,mq:Broker,stream:Processor,tsdb:Time series,alert:Alerting,blob:Cold store","client>edge>mq>stream>tsdb,stream>alert,stream>blob"
"fleet-tracking-offline","Fleet tracking — offline-first","IoT, mobility & realtime","Fleet tracking","offline-first","edgeiot","no","Position updates from thousands of vehicles on flaky links.","Clients go dark for hours and reconcile on return.","9","client:Device,edge:Edge collector,mq:Broker,stream:Processor,tsdb:Time series,alert:Alerting,blob:Cold store,queue:Sync queue,worker:Reconciler","client>edge>mq>stream>tsdb,stream>alert,stream>blob"
"fleet-tracking-lowlatency","Fleet tracking — sub-100ms","IoT, mobility & realtime","Fleet tracking","sub-100ms","edgeiot","no","Position updates from thousands of vehicles on flaky links.","The budget is small enough that a single extra hop breaks it.","8","client:Device,edge:Edge collector,mq:Broker,stream:Processor,tsdb:Time series,alert:Alerting,blob:Cold store,edge:Edge compute","client>edge>mq>stream>tsdb,stream>alert,stream>blob"
"fleet-tracking-bursty","Fleet tracking — burst-tolerant","IoT, mobility & realtime","Fleet tracking","burst-tolerant","edgeiot","no","Position updates from thousands of vehicles on flaky links.","Load arrives in spikes 20× the mean; steady-state sizing is a trap.","9","client:Device,edge:Edge collector,mq:Broker,stream:Processor,tsdb:Time series,alert:Alerting,blob:Cold store,queue:Surge queue,ratelimiter:Rate limiter","client>edge>mq>stream>tsdb,stream>alert,stream>blob"
"ride-dispatch","Ride dispatch","IoT, mobility & realtime","Ride dispatch","base","realtime","no","Matching under a deadline, where a stale position is a wrong answer.","The straightforward shape, sized for steady load.","6","client:Client,gslb:Global LB,ws:Realtime gateway,stream:Processor,tsdb:Time series,cache:State cache","client>gslb>ws>stream>tsdb,ws>cache"
"ride-dispatch-offline","Ride dispatch — offline-first","IoT, mobility & realtime","Ride dispatch","offline-first","realtime","no","Matching under a deadline, where a stale position is a wrong answer.","Clients go dark for hours and reconcile on return.","8","client:Client,gslb:Global LB,ws:Realtime gateway,stream:Processor,tsdb:Time series,cache:State cache,queue:Sync queue,worker:Reconciler","client>gslb>ws>stream>tsdb,ws>cache"
"ride-dispatch-lowlatency","Ride dispatch — sub-100ms","IoT, mobility & realtime","Ride dispatch","sub-100ms","realtime","no","Matching under a deadline, where a stale position is a wrong answer.","The budget is small enough that a single extra hop breaks it.","7","client:Client,gslb:Global LB,ws:Realtime gateway,stream:Processor,tsdb:Time series,cache:State cache,edge:Edge compute","client>gslb>ws>stream>tsdb,ws>cache"
"ride-dispatch-bursty","Ride dispatch — burst-tolerant","IoT, mobility & realtime","Ride dispatch","burst-tolerant","realtime","no","Matching under a deadline, where a stale position is a wrong answer.","Load arrives in spikes 20× the mean; steady-state sizing is a trap.","8","client:Client,gslb:Global LB,ws:Realtime gateway,stream:Processor,tsdb:Time series,cache:State cache,queue:Surge queue,ratelimiter:Rate limiter","client>gslb>ws>stream>tsdb,ws>cache"
"delivery-routing","Delivery routing","IoT, mobility & realtime","Delivery routing","base","batch","no","An optimisation problem that grows superlinearly.","The straightforward shape, sized for steady load.","6","scheduler:Scheduler,batch:Batch job,lake:Lake,etl:Transform,warehouse:Warehouse,blob:Object store","scheduler>batch>lake>etl>warehouse,batch>blob"
"delivery-routing-offline","Delivery routing — offline-first","IoT, mobility & realtime","Delivery routing","offline-first","batch","no","An optimisation problem that grows superlinearly.","Clients go dark for hours and reconcile on return.","8","scheduler:Scheduler,batch:Batch job,lake:Lake,etl:Transform,warehouse:Warehouse,blob:Object store,queue:Sync queue,worker:Reconciler","scheduler>batch>lake>etl>warehouse,batch>blob"
"delivery-routing-lowlatency","Delivery routing — sub-100ms","IoT, mobility & realtime","Delivery routing","sub-100ms","batch","no","An optimisation problem that grows superlinearly.","The budget is small enough that a single extra hop breaks it.","7","scheduler:Scheduler,batch:Batch job,lake:Lake,etl:Transform,warehouse:Warehouse,blob:Object store,edge:Edge compute","scheduler>batch>lake>etl>warehouse,batch>blob"
"delivery-routing-bursty","Delivery routing — burst-tolerant","IoT, mobility & realtime","Delivery routing","burst-tolerant","batch","no","An optimisation problem that grows superlinearly.","Load arrives in spikes 20× the mean; steady-state sizing is a trap.","8","scheduler:Scheduler,batch:Batch job,lake:Lake,etl:Transform,warehouse:Warehouse,blob:Object store,queue:Surge queue,ratelimiter:Rate limiter","scheduler>batch>lake>etl>warehouse,batch>blob"
"smart-metering","Smart metering","IoT, mobility & realtime","Smart metering","base","edgeiot","no","Millions of devices reporting on the same schedule.","The straightforward shape, sized for steady load.","7","client:Device,edge:Edge collector,mq:Broker,stream:Processor,tsdb:Time series,alert:Alerting,blob:Cold store","client>edge>mq>stream>tsdb,stream>alert,stream>blob"
"smart-metering-offline","Smart metering — offline-first","IoT, mobility & realtime","Smart metering","offline-first","edgeiot","no","Millions of devices reporting on the same schedule.","Clients go dark for hours and reconcile on return.","9","client:Device,edge:Edge collector,mq:Broker,stream:Processor,tsdb:Time series,alert:Alerting,blob:Cold store,queue:Sync queue,worker:Reconciler","client>edge>mq>stream>tsdb,stream>alert,stream>blob"
"smart-metering-lowlatency","Smart metering — sub-100ms","IoT, mobility & realtime","Smart metering","sub-100ms","edgeiot","no","Millions of devices reporting on the same schedule.","The budget is small enough that a single extra hop breaks it.","8","client:Device,edge:Edge collector,mq:Broker,stream:Processor,tsdb:Time series,alert:Alerting,blob:Cold store,edge:Edge compute","client>edge>mq>stream>tsdb,stream>alert,stream>blob"
"smart-metering-bursty","Smart metering — burst-tolerant","IoT, mobility & realtime","Smart metering","burst-tolerant","edgeiot","no","Millions of devices reporting on the same schedule.","Load arrives in spikes 20× the mean; steady-state sizing is a trap.","9","client:Device,edge:Edge collector,mq:Broker,stream:Processor,tsdb:Time series,alert:Alerting,blob:Cold store,queue:Surge queue,ratelimiter:Rate limiter","client>edge>mq>stream>tsdb,stream>alert,stream>blob"
"building-automation","Building automation","IoT, mobility & realtime","Building automation","base","edgeiot","no","Control loops that must not wait for the cloud.","The straightforward shape, sized for steady load.","7","client:Device,edge:Edge collector,mq:Broker,stream:Processor,tsdb:Time series,alert:Alerting,blob:Cold store","client>edge>mq>stream>tsdb,stream>alert,stream>blob"
"building-automation-offline","Building automation — offline-first","IoT, mobility & realtime","Building automation","offline-first","edgeiot","no","Control loops that must not wait for the cloud.","Clients go dark for hours and reconcile on return.","9","client:Device,edge:Edge collector,mq:Broker,stream:Processor,tsdb:Time series,alert:Alerting,blob:Cold store,queue:Sync queue,worker:Reconciler","client>edge>mq>stream>tsdb,stream>alert,stream>blob"
"building-automation-lowlatency","Building automation — sub-100ms","IoT, mobility & realtime","Building automation","sub-100ms","edgeiot","no","Control loops that must not wait for the cloud.","The budget is small enough that a single extra hop breaks it.","8","client:Device,edge:Edge collector,mq:Broker,stream:Processor,tsdb:Time series,alert:Alerting,blob:Cold store,edge:Edge compute","client>edge>mq>stream>tsdb,stream>alert,stream>blob"
"building-automation-bursty","Building automation — burst-tolerant","IoT, mobility & realtime","Building automation","burst-tolerant","edgeiot","no","Control loops that must not wait for the cloud.","Load arrives in spikes 20× the mean; steady-state sizing is a trap.","9","client:Device,edge:Edge collector,mq:Broker,stream:Processor,tsdb:Time series,alert:Alerting,blob:Cold store,queue:Surge queue,ratelimiter:Rate limiter","client>edge>mq>stream>tsdb,stream>alert,stream>blob"
"industrial-scada","Industrial telemetry","IoT, mobility & realtime","Industrial telemetry","base","edgeiot","no","Networks that were never meant to reach the internet.","The straightforward shape, sized for steady load.","7","client:Device,edge:Edge collector,mq:Broker,stream:Processor,tsdb:Time series,alert:Alerting,blob:Cold store","client>edge>mq>stream>tsdb,stream>alert,stream>blob"
"industrial-scada-offline","Industrial telemetry — offline-first","IoT, mobility & realtime","Industrial telemetry","offline-first","edgeiot","no","Networks that were never meant to reach the internet.","Clients go dark for hours and reconcile on return.","9","client:Device,edge:Edge collector,mq:Broker,stream:Processor,tsdb:Time series,alert:Alerting,blob:Cold store,queue:Sync queue,worker:Reconciler","client>edge>mq>stream>tsdb,stream>alert,stream>blob"
"industrial-scada-lowlatency","Industrial telemetry — sub-100ms","IoT, mobility & realtime","Industrial telemetry","sub-100ms","edgeiot","no","Networks that were never meant to reach the internet.","The budget is small enough that a single extra hop breaks it.","8","client:Device,edge:Edge collector,mq:Broker,stream:Processor,tsdb:Time series,alert:Alerting,blob:Cold store,edge:Edge compute","client>edge>mq>stream>tsdb,stream>alert,stream>blob"
"industrial-scada-bursty","Industrial telemetry — burst-tolerant","IoT, mobility & realtime","Industrial telemetry","burst-tolerant","edgeiot","no","Networks that were never meant to reach the internet.","Load arrives in spikes 20× the mean; steady-state sizing is a trap.","9","client:Device,edge:Edge collector,mq:Broker,stream:Processor,tsdb:Time series,alert:Alerting,blob:Cold store,queue:Surge queue,ratelimiter:Rate limiter","client>edge>mq>stream>tsdb,stream>alert,stream>blob"
"predictive-maintenance","Predictive maintenance","IoT, mobility & realtime","Predictive maintenance","base","pipeline","no","Inference on a stream where the signal is rare.","The straightforward shape, sized for steady load.","7","client:Producer,kafka:Event log,stream:Stream processor,lake:Lake,etl:Transform,warehouse:Warehouse,bi:BI","client>kafka>stream>lake>etl>warehouse>bi"
"predictive-maintenance-offline","Predictive maintenance — offline-first","IoT, mobility & realtime","Predictive maintenance","offline-first","pipeline","no","Inference on a stream where the signal is rare.","Clients go dark for hours and reconcile on return.","9","client:Producer,kafka:Event log,stream:Stream processor,lake:Lake,etl:Transform,warehouse:Warehouse,bi:BI,queue:Sync queue,worker:Reconciler","client>kafka>stream>lake>etl>warehouse>bi"
"predictive-maintenance-lowlatency","Predictive maintenance — sub-100ms","IoT, mobility & realtime","Predictive maintenance","sub-100ms","pipeline","no","Inference on a stream where the signal is rare.","The budget is small enough that a single extra hop breaks it.","8","client:Producer,kafka:Event log,stream:Stream processor,lake:Lake,etl:Transform,warehouse:Warehouse,bi:BI,edge:Edge compute","client>kafka>stream>lake>etl>warehouse>bi"
"predictive-maintenance-bursty","Predictive maintenance — burst-tolerant","IoT, mobility & realtime","Predictive maintenance","burst-tolerant","pipeline","no","Inference on a stream where the signal is rare.","Load arrives in spikes 20× the mean; steady-state sizing is a trap.","9","client:Producer,kafka:Event log,stream:Stream processor,lake:Lake,etl:Transform,warehouse:Warehouse,bi:BI,queue:Surge queue,ratelimiter:Rate limiter","client>kafka>stream>lake>etl>warehouse>bi"
"connected-car","Connected vehicle platform","IoT, mobility & realtime","Connected vehicle platform","base","edgeiot","no","Intermittent connectivity and over-the-air updates.","The straightforward shape, sized for steady load.","7","client:Device,edge:Edge collector,mq:Broker,stream:Processor,tsdb:Time series,alert:Alerting,blob:Cold store","client>edge>mq>stream>tsdb,stream>alert,stream>blob"
"connected-car-offline","Connected vehicle platform — offline-first","IoT, mobility & realtime","Connected vehicle platform","offline-first","edgeiot","no","Intermittent connectivity and over-the-air updates.","Clients go dark for hours and reconcile on return.","9","client:Device,edge:Edge collector,mq:Broker,stream:Processor,tsdb:Time series,alert:Alerting,blob:Cold store,queue:Sync queue,worker:Reconciler","client>edge>mq>stream>tsdb,stream>alert,stream>blob"
"connected-car-lowlatency","Connected vehicle platform — sub-100ms","IoT, mobility & realtime","Connected vehicle platform","sub-100ms","edgeiot","no","Intermittent connectivity and over-the-air updates.","The budget is small enough that a single extra hop breaks it.","8","client:Device,edge:Edge collector,mq:Broker,stream:Processor,tsdb:Time series,alert:Alerting,blob:Cold store,edge:Edge compute","client>edge>mq>stream>tsdb,stream>alert,stream>blob"
"connected-car-bursty","Connected vehicle platform — burst-tolerant","IoT, mobility & realtime","Connected vehicle platform","burst-tolerant","edgeiot","no","Intermittent connectivity and over-the-air updates.","Load arrives in spikes 20× the mean; steady-state sizing is a trap.","9","client:Device,edge:Edge collector,mq:Broker,stream:Processor,tsdb:Time series,alert:Alerting,blob:Cold store,queue:Surge queue,ratelimiter:Rate limiter","client>edge>mq>stream>tsdb,stream>alert,stream>blob"
"ev-charging","EV charging network","IoT, mobility & realtime","EV charging network","base","edgeiot","no","Payment, telemetry and a physical device that can fail mid-session.","The straightforward shape, sized for steady load.","7","client:Device,edge:Edge collector,mq:Broker,stream:Processor,tsdb:Time series,alert:Alerting,blob:Cold store","client>edge>mq>stream>tsdb,stream>alert,stream>blob"
"ev-charging-offline","EV charging network — offline-first","IoT, mobility & realtime","EV charging network","offline-first","edgeiot","no","Payment, telemetry and a physical device that can fail mid-session.","Clients go dark for hours and reconcile on return.","9","client:Device,edge:Edge collector,mq:Broker,stream:Processor,tsdb:Time series,alert:Alerting,blob:Cold store,queue:Sync queue,worker:Reconciler","client>edge>mq>stream>tsdb,stream>alert,stream>blob"
"ev-charging-lowlatency","EV charging network — sub-100ms","IoT, mobility & realtime","EV charging network","sub-100ms","edgeiot","no","Payment, telemetry and a physical device that can fail mid-session.","The budget is small enough that a single extra hop breaks it.","8","client:Device,edge:Edge collector,mq:Broker,stream:Processor,tsdb:Time series,alert:Alerting,blob:Cold store,edge:Edge compute","client>edge>mq>stream>tsdb,stream>alert,stream>blob"
"ev-charging-bursty","EV charging network — burst-tolerant","IoT, mobility & realtime","EV charging network","burst-tolerant","edgeiot","no","Payment, telemetry and a physical device that can fail mid-session.","Load arrives in spikes 20× the mean; steady-state sizing is a trap.","9","client:Device,edge:Edge collector,mq:Broker,stream:Processor,tsdb:Time series,alert:Alerting,blob:Cold store,queue:Surge queue,ratelimiter:Rate limiter","client>edge>mq>stream>tsdb,stream>alert,stream>blob"
"asset-tracking","Asset tracking","IoT, mobility & realtime","Asset tracking","base","edgeiot","no","Low-power devices reporting rarely, in bursts.","The straightforward shape, sized for steady load.","7","client:Device,edge:Edge collector,mq:Broker,stream:Processor,tsdb:Time series,alert:Alerting,blob:Cold store","client>edge>mq>stream>tsdb,stream>alert,stream>blob"
"asset-tracking-offline","Asset tracking — offline-first","IoT, mobility & realtime","Asset tracking","offline-first","edgeiot","no","Low-power devices reporting rarely, in bursts.","Clients go dark for hours and reconcile on return.","9","client:Device,edge:Edge collector,mq:Broker,stream:Processor,tsdb:Time series,alert:Alerting,blob:Cold store,queue:Sync queue,worker:Reconciler","client>edge>mq>stream>tsdb,stream>alert,stream>blob"
"asset-tracking-lowlatency","Asset tracking — sub-100ms","IoT, mobility & realtime","Asset tracking","sub-100ms","edgeiot","no","Low-power devices reporting rarely, in bursts.","The budget is small enough that a single extra hop breaks it.","8","client:Device,edge:Edge collector,mq:Broker,stream:Processor,tsdb:Time series,alert:Alerting,blob:Cold store,edge:Edge compute","client>edge>mq>stream>tsdb,stream>alert,stream>blob"
"asset-tracking-bursty","Asset tracking — burst-tolerant","IoT, mobility & realtime","Asset tracking","burst-tolerant","edgeiot","no","Low-power devices reporting rarely, in bursts.","Load arrives in spikes 20× the mean; steady-state sizing is a trap.","9","client:Device,edge:Edge collector,mq:Broker,stream:Processor,tsdb:Time series,alert:Alerting,blob:Cold store,queue:Surge queue,ratelimiter:Rate limiter","client>edge>mq>stream>tsdb,stream>alert,stream>blob"
"drone-telemetry","Drone telemetry","IoT, mobility & realtime","Drone telemetry","base","realtime","no","A control path with a hard real-time budget.","The straightforward shape, sized for steady load.","6","client:Client,gslb:Global LB,ws:Realtime gateway,stream:Processor,tsdb:Time series,cache:State cache","client>gslb>ws>stream>tsdb,ws>cache"
"drone-telemetry-offline","Drone telemetry — offline-first","IoT, mobility & realtime","Drone telemetry","offline-first","realtime","no","A control path with a hard real-time budget.","Clients go dark for hours and reconcile on return.","8","client:Client,gslb:Global LB,ws:Realtime gateway,stream:Processor,tsdb:Time series,cache:State cache,queue:Sync queue,worker:Reconciler","client>gslb>ws>stream>tsdb,ws>cache"
"drone-telemetry-lowlatency","Drone telemetry — sub-100ms","IoT, mobility & realtime","Drone telemetry","sub-100ms","realtime","no","A control path with a hard real-time budget.","The budget is small enough that a single extra hop breaks it.","7","client:Client,gslb:Global LB,ws:Realtime gateway,stream:Processor,tsdb:Time series,cache:State cache,edge:Edge compute","client>gslb>ws>stream>tsdb,ws>cache"
"drone-telemetry-bursty","Drone telemetry — burst-tolerant","IoT, mobility & realtime","Drone telemetry","burst-tolerant","realtime","no","A control path with a hard real-time budget.","Load arrives in spikes 20× the mean; steady-state sizing is a trap.","8","client:Client,gslb:Global LB,ws:Realtime gateway,stream:Processor,tsdb:Time series,cache:State cache,queue:Surge queue,ratelimiter:Rate limiter","client>gslb>ws>stream>tsdb,ws>cache"
"warehouse-robotics","Warehouse robotics","IoT, mobility & realtime","Warehouse robotics","base","realtime","no","Coordination where latency becomes collisions.","The straightforward shape, sized for steady load.","6","client:Client,gslb:Global LB,ws:Realtime gateway,stream:Processor,tsdb:Time series,cache:State cache","client>gslb>ws>stream>tsdb,ws>cache"
"warehouse-robotics-offline","Warehouse robotics — offline-first","IoT, mobility & realtime","Warehouse robotics","offline-first","realtime","no","Coordination where latency becomes collisions.","Clients go dark for hours and reconcile on return.","8","client:Client,gslb:Global LB,ws:Realtime gateway,stream:Processor,tsdb:Time series,cache:State cache,queue:Sync queue,worker:Reconciler","client>gslb>ws>stream>tsdb,ws>cache"
"warehouse-robotics-lowlatency","Warehouse robotics — sub-100ms","IoT, mobility & realtime","Warehouse robotics","sub-100ms","realtime","no","Coordination where latency becomes collisions.","The budget is small enough that a single extra hop breaks it.","7","client:Client,gslb:Global LB,ws:Realtime gateway,stream:Processor,tsdb:Time series,cache:State cache,edge:Edge compute","client>gslb>ws>stream>tsdb,ws>cache"
"warehouse-robotics-bursty","Warehouse robotics — burst-tolerant","IoT, mobility & realtime","Warehouse robotics","burst-tolerant","realtime","no","Coordination where latency becomes collisions.","Load arrives in spikes 20× the mean; steady-state sizing is a trap.","8","client:Client,gslb:Global LB,ws:Realtime gateway,stream:Processor,tsdb:Time series,cache:State cache,queue:Surge queue,ratelimiter:Rate limiter","client>gslb>ws>stream>tsdb,ws>cache"
"traffic-signals","Traffic management","IoT, mobility & realtime","Traffic management","base","realtime","no","Local autonomy with central coordination.","The straightforward shape, sized for steady load.","6","client:Client,gslb:Global LB,ws:Realtime gateway,stream:Processor,tsdb:Time series,cache:State cache","client>gslb>ws>stream>tsdb,ws>cache"
"traffic-signals-offline","Traffic management — offline-first","IoT, mobility & realtime","Traffic management","offline-first","realtime","no","Local autonomy with central coordination.","Clients go dark for hours and reconcile on return.","8","client:Client,gslb:Global LB,ws:Realtime gateway,stream:Processor,tsdb:Time series,cache:State cache,queue:Sync queue,worker:Reconciler","client>gslb>ws>stream>tsdb,ws>cache"
"traffic-signals-lowlatency","Traffic management — sub-100ms","IoT, mobility & realtime","Traffic management","sub-100ms","realtime","no","Local autonomy with central coordination.","The budget is small enough that a single extra hop breaks it.","7","client:Client,gslb:Global LB,ws:Realtime gateway,stream:Processor,tsdb:Time series,cache:State cache,edge:Edge compute","client>gslb>ws>stream>tsdb,ws>cache"
"traffic-signals-bursty","Traffic management — burst-tolerant","IoT, mobility & realtime","Traffic management","burst-tolerant","realtime","no","Local autonomy with central coordination.","Load arrives in spikes 20× the mean; steady-state sizing is a trap.","8","client:Client,gslb:Global LB,ws:Realtime gateway,stream:Processor,tsdb:Time series,cache:State cache,queue:Surge queue,ratelimiter:Rate limiter","client>gslb>ws>stream>tsdb,ws>cache"
"weather-sensors","Environmental sensing","IoT, mobility & realtime","Environmental sensing","base","edgeiot","no","Cheap sensors, unreliable data, long retention.","The straightforward shape, sized for steady load.","7","client:Device,edge:Edge collector,mq:Broker,stream:Processor,tsdb:Time series,alert:Alerting,blob:Cold store","client>edge>mq>stream>tsdb,stream>alert,stream>blob"
"weather-sensors-offline","Environmental sensing — offline-first","IoT, mobility & realtime","Environmental sensing","offline-first","edgeiot","no","Cheap sensors, unreliable data, long retention.","Clients go dark for hours and reconcile on return.","9","client:Device,edge:Edge collector,mq:Broker,stream:Processor,tsdb:Time series,alert:Alerting,blob:Cold store,queue:Sync queue,worker:Reconciler","client>edge>mq>stream>tsdb,stream>alert,stream>blob"
"weather-sensors-lowlatency","Environmental sensing — sub-100ms","IoT, mobility & realtime","Environmental sensing","sub-100ms","edgeiot","no","Cheap sensors, unreliable data, long retention.","The budget is small enough that a single extra hop breaks it.","8","client:Device,edge:Edge collector,mq:Broker,stream:Processor,tsdb:Time series,alert:Alerting,blob:Cold store,edge:Edge compute","client>edge>mq>stream>tsdb,stream>alert,stream>blob"
"weather-sensors-bursty","Environmental sensing — burst-tolerant","IoT, mobility & realtime","Environmental sensing","burst-tolerant","edgeiot","no","Cheap sensors, unreliable data, long retention.","Load arrives in spikes 20× the mean; steady-state sizing is a trap.","9","client:Device,edge:Edge collector,mq:Broker,stream:Processor,tsdb:Time series,alert:Alerting,blob:Cold store,queue:Surge queue,ratelimiter:Rate limiter","client>edge>mq>stream>tsdb,stream>alert,stream>blob"
"wearables","Wearable health sync","IoT, mobility & realtime","Wearable health sync","base","edgeiot","no","Devices that sync in bursts when they find wifi.","The straightforward shape, sized for steady load.","7","client:Device,edge:Edge collector,mq:Broker,stream:Processor,tsdb:Time series,alert:Alerting,blob:Cold store","client>edge>mq>stream>tsdb,stream>alert,stream>blob"
"wearables-offline","Wearable health sync — offline-first","IoT, mobility & realtime","Wearable health sync","offline-first","edgeiot","no","Devices that sync in bursts when they find wifi.","Clients go dark for hours and reconcile on return.","9","client:Device,edge:Edge collector,mq:Broker,stream:Processor,tsdb:Time series,alert:Alerting,blob:Cold store,queue:Sync queue,worker:Reconciler","client>edge>mq>stream>tsdb,stream>alert,stream>blob"
"wearables-lowlatency","Wearable health sync — sub-100ms","IoT, mobility & realtime","Wearable health sync","sub-100ms","edgeiot","no","Devices that sync in bursts when they find wifi.","The budget is small enough that a single extra hop breaks it.","8","client:Device,edge:Edge collector,mq:Broker,stream:Processor,tsdb:Time series,alert:Alerting,blob:Cold store,edge:Edge compute","client>edge>mq>stream>tsdb,stream>alert,stream>blob"
"wearables-bursty","Wearable health sync — burst-tolerant","IoT, mobility & realtime","Wearable health sync","burst-tolerant","edgeiot","no","Devices that sync in bursts when they find wifi.","Load arrives in spikes 20× the mean; steady-state sizing is a trap.","9","client:Device,edge:Edge collector,mq:Broker,stream:Processor,tsdb:Time series,alert:Alerting,blob:Cold store,queue:Surge queue,ratelimiter:Rate limiter","client>edge>mq>stream>tsdb,stream>alert,stream>blob"
"gps-geofencing","Geofencing","IoT, mobility & realtime","Geofencing","base","realtime","no","A spatial query on every position update.","The straightforward shape, sized for steady load.","6","client:Client,gslb:Global LB,ws:Realtime gateway,stream:Processor,tsdb:Time series,cache:State cache","client>gslb>ws>stream>tsdb,ws>cache"
"gps-geofencing-offline","Geofencing — offline-first","IoT, mobility & realtime","Geofencing","offline-first","realtime","no","A spatial query on every position update.","Clients go dark for hours and reconcile on return.","8","client:Client,gslb:Global LB,ws:Realtime gateway,stream:Processor,tsdb:Time series,cache:State cache,queue:Sync queue,worker:Reconciler","client>gslb>ws>stream>tsdb,ws>cache"
"gps-geofencing-lowlatency","Geofencing — sub-100ms","IoT, mobility & realtime","Geofencing","sub-100ms","realtime","no","A spatial query on every position update.","The budget is small enough that a single extra hop breaks it.","7","client:Client,gslb:Global LB,ws:Realtime gateway,stream:Processor,tsdb:Time series,cache:State cache,edge:Edge compute","client>gslb>ws>stream>tsdb,ws>cache"
"gps-geofencing-bursty","Geofencing — burst-tolerant","IoT, mobility & realtime","Geofencing","burst-tolerant","realtime","no","A spatial query on every position update.","Load arrives in spikes 20× the mean; steady-state sizing is a trap.","8","client:Client,gslb:Global LB,ws:Realtime gateway,stream:Processor,tsdb:Time series,cache:State cache,queue:Surge queue,ratelimiter:Rate limiter","client>gslb>ws>stream>tsdb,ws>cache"
"transit-arrivals","Transit arrival prediction","IoT, mobility & realtime","Transit arrival prediction","base","realtime","no","Predictions read far more often than they change.","The straightforward shape, sized for steady load.","6","client:Client,gslb:Global LB,ws:Realtime gateway,stream:Processor,tsdb:Time series,cache:State cache","client>gslb>ws>stream>tsdb,ws>cache"
"transit-arrivals-offline","Transit arrival prediction — offline-first","IoT, mobility & realtime","Transit arrival prediction","offline-first","realtime","no","Predictions read far more often than they change.","Clients go dark for hours and reconcile on return.","8","client:Client,gslb:Global LB,ws:Realtime gateway,stream:Processor,tsdb:Time series,cache:State cache,queue:Sync queue,worker:Reconciler","client>gslb>ws>stream>tsdb,ws>cache"
"transit-arrivals-lowlatency","Transit arrival prediction — sub-100ms","IoT, mobility & realtime","Transit arrival prediction","sub-100ms","realtime","no","Predictions read far more often than they change.","The budget is small enough that a single extra hop breaks it.","7","client:Client,gslb:Global LB,ws:Realtime gateway,stream:Processor,tsdb:Time series,cache:State cache,edge:Edge compute","client>gslb>ws>stream>tsdb,ws>cache"
"transit-arrivals-bursty","Transit arrival prediction — burst-tolerant","IoT, mobility & realtime","Transit arrival prediction","burst-tolerant","realtime","no","Predictions read far more often than they change.","Load arrives in spikes 20× the mean; steady-state sizing is a trap.","8","client:Client,gslb:Global LB,ws:Realtime gateway,stream:Processor,tsdb:Time series,cache:State cache,queue:Surge queue,ratelimiter:Rate limiter","client>gslb>ws>stream>tsdb,ws>cache"
"parking","Parking availability","IoT, mobility & realtime","Parking availability","base","realtime","no","Staleness measured in seconds is already wrong.","The straightforward shape, sized for steady load.","6","client:Client,gslb:Global LB,ws:Realtime gateway,stream:Processor,tsdb:Time series,cache:State cache","client>gslb>ws>stream>tsdb,ws>cache"
"parking-offline","Parking availability — offline-first","IoT, mobility & realtime","Parking availability","offline-first","realtime","no","Staleness measured in seconds is already wrong.","Clients go dark for hours and reconcile on return.","8","client:Client,gslb:Global LB,ws:Realtime gateway,stream:Processor,tsdb:Time series,cache:State cache,queue:Sync queue,worker:Reconciler","client>gslb>ws>stream>tsdb,ws>cache"
"parking-lowlatency","Parking availability — sub-100ms","IoT, mobility & realtime","Parking availability","sub-100ms","realtime","no","Staleness measured in seconds is already wrong.","The budget is small enough that a single extra hop breaks it.","7","client:Client,gslb:Global LB,ws:Realtime gateway,stream:Processor,tsdb:Time series,cache:State cache,edge:Edge compute","client>gslb>ws>stream>tsdb,ws>cache"
"parking-bursty","Parking availability — burst-tolerant","IoT, mobility & realtime","Parking availability","burst-tolerant","realtime","no","Staleness measured in seconds is already wrong.","Load arrives in spikes 20× the mean; steady-state sizing is a trap.","8","client:Client,gslb:Global LB,ws:Realtime gateway,stream:Processor,tsdb:Time series,cache:State cache,queue:Surge queue,ratelimiter:Rate limiter","client>gslb>ws>stream>tsdb,ws>cache"
"cold-chain","Cold chain monitoring","IoT, mobility & realtime","Cold chain monitoring","base","edgeiot","no","An alert missed is inventory destroyed.","The straightforward shape, sized for steady load.","7","client:Device,edge:Edge collector,mq:Broker,stream:Processor,tsdb:Time series,alert:Alerting,blob:Cold store","client>edge>mq>stream>tsdb,stream>alert,stream>blob"
"cold-chain-offline","Cold chain monitoring — offline-first","IoT, mobility & realtime","Cold chain monitoring","offline-first","edgeiot","no","An alert missed is inventory destroyed.","Clients go dark for hours and reconcile on return.","9","client:Device,edge:Edge collector,mq:Broker,stream:Processor,tsdb:Time series,alert:Alerting,blob:Cold store,queue:Sync queue,worker:Reconciler","client>edge>mq>stream>tsdb,stream>alert,stream>blob"
"cold-chain-lowlatency","Cold chain monitoring — sub-100ms","IoT, mobility & realtime","Cold chain monitoring","sub-100ms","edgeiot","no","An alert missed is inventory destroyed.","The budget is small enough that a single extra hop breaks it.","8","client:Device,edge:Edge collector,mq:Broker,stream:Processor,tsdb:Time series,alert:Alerting,blob:Cold store,edge:Edge compute","client>edge>mq>stream>tsdb,stream>alert,stream>blob"
"cold-chain-bursty","Cold chain monitoring — burst-tolerant","IoT, mobility & realtime","Cold chain monitoring","burst-tolerant","edgeiot","no","An alert missed is inventory destroyed.","Load arrives in spikes 20× the mean; steady-state sizing is a trap.","9","client:Device,edge:Edge collector,mq:Broker,stream:Processor,tsdb:Time series,alert:Alerting,blob:Cold store,queue:Surge queue,ratelimiter:Rate limiter","client>edge>mq>stream>tsdb,stream>alert,stream>blob"
"smart-home","Smart home hub","IoT, mobility & realtime","Smart home hub","base","edgeiot","no","Must keep working when the internet does not.","The straightforward shape, sized for steady load.","7","client:Device,edge:Edge collector,mq:Broker,stream:Processor,tsdb:Time series,alert:Alerting,blob:Cold store","client>edge>mq>stream>tsdb,stream>alert,stream>blob"
"smart-home-offline","Smart home hub — offline-first","IoT, mobility & realtime","Smart home hub","offline-first","edgeiot","no","Must keep working when the internet does not.","Clients go dark for hours and reconcile on return.","9","client:Device,edge:Edge collector,mq:Broker,stream:Processor,tsdb:Time series,alert:Alerting,blob:Cold store,queue:Sync queue,worker:Reconciler","client>edge>mq>stream>tsdb,stream>alert,stream>blob"
"smart-home-lowlatency","Smart home hub — sub-100ms","IoT, mobility & realtime","Smart home hub","sub-100ms","edgeiot","no","Must keep working when the internet does not.","The budget is small enough that a single extra hop breaks it.","8","client:Device,edge:Edge collector,mq:Broker,stream:Processor,tsdb:Time series,alert:Alerting,blob:Cold store,edge:Edge compute","client>edge>mq>stream>tsdb,stream>alert,stream>blob"
"smart-home-bursty","Smart home hub — burst-tolerant","IoT, mobility & realtime","Smart home hub","burst-tolerant","edgeiot","no","Must keep working when the internet does not.","Load arrives in spikes 20× the mean; steady-state sizing is a trap.","9","client:Device,edge:Edge collector,mq:Broker,stream:Processor,tsdb:Time series,alert:Alerting,blob:Cold store,queue:Surge queue,ratelimiter:Rate limiter","client>edge>mq>stream>tsdb,stream>alert,stream>blob"
"multiplayer-game","Multiplayer game backend","IoT, mobility & realtime","Multiplayer game backend","base","realtime","no","Tick rate, not request rate.","The straightforward shape, sized for steady load.","6","client:Client,gslb:Global LB,ws:Realtime gateway,stream:Processor,tsdb:Time series,cache:State cache","client>gslb>ws>stream>tsdb,ws>cache"
"multiplayer-game-offline","Multiplayer game backend — offline-first","IoT, mobility & realtime","Multiplayer game backend","offline-first","realtime","no","Tick rate, not request rate.","Clients go dark for hours and reconcile on return.","8","client:Client,gslb:Global LB,ws:Realtime gateway,stream:Processor,tsdb:Time series,cache:State cache,queue:Sync queue,worker:Reconciler","client>gslb>ws>stream>tsdb,ws>cache"
"multiplayer-game-lowlatency","Multiplayer game backend — sub-100ms","IoT, mobility & realtime","Multiplayer game backend","sub-100ms","realtime","no","Tick rate, not request rate.","The budget is small enough that a single extra hop breaks it.","7","client:Client,gslb:Global LB,ws:Realtime gateway,stream:Processor,tsdb:Time series,cache:State cache,edge:Edge compute","client>gslb>ws>stream>tsdb,ws>cache"
"multiplayer-game-bursty","Multiplayer game backend — burst-tolerant","IoT, mobility & realtime","Multiplayer game backend","burst-tolerant","realtime","no","Tick rate, not request rate.","Load arrives in spikes 20× the mean; steady-state sizing is a trap.","8","client:Client,gslb:Global LB,ws:Realtime gateway,stream:Processor,tsdb:Time series,cache:State cache,queue:Surge queue,ratelimiter:Rate limiter","client>gslb>ws>stream>tsdb,ws>cache"
"matchmaking","Matchmaking service","IoT, mobility & realtime","Matchmaking service","base","realtime","no","Queue time is the player experience.","The straightforward shape, sized for steady load.","6","client:Client,gslb:Global LB,ws:Realtime gateway,stream:Processor,tsdb:Time series,cache:State cache","client>gslb>ws>stream>tsdb,ws>cache"
"matchmaking-offline","Matchmaking service — offline-first","IoT, mobility & realtime","Matchmaking service","offline-first","realtime","no","Queue time is the player experience.","Clients go dark for hours and reconcile on return.","8","client:Client,gslb:Global LB,ws:Realtime gateway,stream:Processor,tsdb:Time series,cache:State cache,queue:Sync queue,worker:Reconciler","client>gslb>ws>stream>tsdb,ws>cache"
"matchmaking-lowlatency","Matchmaking service — sub-100ms","IoT, mobility & realtime","Matchmaking service","sub-100ms","realtime","no","Queue time is the player experience.","The budget is small enough that a single extra hop breaks it.","7","client:Client,gslb:Global LB,ws:Realtime gateway,stream:Processor,tsdb:Time series,cache:State cache,edge:Edge compute","client>gslb>ws>stream>tsdb,ws>cache"
"matchmaking-bursty","Matchmaking service — burst-tolerant","IoT, mobility & realtime","Matchmaking service","burst-tolerant","realtime","no","Queue time is the player experience.","Load arrives in spikes 20× the mean; steady-state sizing is a trap.","8","client:Client,gslb:Global LB,ws:Realtime gateway,stream:Processor,tsdb:Time series,cache:State cache,queue:Surge queue,ratelimiter:Rate limiter","client>gslb>ws>stream>tsdb,ws>cache"
"leaderboards","Leaderboards","IoT, mobility & realtime","Leaderboards","base","writeheavy","no","A hot ranked structure everyone reads and writes.","The straightforward shape, sized for steady load.","8","client:Client,lb:Load balancer,gateway:API gateway,app:Write API,queue:Ingest queue,worker:Writer,sql:Primary DB,cache:Read cache","client>lb>gateway>app,app>queue>worker>sql,app>cache"
"leaderboards-offline","Leaderboards — offline-first","IoT, mobility & realtime","Leaderboards","offline-first","writeheavy","no","A hot ranked structure everyone reads and writes.","Clients go dark for hours and reconcile on return.","10","client:Client,lb:Load balancer,gateway:API gateway,app:Write API,queue:Ingest queue,worker:Writer,sql:Primary DB,cache:Read cache,queue:Sync queue,worker:Reconciler","client>lb>gateway>app,app>queue>worker>sql,app>cache"
"leaderboards-lowlatency","Leaderboards — sub-100ms","IoT, mobility & realtime","Leaderboards","sub-100ms","writeheavy","no","A hot ranked structure everyone reads and writes.","The budget is small enough that a single extra hop breaks it.","9","client:Client,lb:Load balancer,gateway:API gateway,app:Write API,queue:Ingest queue,worker:Writer,sql:Primary DB,cache:Read cache,edge:Edge compute","client>lb>gateway>app,app>queue>worker>sql,app>cache"
"leaderboards-bursty","Leaderboards — burst-tolerant","IoT, mobility & realtime","Leaderboards","burst-tolerant","writeheavy","no","A hot ranked structure everyone reads and writes.","Load arrives in spikes 20× the mean; steady-state sizing is a trap.","10","client:Client,lb:Load balancer,gateway:API gateway,app:Write API,queue:Ingest queue,worker:Writer,sql:Primary DB,cache:Read cache,queue:Surge queue,ratelimiter:Rate limiter","client>lb>gateway>app,app>queue>worker>sql,app>cache"
"voice-calling","Voice and video calling","IoT, mobility & realtime","Voice and video calling","base","realtime","no","Media paths that must not touch your servers if avoidable.","The straightforward shape, sized for steady load.","6","client:Client,gslb:Global LB,ws:Realtime gateway,stream:Processor,tsdb:Time series,cache:State cache","client>gslb>ws>stream>tsdb,ws>cache"
"voice-calling-offline","Voice and video calling — offline-first","IoT, mobility & realtime","Voice and video calling","offline-first","realtime","no","Media paths that must not touch your servers if avoidable.","Clients go dark for hours and reconcile on return.","8","client:Client,gslb:Global LB,ws:Realtime gateway,stream:Processor,tsdb:Time series,cache:State cache,queue:Sync queue,worker:Reconciler","client>gslb>ws>stream>tsdb,ws>cache"
"voice-calling-lowlatency","Voice and video calling — sub-100ms","IoT, mobility & realtime","Voice and video calling","sub-100ms","realtime","no","Media paths that must not touch your servers if avoidable.","The budget is small enough that a single extra hop breaks it.","7","client:Client,gslb:Global LB,ws:Realtime gateway,stream:Processor,tsdb:Time series,cache:State cache,edge:Edge compute","client>gslb>ws>stream>tsdb,ws>cache"
"voice-calling-bursty","Voice and video calling — burst-tolerant","IoT, mobility & realtime","Voice and video calling","burst-tolerant","realtime","no","Media paths that must not touch your servers if avoidable.","Load arrives in spikes 20× the mean; steady-state sizing is a trap.","8","client:Client,gslb:Global LB,ws:Realtime gateway,stream:Processor,tsdb:Time series,cache:State cache,queue:Surge queue,ratelimiter:Rate limiter","client>gslb>ws>stream>tsdb,ws>cache"
"collab-editing","Collaborative editing","IoT, mobility & realtime","Collaborative editing","base","realtime","no","Conflict resolution on every keystroke.","The straightforward shape, sized for steady load.","6","client:Client,gslb:Global LB,ws:Realtime gateway,stream:Processor,tsdb:Time series,cache:State cache","client>gslb>ws>stream>tsdb,ws>cache"
"collab-editing-offline","Collaborative editing — offline-first","IoT, mobility & realtime","Collaborative editing","offline-first","realtime","no","Conflict resolution on every keystroke.","Clients go dark for hours and reconcile on return.","8","client:Client,gslb:Global LB,ws:Realtime gateway,stream:Processor,tsdb:Time series,cache:State cache,queue:Sync queue,worker:Reconciler","client>gslb>ws>stream>tsdb,ws>cache"
"collab-editing-lowlatency","Collaborative editing — sub-100ms","IoT, mobility & realtime","Collaborative editing","sub-100ms","realtime","no","Conflict resolution on every keystroke.","The budget is small enough that a single extra hop breaks it.","7","client:Client,gslb:Global LB,ws:Realtime gateway,stream:Processor,tsdb:Time series,cache:State cache,edge:Edge compute","client>gslb>ws>stream>tsdb,ws>cache"
"collab-editing-bursty","Collaborative editing — burst-tolerant","IoT, mobility & realtime","Collaborative editing","burst-tolerant","realtime","no","Conflict resolution on every keystroke.","Load arrives in spikes 20× the mean; steady-state sizing is a trap.","8","client:Client,gslb:Global LB,ws:Realtime gateway,stream:Processor,tsdb:Time series,cache:State cache,queue:Surge queue,ratelimiter:Rate limiter","client>gslb>ws>stream>tsdb,ws>cache"
"erp-integration","ERP integration","Enterprise & integration","ERP integration","base","integration","no","The slow system on the far end sets the pace.","The straightforward shape, sized for steady load.","7","partner:Partner,mft:File transfer,esb:Integration bus,app:Adapter,erp:ERP,sql:Staging DB,queue:Retry queue","partner>mft>esb>app>erp,app>sql,app>queue"
"erp-integration-regulated","ERP integration — audited","Enterprise & integration","ERP integration","audited","integration","no","The slow system on the far end sets the pace.","Every mutation is evidence, and the audit path cannot be sampled.","10","partner:Partner,mft:File transfer,esb:Integration bus,app:Adapter,erp:ERP,sql:Staging DB,queue:Retry queue,audit:Audit log,pii:PII vault,sign:Signer","partner>mft>esb>app>erp,app>sql,app>queue"
"erp-integration-offline","ERP integration — offline-first","Enterprise & integration","ERP integration","offline-first","integration","no","The slow system on the far end sets the pace.","Clients go dark for hours and reconcile on return.","9","partner:Partner,mft:File transfer,esb:Integration bus,app:Adapter,erp:ERP,sql:Staging DB,queue:Retry queue,queue:Sync queue,worker:Reconciler","partner>mft>esb>app>erp,app>sql,app>queue"
"erp-integration-hascale","ERP integration — highly available","Enterprise & integration","ERP integration","highly available","integration","no","The slow system on the far end sets the pace.","Designed to survive a zone loss without a verdict change.","9","partner:Partner,mft:File transfer,esb:Integration bus,app:Adapter,erp:ERP,sql:Staging DB,queue:Retry queue,lb:Standby LB,sql:Replica","partner>mft>esb>app>erp,app>sql,app>queue"
"crm-sync","CRM synchronisation","Enterprise & integration","CRM synchronisation","base","integration","no","Bidirectional sync where both sides think they are authoritative.","The straightforward shape, sized for steady load.","7","partner:Partner,mft:File transfer,esb:Integration bus,app:Adapter,erp:ERP,sql:Staging DB,queue:Retry queue","partner>mft>esb>app>erp,app>sql,app>queue"
"crm-sync-regulated","CRM synchronisation — audited","Enterprise & integration","CRM synchronisation","audited","integration","no","Bidirectional sync where both sides think they are authoritative.","Every mutation is evidence, and the audit path cannot be sampled.","10","partner:Partner,mft:File transfer,esb:Integration bus,app:Adapter,erp:ERP,sql:Staging DB,queue:Retry queue,audit:Audit log,pii:PII vault,sign:Signer","partner>mft>esb>app>erp,app>sql,app>queue"
"crm-sync-offline","CRM synchronisation — offline-first","Enterprise & integration","CRM synchronisation","offline-first","integration","no","Bidirectional sync where both sides think they are authoritative.","Clients go dark for hours and reconcile on return.","9","partner:Partner,mft:File transfer,esb:Integration bus,app:Adapter,erp:ERP,sql:Staging DB,queue:Retry queue,queue:Sync queue,worker:Reconciler","partner>mft>esb>app>erp,app>sql,app>queue"
"crm-sync-hascale","CRM synchronisation — highly available","Enterprise & integration","CRM synchronisation","highly available","integration","no","Bidirectional sync where both sides think they are authoritative.","Designed to survive a zone loss without a verdict change.","9","partner:Partner,mft:File transfer,esb:Integration bus,app:Adapter,erp:ERP,sql:Staging DB,queue:Retry queue,lb:Standby LB,sql:Replica","partner>mft>esb>app>erp,app>sql,app>queue"
"mainframe-bridge","Mainframe bridge","Enterprise & integration","Mainframe bridge","base","integration","no","Fixed capacity you cannot buy more of.","The straightforward shape, sized for steady load.","7","partner:Partner,mft:File transfer,esb:Integration bus,app:Adapter,erp:ERP,sql:Staging DB,queue:Retry queue","partner>mft>esb>app>erp,app>sql,app>queue"
"mainframe-bridge-regulated","Mainframe bridge — audited","Enterprise & integration","Mainframe bridge","audited","integration","no","Fixed capacity you cannot buy more of.","Every mutation is evidence, and the audit path cannot be sampled.","10","partner:Partner,mft:File transfer,esb:Integration bus,app:Adapter,erp:ERP,sql:Staging DB,queue:Retry queue,audit:Audit log,pii:PII vault,sign:Signer","partner>mft>esb>app>erp,app>sql,app>queue"
"mainframe-bridge-offline","Mainframe bridge — offline-first","Enterprise & integration","Mainframe bridge","offline-first","integration","no","Fixed capacity you cannot buy more of.","Clients go dark for hours and reconcile on return.","9","partner:Partner,mft:File transfer,esb:Integration bus,app:Adapter,erp:ERP,sql:Staging DB,queue:Retry queue,queue:Sync queue,worker:Reconciler","partner>mft>esb>app>erp,app>sql,app>queue"
"mainframe-bridge-hascale","Mainframe bridge — highly available","Enterprise & integration","Mainframe bridge","highly available","integration","no","Fixed capacity you cannot buy more of.","Designed to survive a zone loss without a verdict change.","9","partner:Partner,mft:File transfer,esb:Integration bus,app:Adapter,erp:ERP,sql:Staging DB,queue:Retry queue,lb:Standby LB,sql:Replica","partner>mft>esb>app>erp,app>sql,app>queue"
"edi-partner","EDI partner exchange","Enterprise & integration","EDI partner exchange","base","integration","no","Formats older than the team maintaining them.","The straightforward shape, sized for steady load.","7","partner:Partner,mft:File transfer,esb:Integration bus,app:Adapter,erp:ERP,sql:Staging DB,queue:Retry queue","partner>mft>esb>app>erp,app>sql,app>queue"
"edi-partner-regulated","EDI partner exchange — audited","Enterprise & integration","EDI partner exchange","audited","integration","no","Formats older than the team maintaining them.","Every mutation is evidence, and the audit path cannot be sampled.","10","partner:Partner,mft:File transfer,esb:Integration bus,app:Adapter,erp:ERP,sql:Staging DB,queue:Retry queue,audit:Audit log,pii:PII vault,sign:Signer","partner>mft>esb>app>erp,app>sql,app>queue"
"edi-partner-offline","EDI partner exchange — offline-first","Enterprise & integration","EDI partner exchange","offline-first","integration","no","Formats older than the team maintaining them.","Clients go dark for hours and reconcile on return.","9","partner:Partner,mft:File transfer,esb:Integration bus,app:Adapter,erp:ERP,sql:Staging DB,queue:Retry queue,queue:Sync queue,worker:Reconciler","partner>mft>esb>app>erp,app>sql,app>queue"
"edi-partner-hascale","EDI partner exchange — highly available","Enterprise & integration","EDI partner exchange","highly available","integration","no","Formats older than the team maintaining them.","Designed to survive a zone loss without a verdict change.","9","partner:Partner,mft:File transfer,esb:Integration bus,app:Adapter,erp:ERP,sql:Staging DB,queue:Retry queue,lb:Standby LB,sql:Replica","partner>mft>esb>app>erp,app>sql,app>queue"
"b2b-onboarding","Partner onboarding","Enterprise & integration","Partner onboarding","base","integration","no","Every partner is slightly different, forever.","The straightforward shape, sized for steady load.","7","partner:Partner,mft:File transfer,esb:Integration bus,app:Adapter,erp:ERP,sql:Staging DB,queue:Retry queue","partner>mft>esb>app>erp,app>sql,app>queue"
"b2b-onboarding-regulated","Partner onboarding — audited","Enterprise & integration","Partner onboarding","audited","integration","no","Every partner is slightly different, forever.","Every mutation is evidence, and the audit path cannot be sampled.","10","partner:Partner,mft:File transfer,esb:Integration bus,app:Adapter,erp:ERP,sql:Staging DB,queue:Retry queue,audit:Audit log,pii:PII vault,sign:Signer","partner>mft>esb>app>erp,app>sql,app>queue"
"b2b-onboarding-offline","Partner onboarding — offline-first","Enterprise & integration","Partner onboarding","offline-first","integration","no","Every partner is slightly different, forever.","Clients go dark for hours and reconcile on return.","9","partner:Partner,mft:File transfer,esb:Integration bus,app:Adapter,erp:ERP,sql:Staging DB,queue:Retry queue,queue:Sync queue,worker:Reconciler","partner>mft>esb>app>erp,app>sql,app>queue"
"b2b-onboarding-hascale","Partner onboarding — highly available","Enterprise & integration","Partner onboarding","highly available","integration","no","Every partner is slightly different, forever.","Designed to survive a zone loss without a verdict change.","9","partner:Partner,mft:File transfer,esb:Integration bus,app:Adapter,erp:ERP,sql:Staging DB,queue:Retry queue,lb:Standby LB,sql:Replica","partner>mft>esb>app>erp,app>sql,app>queue"
"file-transfer","Managed file transfer","Enterprise & integration","Managed file transfer","base","media","no","Enormous files on a schedule, with receipts.","The straightforward shape, sized for steady load.","8","client:Client,cdn:CDN,gateway:API gateway,app:Catalog API,blob:Object store,transcode:Transcoder,queue:Job queue,sql:Metadata DB","client>cdn>gateway>app,app>sql,app>blob,app>queue>transcode>blob"
"file-transfer-regulated","Managed file transfer — audited","Enterprise & integration","Managed file transfer","audited","media","no","Enormous files on a schedule, with receipts.","Every mutation is evidence, and the audit path cannot be sampled.","11","client:Client,cdn:CDN,gateway:API gateway,app:Catalog API,blob:Object store,transcode:Transcoder,queue:Job queue,sql:Metadata DB,audit:Audit log,pii:PII vault,sign:Signer","client>cdn>gateway>app,app>sql,app>blob,app>queue>transcode>blob"
"file-transfer-offline","Managed file transfer — offline-first","Enterprise & integration","Managed file transfer","offline-first","media","no","Enormous files on a schedule, with receipts.","Clients go dark for hours and reconcile on return.","10","client:Client,cdn:CDN,gateway:API gateway,app:Catalog API,blob:Object store,transcode:Transcoder,queue:Job queue,sql:Metadata DB,queue:Sync queue,worker:Reconciler","client>cdn>gateway>app,app>sql,app>blob,app>queue>transcode>blob"
"file-transfer-hascale","Managed file transfer — highly available","Enterprise & integration","Managed file transfer","highly available","media","no","Enormous files on a schedule, with receipts.","Designed to survive a zone loss without a verdict change.","10","client:Client,cdn:CDN,gateway:API gateway,app:Catalog API,blob:Object store,transcode:Transcoder,queue:Job queue,sql:Metadata DB,lb:Standby LB,sql:Replica","client>cdn>gateway>app,app>sql,app>blob,app>queue>transcode>blob"
"document-management","Document management","Enterprise & integration","Document management","base","media","no","Storage that only grows and search that must stay fast.","The straightforward shape, sized for steady load.","8","client:Client,cdn:CDN,gateway:API gateway,app:Catalog API,blob:Object store,transcode:Transcoder,queue:Job queue,sql:Metadata DB","client>cdn>gateway>app,app>sql,app>blob,app>queue>transcode>blob"
"document-management-regulated","Document management — audited","Enterprise & integration","Document management","audited","media","no","Storage that only grows and search that must stay fast.","Every mutation is evidence, and the audit path cannot be sampled.","11","client:Client,cdn:CDN,gateway:API gateway,app:Catalog API,blob:Object store,transcode:Transcoder,queue:Job queue,sql:Metadata DB,audit:Audit log,pii:PII vault,sign:Signer","client>cdn>gateway>app,app>sql,app>blob,app>queue>transcode>blob"
"document-management-offline","Document management — offline-first","Enterprise & integration","Document management","offline-first","media","no","Storage that only grows and search that must stay fast.","Clients go dark for hours and reconcile on return.","10","client:Client,cdn:CDN,gateway:API gateway,app:Catalog API,blob:Object store,transcode:Transcoder,queue:Job queue,sql:Metadata DB,queue:Sync queue,worker:Reconciler","client>cdn>gateway>app,app>sql,app>blob,app>queue>transcode>blob"
"document-management-hascale","Document management — highly available","Enterprise & integration","Document management","highly available","media","no","Storage that only grows and search that must stay fast.","Designed to survive a zone loss without a verdict change.","10","client:Client,cdn:CDN,gateway:API gateway,app:Catalog API,blob:Object store,transcode:Transcoder,queue:Job queue,sql:Metadata DB,lb:Standby LB,sql:Replica","client>cdn>gateway>app,app>sql,app>blob,app>queue>transcode>blob"
"e-signature","E-signature workflow","Enterprise & integration","E-signature workflow","base","txn","no","Legally significant steps that must not be lost.","The straightforward shape, sized for steady load.","8","client:Client,waf:WAF,gateway:API gateway,app:Transaction API,ledger:Ledger,sql:Records DB,queue:Settlement queue,worker:Settler","client>waf>gateway>app,app>ledger,app>sql,app>queue>worker"
"e-signature-regulated","E-signature workflow — audited","Enterprise & integration","E-signature workflow","audited","txn","no","Legally significant steps that must not be lost.","Every mutation is evidence, and the audit path cannot be sampled.","11","client:Client,waf:WAF,gateway:API gateway,app:Transaction API,ledger:Ledger,sql:Records DB,queue:Settlement queue,worker:Settler,audit:Audit log,pii:PII vault,sign:Signer","client>waf>gateway>app,app>ledger,app>sql,app>queue>worker"
"e-signature-offline","E-signature workflow — offline-first","Enterprise & integration","E-signature workflow","offline-first","txn","no","Legally significant steps that must not be lost.","Clients go dark for hours and reconcile on return.","10","client:Client,waf:WAF,gateway:API gateway,app:Transaction API,ledger:Ledger,sql:Records DB,queue:Settlement queue,worker:Settler,queue:Sync queue,worker:Reconciler","client>waf>gateway>app,app>ledger,app>sql,app>queue>worker"
"e-signature-hascale","E-signature workflow — highly available","Enterprise & integration","E-signature workflow","highly available","txn","no","Legally significant steps that must not be lost.","Designed to survive a zone loss without a verdict change.","10","client:Client,waf:WAF,gateway:API gateway,app:Transaction API,ledger:Ledger,sql:Records DB,queue:Settlement queue,worker:Settler,lb:Standby LB,sql:Replica","client>waf>gateway>app,app>ledger,app>sql,app>queue>worker"
"contract-lifecycle","Contract lifecycle","Enterprise & integration","Contract lifecycle","base","integration","no","Long-running human workflows with deadlines.","The straightforward shape, sized for steady load.","7","partner:Partner,mft:File transfer,esb:Integration bus,app:Adapter,erp:ERP,sql:Staging DB,queue:Retry queue","partner>mft>esb>app>erp,app>sql,app>queue"
"contract-lifecycle-regulated","Contract lifecycle — audited","Enterprise & integration","Contract lifecycle","audited","integration","no","Long-running human workflows with deadlines.","Every mutation is evidence, and the audit path cannot be sampled.","10","partner:Partner,mft:File transfer,esb:Integration bus,app:Adapter,erp:ERP,sql:Staging DB,queue:Retry queue,audit:Audit log,pii:PII vault,sign:Signer","partner>mft>esb>app>erp,app>sql,app>queue"
"contract-lifecycle-offline","Contract lifecycle — offline-first","Enterprise & integration","Contract lifecycle","offline-first","integration","no","Long-running human workflows with deadlines.","Clients go dark for hours and reconcile on return.","9","partner:Partner,mft:File transfer,esb:Integration bus,app:Adapter,erp:ERP,sql:Staging DB,queue:Retry queue,queue:Sync queue,worker:Reconciler","partner>mft>esb>app>erp,app>sql,app>queue"
"contract-lifecycle-hascale","Contract lifecycle — highly available","Enterprise & integration","Contract lifecycle","highly available","integration","no","Long-running human workflows with deadlines.","Designed to survive a zone loss without a verdict change.","9","partner:Partner,mft:File transfer,esb:Integration bus,app:Adapter,erp:ERP,sql:Staging DB,queue:Retry queue,lb:Standby LB,sql:Replica","partner>mft>esb>app>erp,app>sql,app>queue"
"procurement","Procurement","Enterprise & integration","Procurement","base","integration","no","Approval chains measured in days.","The straightforward shape, sized for steady load.","7","partner:Partner,mft:File transfer,esb:Integration bus,app:Adapter,erp:ERP,sql:Staging DB,queue:Retry queue","partner>mft>esb>app>erp,app>sql,app>queue"
"procurement-regulated","Procurement — audited","Enterprise & integration","Procurement","audited","integration","no","Approval chains measured in days.","Every mutation is evidence, and the audit path cannot be sampled.","10","partner:Partner,mft:File transfer,esb:Integration bus,app:Adapter,erp:ERP,sql:Staging DB,queue:Retry queue,audit:Audit log,pii:PII vault,sign:Signer","partner>mft>esb>app>erp,app>sql,app>queue"
"procurement-offline","Procurement — offline-first","Enterprise & integration","Procurement","offline-first","integration","no","Approval chains measured in days.","Clients go dark for hours and reconcile on return.","9","partner:Partner,mft:File transfer,esb:Integration bus,app:Adapter,erp:ERP,sql:Staging DB,queue:Retry queue,queue:Sync queue,worker:Reconciler","partner>mft>esb>app>erp,app>sql,app>queue"
"procurement-hascale","Procurement — highly available","Enterprise & integration","Procurement","highly available","integration","no","Approval chains measured in days.","Designed to survive a zone loss without a verdict change.","9","partner:Partner,mft:File transfer,esb:Integration bus,app:Adapter,erp:ERP,sql:Staging DB,queue:Retry queue,lb:Standby LB,sql:Replica","partner>mft>esb>app>erp,app>sql,app>queue"
"hr-onboarding","HR onboarding","Enterprise & integration","HR onboarding","base","integration","no","A dozen systems provisioned in a fixed order.","The straightforward shape, sized for steady load.","7","partner:Partner,mft:File transfer,esb:Integration bus,app:Adapter,erp:ERP,sql:Staging DB,queue:Retry queue","partner>mft>esb>app>erp,app>sql,app>queue"
"hr-onboarding-regulated","HR onboarding — audited","Enterprise & integration","HR onboarding","audited","integration","no","A dozen systems provisioned in a fixed order.","Every mutation is evidence, and the audit path cannot be sampled.","10","partner:Partner,mft:File transfer,esb:Integration bus,app:Adapter,erp:ERP,sql:Staging DB,queue:Retry queue,audit:Audit log,pii:PII vault,sign:Signer","partner>mft>esb>app>erp,app>sql,app>queue"
"hr-onboarding-offline","HR onboarding — offline-first","Enterprise & integration","HR onboarding","offline-first","integration","no","A dozen systems provisioned in a fixed order.","Clients go dark for hours and reconcile on return.","9","partner:Partner,mft:File transfer,esb:Integration bus,app:Adapter,erp:ERP,sql:Staging DB,queue:Retry queue,queue:Sync queue,worker:Reconciler","partner>mft>esb>app>erp,app>sql,app>queue"
"hr-onboarding-hascale","HR onboarding — highly available","Enterprise & integration","HR onboarding","highly available","integration","no","A dozen systems provisioned in a fixed order.","Designed to survive a zone loss without a verdict change.","9","partner:Partner,mft:File transfer,esb:Integration bus,app:Adapter,erp:ERP,sql:Staging DB,queue:Retry queue,lb:Standby LB,sql:Replica","partner>mft>esb>app>erp,app>sql,app>queue"
"iam-provisioning","Identity provisioning","Enterprise & integration","Identity provisioning","base","integration","no","Deprovisioning failures are security incidents.","The straightforward shape, sized for steady load.","7","partner:Partner,mft:File transfer,esb:Integration bus,app:Adapter,erp:ERP,sql:Staging DB,queue:Retry queue","partner>mft>esb>app>erp,app>sql,app>queue"
"iam-provisioning-regulated","Identity provisioning — audited","Enterprise & integration","Identity provisioning","audited","integration","no","Deprovisioning failures are security incidents.","Every mutation is evidence, and the audit path cannot be sampled.","10","partner:Partner,mft:File transfer,esb:Integration bus,app:Adapter,erp:ERP,sql:Staging DB,queue:Retry queue,audit:Audit log,pii:PII vault,sign:Signer","partner>mft>esb>app>erp,app>sql,app>queue"
"iam-provisioning-offline","Identity provisioning — offline-first","Enterprise & integration","Identity provisioning","offline-first","integration","no","Deprovisioning failures are security incidents.","Clients go dark for hours and reconcile on return.","9","partner:Partner,mft:File transfer,esb:Integration bus,app:Adapter,erp:ERP,sql:Staging DB,queue:Retry queue,queue:Sync queue,worker:Reconciler","partner>mft>esb>app>erp,app>sql,app>queue"
"iam-provisioning-hascale","Identity provisioning — highly available","Enterprise & integration","Identity provisioning","highly available","integration","no","Deprovisioning failures are security incidents.","Designed to survive a zone loss without a verdict change.","9","partner:Partner,mft:File transfer,esb:Integration bus,app:Adapter,erp:ERP,sql:Staging DB,queue:Retry queue,lb:Standby LB,sql:Replica","partner>mft>esb>app>erp,app>sql,app>queue"
"ticketing","Service desk","Enterprise & integration","Service desk","base","writeheavy","no","Low volume, high visibility, endless integrations.","The straightforward shape, sized for steady load.","8","client:Client,lb:Load balancer,gateway:API gateway,app:Write API,queue:Ingest queue,worker:Writer,sql:Primary DB,cache:Read cache","client>lb>gateway>app,app>queue>worker>sql,app>cache"
"ticketing-regulated","Service desk — audited","Enterprise & integration","Service desk","audited","writeheavy","no","Low volume, high visibility, endless integrations.","Every mutation is evidence, and the audit path cannot be sampled.","11","client:Client,lb:Load balancer,gateway:API gateway,app:Write API,queue:Ingest queue,worker:Writer,sql:Primary DB,cache:Read cache,audit:Audit log,pii:PII vault,sign:Signer","client>lb>gateway>app,app>queue>worker>sql,app>cache"
"ticketing-offline","Service desk — offline-first","Enterprise & integration","Service desk","offline-first","writeheavy","no","Low volume, high visibility, endless integrations.","Clients go dark for hours and reconcile on return.","10","client:Client,lb:Load balancer,gateway:API gateway,app:Write API,queue:Ingest queue,worker:Writer,sql:Primary DB,cache:Read cache,queue:Sync queue,worker:Reconciler","client>lb>gateway>app,app>queue>worker>sql,app>cache"
"ticketing-hascale","Service desk — highly available","Enterprise & integration","Service desk","highly available","writeheavy","no","Low volume, high visibility, endless integrations.","Designed to survive a zone loss without a verdict change.","10","client:Client,lb:Load balancer,gateway:API gateway,app:Write API,queue:Ingest queue,worker:Writer,sql:Primary DB,cache:Read cache,lb:Standby LB,sql:Replica","client>lb>gateway>app,app>queue>worker>sql,app>cache"
"asset-management","IT asset management","Enterprise & integration","IT asset management","base","batch","no","Reconciling what you own against what is running.","The straightforward shape, sized for steady load.","6","scheduler:Scheduler,batch:Batch job,lake:Lake,etl:Transform,warehouse:Warehouse,blob:Object store","scheduler>batch>lake>etl>warehouse,batch>blob"
"asset-management-regulated","IT asset management — audited","Enterprise & integration","IT asset management","audited","batch","no","Reconciling what you own against what is running.","Every mutation is evidence, and the audit path cannot be sampled.","9","scheduler:Scheduler,batch:Batch job,lake:Lake,etl:Transform,warehouse:Warehouse,blob:Object store,audit:Audit log,pii:PII vault,sign:Signer","scheduler>batch>lake>etl>warehouse,batch>blob"
"asset-management-offline","IT asset management — offline-first","Enterprise & integration","IT asset management","offline-first","batch","no","Reconciling what you own against what is running.","Clients go dark for hours and reconcile on return.","8","scheduler:Scheduler,batch:Batch job,lake:Lake,etl:Transform,warehouse:Warehouse,blob:Object store,queue:Sync queue,worker:Reconciler","scheduler>batch>lake>etl>warehouse,batch>blob"
"asset-management-hascale","IT asset management — highly available","Enterprise & integration","IT asset management","highly available","batch","no","Reconciling what you own against what is running.","Designed to survive a zone loss without a verdict change.","8","scheduler:Scheduler,batch:Batch job,lake:Lake,etl:Transform,warehouse:Warehouse,blob:Object store,lb:Standby LB,sql:Replica","scheduler>batch>lake>etl>warehouse,batch>blob"
"warehouse-wms","Warehouse management","Enterprise & integration","Warehouse management","base","integration","no","Physical operations that will not wait for your API.","The straightforward shape, sized for steady load.","7","partner:Partner,mft:File transfer,esb:Integration bus,app:Adapter,erp:ERP,sql:Staging DB,queue:Retry queue","partner>mft>esb>app>erp,app>sql,app>queue"
"warehouse-wms-regulated","Warehouse management — audited","Enterprise & integration","Warehouse management","audited","integration","no","Physical operations that will not wait for your API.","Every mutation is evidence, and the audit path cannot be sampled.","10","partner:Partner,mft:File transfer,esb:Integration bus,app:Adapter,erp:ERP,sql:Staging DB,queue:Retry queue,audit:Audit log,pii:PII vault,sign:Signer","partner>mft>esb>app>erp,app>sql,app>queue"
"warehouse-wms-offline","Warehouse management — offline-first","Enterprise & integration","Warehouse management","offline-first","integration","no","Physical operations that will not wait for your API.","Clients go dark for hours and reconcile on return.","9","partner:Partner,mft:File transfer,esb:Integration bus,app:Adapter,erp:ERP,sql:Staging DB,queue:Retry queue,queue:Sync queue,worker:Reconciler","partner>mft>esb>app>erp,app>sql,app>queue"
"warehouse-wms-hascale","Warehouse management — highly available","Enterprise & integration","Warehouse management","highly available","integration","no","Physical operations that will not wait for your API.","Designed to survive a zone loss without a verdict change.","9","partner:Partner,mft:File transfer,esb:Integration bus,app:Adapter,erp:ERP,sql:Staging DB,queue:Retry queue,lb:Standby LB,sql:Replica","partner>mft>esb>app>erp,app>sql,app>queue"
"transport-tms","Transport management","Enterprise & integration","Transport management","base","integration","no","Carriers with wildly different interfaces.","The straightforward shape, sized for steady load.","7","partner:Partner,mft:File transfer,esb:Integration bus,app:Adapter,erp:ERP,sql:Staging DB,queue:Retry queue","partner>mft>esb>app>erp,app>sql,app>queue"
"transport-tms-regulated","Transport management — audited","Enterprise & integration","Transport management","audited","integration","no","Carriers with wildly different interfaces.","Every mutation is evidence, and the audit path cannot be sampled.","10","partner:Partner,mft:File transfer,esb:Integration bus,app:Adapter,erp:ERP,sql:Staging DB,queue:Retry queue,audit:Audit log,pii:PII vault,sign:Signer","partner>mft>esb>app>erp,app>sql,app>queue"
"transport-tms-offline","Transport management — offline-first","Enterprise & integration","Transport management","offline-first","integration","no","Carriers with wildly different interfaces.","Clients go dark for hours and reconcile on return.","9","partner:Partner,mft:File transfer,esb:Integration bus,app:Adapter,erp:ERP,sql:Staging DB,queue:Retry queue,queue:Sync queue,worker:Reconciler","partner>mft>esb>app>erp,app>sql,app>queue"
"transport-tms-hascale","Transport management — highly available","Enterprise & integration","Transport management","highly available","integration","no","Carriers with wildly different interfaces.","Designed to survive a zone loss without a verdict change.","9","partner:Partner,mft:File transfer,esb:Integration bus,app:Adapter,erp:ERP,sql:Staging DB,queue:Retry queue,lb:Standby LB,sql:Replica","partner>mft>esb>app>erp,app>sql,app>queue"
"supply-planning","Supply chain planning","Enterprise & integration","Supply chain planning","base","batch","no","An optimisation run that takes hours and must not be late.","The straightforward shape, sized for steady load.","6","scheduler:Scheduler,batch:Batch job,lake:Lake,etl:Transform,warehouse:Warehouse,blob:Object store","scheduler>batch>lake>etl>warehouse,batch>blob"
"supply-planning-regulated","Supply chain planning — audited","Enterprise & integration","Supply chain planning","audited","batch","no","An optimisation run that takes hours and must not be late.","Every mutation is evidence, and the audit path cannot be sampled.","9","scheduler:Scheduler,batch:Batch job,lake:Lake,etl:Transform,warehouse:Warehouse,blob:Object store,audit:Audit log,pii:PII vault,sign:Signer","scheduler>batch>lake>etl>warehouse,batch>blob"
"supply-planning-offline","Supply chain planning — offline-first","Enterprise & integration","Supply chain planning","offline-first","batch","no","An optimisation run that takes hours and must not be late.","Clients go dark for hours and reconcile on return.","8","scheduler:Scheduler,batch:Batch job,lake:Lake,etl:Transform,warehouse:Warehouse,blob:Object store,queue:Sync queue,worker:Reconciler","scheduler>batch>lake>etl>warehouse,batch>blob"
"supply-planning-hascale","Supply chain planning — highly available","Enterprise & integration","Supply chain planning","highly available","batch","no","An optimisation run that takes hours and must not be late.","Designed to survive a zone loss without a verdict change.","8","scheduler:Scheduler,batch:Batch job,lake:Lake,etl:Transform,warehouse:Warehouse,blob:Object store,lb:Standby LB,sql:Replica","scheduler>batch>lake>etl>warehouse,batch>blob"
"mes-integration","Manufacturing execution","Enterprise & integration","Manufacturing execution","base","edgeiot","no","A factory floor that keeps running when IT does not.","The straightforward shape, sized for steady load.","7","client:Device,edge:Edge collector,mq:Broker,stream:Processor,tsdb:Time series,alert:Alerting,blob:Cold store","client>edge>mq>stream>tsdb,stream>alert,stream>blob"
"mes-integration-regulated","Manufacturing execution — audited","Enterprise & integration","Manufacturing execution","audited","edgeiot","no","A factory floor that keeps running when IT does not.","Every mutation is evidence, and the audit path cannot be sampled.","10","client:Device,edge:Edge collector,mq:Broker,stream:Processor,tsdb:Time series,alert:Alerting,blob:Cold store,audit:Audit log,pii:PII vault,sign:Signer","client>edge>mq>stream>tsdb,stream>alert,stream>blob"
"mes-integration-offline","Manufacturing execution — offline-first","Enterprise & integration","Manufacturing execution","offline-first","edgeiot","no","A factory floor that keeps running when IT does not.","Clients go dark for hours and reconcile on return.","9","client:Device,edge:Edge collector,mq:Broker,stream:Processor,tsdb:Time series,alert:Alerting,blob:Cold store,queue:Sync queue,worker:Reconciler","client>edge>mq>stream>tsdb,stream>alert,stream>blob"
"mes-integration-hascale","Manufacturing execution — highly available","Enterprise & integration","Manufacturing execution","highly available","edgeiot","no","A factory floor that keeps running when IT does not.","Designed to survive a zone loss without a verdict change.","9","client:Device,edge:Edge collector,mq:Broker,stream:Processor,tsdb:Time series,alert:Alerting,blob:Cold store,lb:Standby LB,sql:Replica","client>edge>mq>stream>tsdb,stream>alert,stream>blob"
"quality-management","Quality management","Enterprise & integration","Quality management","base","integration","no","Evidence retained for the life of the product.","The straightforward shape, sized for steady load.","7","partner:Partner,mft:File transfer,esb:Integration bus,app:Adapter,erp:ERP,sql:Staging DB,queue:Retry queue","partner>mft>esb>app>erp,app>sql,app>queue"
"quality-management-regulated","Quality management — audited","Enterprise & integration","Quality management","audited","integration","no","Evidence retained for the life of the product.","Every mutation is evidence, and the audit path cannot be sampled.","10","partner:Partner,mft:File transfer,esb:Integration bus,app:Adapter,erp:ERP,sql:Staging DB,queue:Retry queue,audit:Audit log,pii:PII vault,sign:Signer","partner>mft>esb>app>erp,app>sql,app>queue"
"quality-management-offline","Quality management — offline-first","Enterprise & integration","Quality management","offline-first","integration","no","Evidence retained for the life of the product.","Clients go dark for hours and reconcile on return.","9","partner:Partner,mft:File transfer,esb:Integration bus,app:Adapter,erp:ERP,sql:Staging DB,queue:Retry queue,queue:Sync queue,worker:Reconciler","partner>mft>esb>app>erp,app>sql,app>queue"
"quality-management-hascale","Quality management — highly available","Enterprise & integration","Quality management","highly available","integration","no","Evidence retained for the life of the product.","Designed to survive a zone loss without a verdict change.","9","partner:Partner,mft:File transfer,esb:Integration bus,app:Adapter,erp:ERP,sql:Staging DB,queue:Retry queue,lb:Standby LB,sql:Replica","partner>mft>esb>app>erp,app>sql,app>queue"
"legal-hold","Legal hold and eDiscovery","Enterprise & integration","Legal hold and eDiscovery","base","batch","no","Searching everything you have ever stored, under deadline.","The straightforward shape, sized for steady load.","6","scheduler:Scheduler,batch:Batch job,lake:Lake,etl:Transform,warehouse:Warehouse,blob:Object store","scheduler>batch>lake>etl>warehouse,batch>blob"
"legal-hold-regulated","Legal hold and eDiscovery — audited","Enterprise & integration","Legal hold and eDiscovery","audited","batch","no","Searching everything you have ever stored, under deadline.","Every mutation is evidence, and the audit path cannot be sampled.","9","scheduler:Scheduler,batch:Batch job,lake:Lake,etl:Transform,warehouse:Warehouse,blob:Object store,audit:Audit log,pii:PII vault,sign:Signer","scheduler>batch>lake>etl>warehouse,batch>blob"
"legal-hold-offline","Legal hold and eDiscovery — offline-first","Enterprise & integration","Legal hold and eDiscovery","offline-first","batch","no","Searching everything you have ever stored, under deadline.","Clients go dark for hours and reconcile on return.","8","scheduler:Scheduler,batch:Batch job,lake:Lake,etl:Transform,warehouse:Warehouse,blob:Object store,queue:Sync queue,worker:Reconciler","scheduler>batch>lake>etl>warehouse,batch>blob"
"legal-hold-hascale","Legal hold and eDiscovery — highly available","Enterprise & integration","Legal hold and eDiscovery","highly available","batch","no","Searching everything you have ever stored, under deadline.","Designed to survive a zone loss without a verdict change.","8","scheduler:Scheduler,batch:Batch job,lake:Lake,etl:Transform,warehouse:Warehouse,blob:Object store,lb:Standby LB,sql:Replica","scheduler>batch>lake>etl>warehouse,batch>blob"
"data-residency","Data residency routing","Enterprise & integration","Data residency routing","base","fanout","no","Where data lives is a correctness constraint.","The straightforward shape, sized for steady load.","9","client:Client,cdn:CDN,gateway:API gateway,bff:BFF,micro:Service A,micro:Service B,micro:Service C,cache:Cache,sql:DB","client>cdn>gateway>bff,bff>micro,bff>micro,bff>micro,micro>cache,micro>sql"
"data-residency-regulated","Data residency routing — audited","Enterprise & integration","Data residency routing","audited","fanout","no","Where data lives is a correctness constraint.","Every mutation is evidence, and the audit path cannot be sampled.","12","client:Client,cdn:CDN,gateway:API gateway,bff:BFF,micro:Service A,micro:Service B,micro:Service C,cache:Cache,sql:DB,audit:Audit log,pii:PII vault,sign:Signer","client>cdn>gateway>bff,bff>micro,bff>micro,bff>micro,micro>cache,micro>sql"
"data-residency-offline","Data residency routing — offline-first","Enterprise & integration","Data residency routing","offline-first","fanout","no","Where data lives is a correctness constraint.","Clients go dark for hours and reconcile on return.","11","client:Client,cdn:CDN,gateway:API gateway,bff:BFF,micro:Service A,micro:Service B,micro:Service C,cache:Cache,sql:DB,queue:Sync queue,worker:Reconciler","client>cdn>gateway>bff,bff>micro,bff>micro,bff>micro,micro>cache,micro>sql"
"data-residency-hascale","Data residency routing — highly available","Enterprise & integration","Data residency routing","highly available","fanout","no","Where data lives is a correctness constraint.","Designed to survive a zone loss without a verdict change.","11","client:Client,cdn:CDN,gateway:API gateway,bff:BFF,micro:Service A,micro:Service B,micro:Service C,cache:Cache,sql:DB,lb:Standby LB,sql:Replica","client>cdn>gateway>bff,bff>micro,bff>micro,bff>micro,micro>cache,micro>sql"
"sso-federation","Enterprise SSO federation","Enterprise & integration","Enterprise SSO federation","base","txn","no","Every customer’s identity provider is a dependency.","The straightforward shape, sized for steady load.","8","client:Client,waf:WAF,gateway:API gateway,app:Transaction API,ledger:Ledger,sql:Records DB,queue:Settlement queue,worker:Settler","client>waf>gateway>app,app>ledger,app>sql,app>queue>worker"
"sso-federation-regulated","Enterprise SSO federation — audited","Enterprise & integration","Enterprise SSO federation","audited","txn","no","Every customer’s identity provider is a dependency.","Every mutation is evidence, and the audit path cannot be sampled.","11","client:Client,waf:WAF,gateway:API gateway,app:Transaction API,ledger:Ledger,sql:Records DB,queue:Settlement queue,worker:Settler,audit:Audit log,pii:PII vault,sign:Signer","client>waf>gateway>app,app>ledger,app>sql,app>queue>worker"
"sso-federation-offline","Enterprise SSO federation — offline-first","Enterprise & integration","Enterprise SSO federation","offline-first","txn","no","Every customer’s identity provider is a dependency.","Clients go dark for hours and reconcile on return.","10","client:Client,waf:WAF,gateway:API gateway,app:Transaction API,ledger:Ledger,sql:Records DB,queue:Settlement queue,worker:Settler,queue:Sync queue,worker:Reconciler","client>waf>gateway>app,app>ledger,app>sql,app>queue>worker"
"sso-federation-hascale","Enterprise SSO federation — highly available","Enterprise & integration","Enterprise SSO federation","highly available","txn","no","Every customer’s identity provider is a dependency.","Designed to survive a zone loss without a verdict change.","10","client:Client,waf:WAF,gateway:API gateway,app:Transaction API,ledger:Ledger,sql:Records DB,queue:Settlement queue,worker:Settler,lb:Standby LB,sql:Replica","client>waf>gateway>app,app>ledger,app>sql,app>queue>worker"
"api-versioning","API version gateway","Enterprise & integration","API version gateway","base","fanout","no","Six live versions of the same contract.","The straightforward shape, sized for steady load.","9","client:Client,cdn:CDN,gateway:API gateway,bff:BFF,micro:Service A,micro:Service B,micro:Service C,cache:Cache,sql:DB","client>cdn>gateway>bff,bff>micro,bff>micro,bff>micro,micro>cache,micro>sql"
"api-versioning-regulated","API version gateway — audited","Enterprise & integration","API version gateway","audited","fanout","no","Six live versions of the same contract.","Every mutation is evidence, and the audit path cannot be sampled.","12","client:Client,cdn:CDN,gateway:API gateway,bff:BFF,micro:Service A,micro:Service B,micro:Service C,cache:Cache,sql:DB,audit:Audit log,pii:PII vault,sign:Signer","client>cdn>gateway>bff,bff>micro,bff>micro,bff>micro,micro>cache,micro>sql"
"api-versioning-offline","API version gateway — offline-first","Enterprise & integration","API version gateway","offline-first","fanout","no","Six live versions of the same contract.","Clients go dark for hours and reconcile on return.","11","client:Client,cdn:CDN,gateway:API gateway,bff:BFF,micro:Service A,micro:Service B,micro:Service C,cache:Cache,sql:DB,queue:Sync queue,worker:Reconciler","client>cdn>gateway>bff,bff>micro,bff>micro,bff>micro,micro>cache,micro>sql"
"api-versioning-hascale","API version gateway — highly available","Enterprise & integration","API version gateway","highly available","fanout","no","Six live versions of the same contract.","Designed to survive a zone loss without a verdict change.","11","client:Client,cdn:CDN,gateway:API gateway,bff:BFF,micro:Service A,micro:Service B,micro:Service C,cache:Cache,sql:DB,lb:Standby LB,sql:Replica","client>cdn>gateway>bff,bff>micro,bff>micro,bff>micro,micro>cache,micro>sql"
"saas-connector","SaaS connector hub","Enterprise & integration","SaaS connector hub","base","integration","no","Rate limits you do not control on APIs that change without notice.","The straightforward shape, sized for steady load.","7","partner:Partner,mft:File transfer,esb:Integration bus,app:Adapter,erp:ERP,sql:Staging DB,queue:Retry queue","partner>mft>esb>app>erp,app>sql,app>queue"
"saas-connector-regulated","SaaS connector hub — audited","Enterprise & integration","SaaS connector hub","audited","integration","no","Rate limits you do not control on APIs that change without notice.","Every mutation is evidence, and the audit path cannot be sampled.","10","partner:Partner,mft:File transfer,esb:Integration bus,app:Adapter,erp:ERP,sql:Staging DB,queue:Retry queue,audit:Audit log,pii:PII vault,sign:Signer","partner>mft>esb>app>erp,app>sql,app>queue"
"saas-connector-offline","SaaS connector hub — offline-first","Enterprise & integration","SaaS connector hub","offline-first","integration","no","Rate limits you do not control on APIs that change without notice.","Clients go dark for hours and reconcile on return.","9","partner:Partner,mft:File transfer,esb:Integration bus,app:Adapter,erp:ERP,sql:Staging DB,queue:Retry queue,queue:Sync queue,worker:Reconciler","partner>mft>esb>app>erp,app>sql,app>queue"
"saas-connector-hascale","SaaS connector hub — highly available","Enterprise & integration","SaaS connector hub","highly available","integration","no","Rate limits you do not control on APIs that change without notice.","Designed to survive a zone loss without a verdict change.","9","partner:Partner,mft:File transfer,esb:Integration bus,app:Adapter,erp:ERP,sql:Staging DB,queue:Retry queue,lb:Standby LB,sql:Replica","partner>mft>esb>app>erp,app>sql,app>queue"
"migration-dualwrite","Migration dual-write","Enterprise & integration","Migration dual-write","base","writeheavy","no","Two systems of record, temporarily, which is always longer than planned.","The straightforward shape, sized for steady load.","8","client:Client,lb:Load balancer,gateway:API gateway,app:Write API,queue:Ingest queue,worker:Writer,sql:Primary DB,cache:Read cache","client>lb>gateway>app,app>queue>worker>sql,app>cache"
"migration-dualwrite-regulated","Migration dual-write — audited","Enterprise & integration","Migration dual-write","audited","writeheavy","no","Two systems of record, temporarily, which is always longer than planned.","Every mutation is evidence, and the audit path cannot be sampled.","11","client:Client,lb:Load balancer,gateway:API gateway,app:Write API,queue:Ingest queue,worker:Writer,sql:Primary DB,cache:Read cache,audit:Audit log,pii:PII vault,sign:Signer","client>lb>gateway>app,app>queue>worker>sql,app>cache"
"migration-dualwrite-offline","Migration dual-write — offline-first","Enterprise & integration","Migration dual-write","offline-first","writeheavy","no","Two systems of record, temporarily, which is always longer than planned.","Clients go dark for hours and reconcile on return.","10","client:Client,lb:Load balancer,gateway:API gateway,app:Write API,queue:Ingest queue,worker:Writer,sql:Primary DB,cache:Read cache,queue:Sync queue,worker:Reconciler","client>lb>gateway>app,app>queue>worker>sql,app>cache"
"migration-dualwrite-hascale","Migration dual-write — highly available","Enterprise & integration","Migration dual-write","highly available","writeheavy","no","Two systems of record, temporarily, which is always longer than planned.","Designed to survive a zone loss without a verdict change.","10","client:Client,lb:Load balancer,gateway:API gateway,app:Write API,queue:Ingest queue,worker:Writer,sql:Primary DB,cache:Read cache,lb:Standby LB,sql:Replica","client>lb>gateway>app,app>queue>worker>sql,app>cache"
